datetime,value,status
11/11/24 23:15,0.373,W
11/11/24 23:30,0.265,W
11/11/24 23:45,0.259,W
11/12/24 0:00,0.263,W
11/12/24 0:15,0.227,W
11/12/24 0:30,0.237,W
11/12/24 0:45,0.216,W
11/12/24 1:00,0.221,W
11/12/24 1:15,0.217,W
11/12/24 1:30,0.21,W
11/12/24 1:45,0.257,W
11/12/24 2:00,0.275,W
11/12/24 2:15,0.238,W
11/12/24 2:30,0.225,W
11/12/24 2:45,0.239,W
11/12/24 3:00,0.241,W
11/12/24 3:15,0.219,W
11/12/24 3:30,0.243,W
11/12/24 3:45,0.27,W
11/12/24 4:00,0.217,W
11/12/24 4:15,0.222,W
11/12/24 4:30,0.277,W
11/12/24 4:45,0.229,W
11/12/24 5:00,0.22,W
11/12/24 5:15,0.179,W
11/12/24 5:30,0.111,W
11/12/24 5:45,0.097,W
11/12/24 6:00,0.136,W
11/12/24 6:15,0.118,W
11/12/24 6:30,0.092,W
11/12/24 6:45,0.096,W
11/12/24 7:00,0.138,W
11/12/24 7:15,0.114,W
11/12/24 7:30,0.29,W
11/12/24 7:45,0.158,W
11/12/24 8:00,0.273,W
11/12/24 8:15,0.655,W
11/12/24 8:30,0.809,W
11/12/24 8:45,1.183,W
11/12/24 9:00,0.706,W
11/12/24 9:15,0.635,W
11/12/24 9:30,0.649,W
11/12/24 9:45,0.676,W
11/12/24 10:00,0.671,W
11/12/24 10:15,0.486,W
11/12/24 10:30,0.169,W
11/12/24 10:45,0.194,W
11/12/24 11:00,0.129,W
11/12/24 11:15,0.248,W
11/12/24 11:30,0.388,W
11/12/24 11:45,0.287,W
11/12/24 12:00,0.19,W
11/12/24 12:15,0.272,W
11/12/24 12:30,0.641,W
11/12/24 12:45,0.658,W
11/12/24 13:00,0.638,W
11/12/24 13:15,0.617,W
11/12/24 13:30,0.339,W
11/12/24 13:45,0.165,W
11/12/24 14:00,0.132,W
11/12/24 14:15,0.144,W
11/12/24 14:30,0.144,W
11/12/24 14:45,0.128,W
11/12/24 15:00,0.143,W
11/12/24 15:15,0.173,W
11/12/24 15:30,0.214,W
11/12/24 15:45,0.347,W
11/12/24 16:00,0.426,W
11/12/24 16:15,0.429,W
11/12/24 16:30,0.549,W
11/12/24 16:45,0.351,W
11/12/24 17:00,0.361,W
11/12/24 17:15,0.338,W
11/12/24 17:30,0.68,W
11/12/24 17:45,0.983,W
11/12/24 18:00,0.697,W
11/12/24 18:15,0.651,W
11/12/24 18:30,0.618,W
11/12/24 18:45,0.473,W
11/12/24 19:00,0.778,W
11/12/24 19:15,0.693,W
11/12/24 19:30,0.417,W
11/12/24 19:45,0.42,W
11/12/24 20:00,0.385,W
11/12/24 20:15,0.343,W
11/12/24 20:30,0.308,W
11/12/24 20:45,0.342,W
11/12/24 21:00,0.328,W
11/12/24 21:15,0.312,W
11/12/24 21:30,0.354,W
11/12/24 21:45,0.605,W
11/12/24 22:00,0.99,W
11/12/24 22:15,0.99,W
11/12/24 22:30,0.703,W
11/12/24 22:45,0.693,W
11/12/24 23:00,0.663,W
11/12/24 23:15,0.586,W
11/12/24 23:30,0.631,W
11/12/24 23:45,0.645,W
11/13/24 0:00,0.623,W
11/13/24 0:15,0.599,W
11/13/24 0:30,0.664,W
11/13/24 0:45,0.79,W
11/13/24 1:00,0.33,W
11/13/24 1:15,0.139,W
11/13/24 1:30,0.124,W
11/13/24 1:45,0.103,W
11/13/24 2:00,0.12,W
11/13/24 2:15,0.124,W
11/13/24 2:30,0.092,W
11/13/24 2:45,0.095,W
11/13/24 3:00,0.236,W
11/13/24 3:15,0.233,W
11/13/24 3:30,0.224,W
11/13/24 3:45,0.255,W
11/13/24 4:00,0.255,W
11/13/24 4:15,0.238,W
11/13/24 4:30,0.218,W
11/13/24 4:45,0.223,W
11/13/24 5:00,0.227,W
11/13/24 5:15,0.245,W
11/13/24 5:30,0.207,W
11/13/24 5:45,0.241,W
11/13/24 6:00,0.327,W
11/13/24 6:15,0.232,W
11/13/24 6:30,0.236,W
11/13/24 6:45,0.241,W
11/13/24 7:00,0.248,W
11/13/24 7:15,0.228,W
11/13/24 7:30,0.383,W
11/13/24 7:45,0.266,W
11/13/24 8:00,0.266,W
11/13/24 8:15,0.487,W
11/13/24 8:30,0.558,W
11/13/24 8:45,0.609,W
11/13/24 9:00,0.496,W
11/13/24 9:15,0.29,W
11/13/24 9:30,0.293,W
11/13/24 9:45,0.307,W
11/13/24 10:00,0.294,W
11/13/24 10:15,0.234,W
11/13/24 10:30,0.233,W
11/13/24 10:45,0.243,W
11/13/24 11:00,0.331,W
11/13/24 11:15,0.212,W
11/13/24 11:30,0.341,W
11/13/24 11:45,0.35,W
11/13/24 12:00,0.44,W
11/13/24 12:15,0.41,W
11/13/24 12:30,0.313,W
11/13/24 12:45,0.489,W
11/13/24 13:00,0.356,W
11/13/24 13:15,0.29,W
11/13/24 13:30,0.239,W
11/13/24 13:45,0.276,W
11/13/24 14:00,0.288,W
11/13/24 14:15,0.527,W
11/13/24 14:30,0.722,W
11/13/24 14:45,0.292,W
11/13/24 15:00,0.324,W
11/13/24 15:15,0.325,W
11/13/24 15:30,0.277,W
11/13/24 15:45,0.266,W
11/13/24 16:00,0.315,W
11/13/24 16:15,0.284,W
11/13/24 16:30,0.318,W
11/13/24 16:45,0.398,W
11/13/24 17:00,0.573,W
11/13/24 17:15,1.389,W
11/13/24 17:30,1.001,W
11/13/24 17:45,0.273,W
11/13/24 18:00,0.281,W
11/13/24 18:15,0.425,W
11/13/24 18:30,1.061,W
11/13/24 18:45,0.531,W
11/13/24 19:00,1.007,W
11/13/24 19:15,1.259,W
11/13/24 19:30,0.888,W
11/13/24 19:45,0.599,W
11/13/24 20:00,0.581,W
11/13/24 20:15,0.576,W
11/13/24 20:30,0.627,W
11/13/24 20:45,0.413,W
11/13/24 21:00,0.38,W
11/13/24 21:15,0.421,W
11/13/24 21:30,0.434,W
11/13/24 21:45,0.402,W
11/13/24 22:00,0.423,W
11/13/24 22:15,0.43,W
11/13/24 22:30,0.436,W
11/13/24 22:45,0.375,W
11/13/24 23:00,0.353,W
11/13/24 23:15,0.353,W
11/13/24 23:30,0.395,W
11/13/24 23:45,0.337,W
11/14/24 0:00,0.253,W
11/14/24 0:15,0.26,W
11/14/24 0:30,0.264,W
11/14/24 0:45,0.266,W
11/14/24 1:00,0.263,W
11/14/24 1:15,0.312,W
11/14/24 1:30,0.281,W
11/14/24 1:45,0.243,W
11/14/24 2:00,0.261,W
11/14/24 2:15,0.259,W
11/14/24 2:30,0.26,W
11/14/24 2:45,0.266,W
11/14/24 3:00,0.237,W
11/14/24 3:15,0.273,W
11/14/24 3:30,0.282,W
11/14/24 3:45,0.145,W
11/14/24 4:00,0.12,W
11/14/24 4:15,0.156,W
11/14/24 4:30,0.148,W
11/14/24 4:45,0.117,W
11/14/24 5:00,0.135,W
11/14/24 5:15,0.191,W
11/14/24 5:30,0.136,W
11/14/24 5:45,0.113,W
11/14/24 6:00,0.14,W
11/14/24 6:15,0.12,W
11/14/24 6:30,0.152,W
11/14/24 6:45,0.286,W
11/14/24 7:00,0.382,W
11/14/24 7:15,0.694,W
11/14/24 7:30,0.629,W
11/14/24 7:45,0.591,W
11/14/24 8:00,0.725,W
11/14/24 8:15,0.609,W
11/14/24 8:30,0.543,W
11/14/24 8:45,0.153,W
11/14/24 9:00,0.285,W
11/14/24 9:15,0.16,W
11/14/24 9:30,0.154,W
11/14/24 9:45,0.154,W
11/14/24 10:00,0.168,W
11/14/24 10:15,0.223,W
11/14/24 10:30,0.214,W
11/14/24 10:45,0.31,W
11/14/24 11:00,0.281,W
11/14/24 11:15,0.265,W
11/14/24 11:30,0.28,W
11/14/24 11:45,0.468,W
11/14/24 12:00,0.319,W
11/14/24 12:15,0.313,W
11/14/24 12:30,0.277,W
11/14/24 12:45,0.278,W
11/14/24 13:00,0.267,W
11/14/24 13:15,0.301,W
11/14/24 13:30,0.277,W
11/14/24 13:45,0.254,W
11/14/24 14:00,0.324,W
11/14/24 14:15,0.257,W
11/14/24 14:30,0.265,W
11/14/24 14:45,0.276,W
11/14/24 15:00,0.413,W
11/14/24 15:15,0.312,W
11/14/24 15:30,0.603,W
11/14/24 15:45,0.41,W
11/14/24 16:00,0.825,W
11/14/24 16:15,0.884,W
11/14/24 16:30,0.546,W
11/14/24 16:45,0.498,W
11/14/24 17:00,0.391,W
11/14/24 17:15,0.418,W
11/14/24 17:30,0.331,W
11/14/24 17:45,0.346,W
11/14/24 18:00,0.303,W
11/14/24 18:15,0.35,W
11/14/24 18:30,0.469,W
11/14/24 18:45,0.553,W
11/14/24 19:00,0.571,W
11/14/24 19:15,0.562,W
11/14/24 19:30,0.592,W
11/14/24 19:45,0.597,W
11/14/24 20:00,0.592,W
11/14/24 20:15,0.417,W
11/14/24 20:30,0.444,W
11/14/24 20:45,0.418,W
11/14/24 21:00,0.389,W
11/14/24 21:15,0.361,W
11/14/24 21:30,0.38,W
11/14/24 21:45,0.385,W
11/14/24 22:00,0.389,W
11/14/24 22:15,0.364,W
11/14/24 22:30,0.397,W
11/14/24 22:45,0.375,W
11/14/24 23:00,0.357,W
11/14/24 23:15,0.322,W
11/14/24 23:30,0.348,W
11/14/24 23:45,0.312,W
11/15/24 0:00,0.293,W
11/15/24 0:15,0.265,W
11/15/24 0:30,0.293,W
11/15/24 0:45,0.287,W
11/15/24 1:00,0.252,W
11/15/24 1:15,0.263,W
11/15/24 1:30,0.281,W
11/15/24 1:45,0.264,W
11/15/24 2:00,0.182,W
11/15/24 2:15,0.148,W
11/15/24 2:30,0.198,W
11/15/24 2:45,0.173,W
11/15/24 3:00,0.164,W
11/15/24 3:15,0.191,W
11/15/24 3:30,0.156,W
11/15/24 3:45,0.106,W
11/15/24 4:00,0.149,W
11/15/24 4:15,0.13,W
11/15/24 4:30,0.131,W
11/15/24 4:45,0.143,W
11/15/24 5:00,0.251,W
11/15/24 5:15,0.249,W
11/15/24 5:30,0.239,W
11/15/24 5:45,0.269,W
11/15/24 6:00,0.247,W
11/15/24 6:15,0.229,W
11/15/24 6:30,0.275,W
11/15/24 6:45,0.257,W
11/15/24 7:00,0.242,W
11/15/24 7:15,0.237,W
11/15/24 7:30,0.266,W
11/15/24 7:45,0.322,W
11/15/24 8:00,0.261,W
11/15/24 8:15,0.284,W
11/15/24 8:30,0.686,W
11/15/24 8:45,0.533,W
11/15/24 9:00,0.598,W
11/15/24 9:15,0.436,W
11/15/24 9:30,0.295,W
11/15/24 9:45,0.242,W
11/15/24 10:00,0.242,W
11/15/24 10:15,0.271,W
11/15/24 10:30,0.283,W
11/15/24 10:45,0.254,W
11/15/24 11:00,0.239,W
11/15/24 11:15,0.239,W
11/15/24 11:30,0.358,W
11/15/24 11:45,0.744,W
11/15/24 12:00,0.539,W
11/15/24 12:15,0.301,W
11/15/24 12:30,0.338,W
11/15/24 12:45,0.309,W
11/15/24 13:00,0.355,W
11/15/24 13:15,0.992,W
11/15/24 13:30,0.688,W
11/15/24 13:45,0.518,W
11/15/24 14:00,0.43,W
11/15/24 14:15,0.377,W
11/15/24 14:30,0.364,W
11/15/24 14:45,0.297,W
11/15/24 15:00,0.314,W
11/15/24 15:15,0.309,W
11/15/24 15:30,0.279,W
11/15/24 15:45,0.661,W
11/15/24 16:00,0.601,W
11/15/24 16:15,0.609,W
11/15/24 16:30,0.751,W
11/15/24 16:45,0.772,W
11/15/24 17:00,0.806,W
11/15/24 17:15,0.366,W
11/15/24 17:30,0.402,W
11/15/24 17:45,0.348,W
11/15/24 18:00,1.094,W
11/15/24 18:15,0.924,W
11/15/24 18:30,0.72,W
11/15/24 18:45,1.346,W
11/15/24 19:00,0.507,W
11/15/24 19:15,0.41,W
11/15/24 19:30,0.418,W
11/15/24 19:45,0.405,W
11/15/24 20:00,0.393,W
11/15/24 20:15,0.388,W
11/15/24 20:30,0.364,W
11/15/24 20:45,0.384,W
11/15/24 21:00,0.374,W
11/15/24 21:15,0.368,W
11/15/24 21:30,0.396,W
11/15/24 21:45,0.399,W
11/15/24 22:00,0.39,W
11/15/24 22:15,0.423,W
11/15/24 22:30,0.401,W
11/15/24 22:45,0.386,W
11/15/24 23:00,0.366,W
11/15/24 23:15,0.338,W
11/15/24 23:30,0.326,W
11/15/24 23:45,0.3,W
11/16/24 0:00,0.286,W
11/16/24 0:15,0.278,W
11/16/24 0:30,0.287,W
11/16/24 0:45,0.265,W
11/16/24 1:00,0.298,W
11/16/24 1:15,0.302,W
11/16/24 1:30,0.285,W
11/16/24 1:45,0.253,W
11/16/24 2:00,0.27,W
11/16/24 2:15,0.274,W
11/16/24 2:30,0.29,W
11/16/24 2:45,0.272,W
11/16/24 3:00,0.287,W
11/16/24 3:15,0.254,W
11/16/24 3:30,0.267,W
11/16/24 3:45,0.266,W
11/16/24 4:00,0.453,W
11/16/24 4:15,0.28,W
11/16/24 4:30,0.27,W
11/16/24 4:45,0.285,W
11/16/24 5:00,0.279,W
11/16/24 5:15,0.271,W
11/16/24 5:30,0.157,W
11/16/24 5:45,0.135,W
11/16/24 6:00,0.129,W
11/16/24 6:15,0.122,W
11/16/24 6:30,0.136,W
11/16/24 6:45,0.148,W
11/16/24 7:00,0.157,W
11/16/24 7:15,0.166,W
11/16/24 7:30,0.159,W
11/16/24 7:45,0.325,W
11/16/24 8:00,0.215,W
11/16/24 8:15,0.249,W
11/16/24 8:30,0.674,W
11/16/24 8:45,0.597,W
11/16/24 9:00,0.648,W
11/16/24 9:15,0.373,W
11/16/24 9:30,0.249,W
11/16/24 9:45,0.251,W
11/16/24 10:00,0.327,W
11/16/24 10:15,0.621,W
11/16/24 10:30,0.619,W
11/16/24 10:45,0.913,W
11/16/24 11:00,1.096,W
11/16/24 11:15,1.043,W
11/16/24 11:30,0.841,W
11/16/24 11:45,0.157,W
11/16/24 12:00,0.204,W
11/16/24 12:15,0.159,W
11/16/24 12:30,0.148,W
11/16/24 12:45,0.168,W
11/16/24 13:00,0.131,W
11/16/24 13:15,0.141,W
11/16/24 13:30,0.258,W
11/16/24 13:45,0.261,W
11/16/24 14:00,0.46,W
11/16/24 14:15,0.633,W
11/16/24 14:30,0.644,W
11/16/24 14:45,0.637,W
11/16/24 15:00,0.642,W
11/16/24 15:15,0.681,W
11/16/24 15:30,0.592,W
11/16/24 15:45,0.162,W
11/16/24 16:00,0.211,W
11/16/24 16:15,0.282,W
11/16/24 16:30,0.27,W
11/16/24 16:45,0.278,W
11/16/24 17:00,0.23,W
11/16/24 17:15,0.53,W
11/16/24 17:30,0.277,W
11/16/24 17:45,0.312,W
11/16/24 18:00,0.752,W
11/16/24 18:15,1.054,W
11/16/24 18:30,1.025,W
11/16/24 18:45,0.874,W
11/16/24 19:00,0.496,W
11/16/24 19:15,0.861,W
11/16/24 19:30,0.867,W
11/16/24 19:45,0.414,W
11/16/24 20:00,0.69,W
11/16/24 20:15,0.741,W
11/16/24 20:30,0.943,W
11/16/24 20:45,0.905,W
11/16/24 21:00,0.538,W
11/16/24 21:15,0.415,W
11/16/24 21:30,0.386,W
11/16/24 21:45,0.626,W
11/16/24 22:00,0.655,W
11/16/24 22:15,0.377,W
11/16/24 22:30,0.357,W
11/16/24 22:45,0.368,W
11/16/24 23:00,0.311,W
11/16/24 23:15,0.317,W
11/16/24 23:30,0.279,W
11/16/24 23:45,0.244,W
11/17/24 0:00,0.218,W
11/17/24 0:15,0.232,W
11/17/24 0:30,0.241,W
11/17/24 0:45,0.211,W
11/17/24 1:00,0.234,W
11/17/24 1:15,0.267,W
11/17/24 1:30,0.292,W
11/17/24 1:45,0.255,W
11/17/24 2:00,0.297,W
11/17/24 2:15,0.238,W
11/17/24 2:30,0.233,W
11/17/24 2:45,0.256,W
11/17/24 3:00,0.336,W
11/17/24 3:15,0.523,W
11/17/24 3:30,0.317,W
11/17/24 3:45,0.238,W
11/17/24 4:00,0.217,W
11/17/24 4:15,0.231,W
11/17/24 4:30,0.273,W
11/17/24 4:45,0.24,W
11/17/24 5:00,0.223,W
11/17/24 5:15,0.242,W
11/17/24 5:30,0.234,W
11/17/24 5:45,0.151,W
11/17/24 6:00,0.12,W
11/17/24 6:15,0.135,W
11/17/24 6:30,0.142,W
11/17/24 6:45,0.126,W
11/17/24 7:00,0.15,W
11/17/24 7:15,0.137,W
11/17/24 7:30,0.132,W
11/17/24 7:45,0.314,W
11/17/24 8:00,0.129,W
11/17/24 8:15,0.208,W
11/17/24 8:30,0.282,W
11/17/24 8:45,0.33,W
11/17/24 9:00,0.287,W
11/17/24 9:15,0.293,W
11/17/24 9:30,0.302,W
11/17/24 9:45,0.255,W
11/17/24 10:00,0.244,W
11/17/24 10:15,0.458,W
11/17/24 10:30,0.617,W
11/17/24 10:45,0.577,W
11/17/24 11:00,0.735,W
11/17/24 11:15,0.936,W
11/17/24 11:30,0.626,W
11/17/24 11:45,0.451,W
11/17/24 12:00,0.127,W
11/17/24 12:15,0.195,W
11/17/24 12:30,0.149,W
11/17/24 12:45,0.144,W
11/17/24 13:00,0.127,W
11/17/24 13:15,0.162,W
11/17/24 13:30,0.477,W
11/17/24 13:45,0.583,W
11/17/24 14:00,0.552,W
11/17/24 14:15,0.572,W
11/17/24 14:30,0.598,W
11/17/24 14:45,0.577,W
11/17/24 15:00,0.603,W
11/17/24 15:15,0.345,W
11/17/24 15:30,0.157,W
11/17/24 15:45,0.168,W
11/17/24 16:00,0.148,W
11/17/24 16:15,0.383,W
11/17/24 16:30,0.367,W
11/17/24 16:45,0.164,W
11/17/24 17:00,0.239,W
11/17/24 17:15,0.333,W
11/17/24 17:30,0.373,W
11/17/24 17:45,0.433,W
11/17/24 18:00,0.388,W
11/17/24 18:15,0.515,W
11/17/24 18:30,0.653,W
11/17/24 18:45,0.745,W
11/17/24 19:00,0.69,W
11/17/24 19:15,0.368,W
11/17/24 19:30,0.356,W
11/17/24 19:45,0.777,W
11/17/24 20:00,0.601,W
11/17/24 20:15,0.368,W
11/17/24 20:30,0.395,W
11/17/24 20:45,0.381,W
11/17/24 21:00,0.361,W
11/17/24 21:15,0.391,W
11/17/24 21:30,0.385,W
11/17/24 21:45,0.381,W
11/17/24 22:00,0.389,W
11/17/24 22:15,0.394,W
11/17/24 22:30,0.365,W
11/17/24 22:45,0.296,W
11/17/24 23:00,0.268,W
11/17/24 23:15,0.259,W
11/17/24 23:30,0.346,W
11/17/24 23:45,0.292,W
11/18/24 0:00,0.285,W
11/18/24 0:15,0.312,W
11/18/24 0:30,0.277,W
11/18/24 0:45,0.258,W
11/18/24 1:00,0.29,W
11/18/24 1:15,0.291,W
11/18/24 1:30,0.262,W
11/18/24 1:45,0.287,W
11/18/24 2:00,0.278,W
11/18/24 2:15,0.262,W
11/18/24 2:30,0.287,W
11/18/24 2:45,0.296,W
11/18/24 3:00,0.266,W
11/18/24 3:15,0.286,W
11/18/24 3:30,0.301,W
11/18/24 3:45,0.272,W
11/18/24 4:00,0.254,W
11/18/24 4:15,0.293,W
11/18/24 4:30,0.3,W
11/18/24 4:45,0.256,W
11/18/24 5:00,0.272,W
11/18/24 5:15,0.267,W
11/18/24 5:30,0.242,W
11/18/24 5:45,0.248,W
11/18/24 6:00,0.267,W
11/18/24 6:15,0.244,W
11/18/24 6:30,0.265,W
11/18/24 6:45,0.28,W
11/18/24 7:00,0.252,W
11/18/24 7:15,0.229,W
11/18/24 7:30,0.296,W
11/18/24 7:45,0.396,W
11/18/24 8:00,0.187,W
11/18/24 8:15,0.158,W
11/18/24 8:30,0.256,W
11/18/24 8:45,0.226,W
11/18/24 9:00,0.233,W
11/18/24 9:15,0.341,W
11/18/24 9:30,0.51,W
11/18/24 9:45,0.246,W
11/18/24 10:00,0.261,W
11/18/24 10:15,0.254,W
11/18/24 10:30,0.223,W
11/18/24 10:45,0.331,W
11/18/24 11:00,0.595,W
11/18/24 11:15,0.664,W
11/18/24 11:30,0.77,W
11/18/24 11:45,0.636,W
11/18/24 12:00,0.252,W
11/18/24 12:15,0.431,W
11/18/24 12:30,0.315,W
11/18/24 12:45,0.292,W
11/18/24 13:00,0.244,W
11/18/24 13:15,0.276,W
11/18/24 13:30,0.236,W
11/18/24 13:45,0.251,W
11/18/24 14:00,0.204,W
11/18/24 14:15,0.331,W
11/18/24 14:30,0.402,W
11/18/24 14:45,0.498,W
11/18/24 15:00,0.412,W
11/18/24 15:15,0.398,W
11/18/24 15:30,0.449,W
11/18/24 15:45,0.562,W
11/18/24 16:00,0.254,W
11/18/24 16:15,0.57,W
11/18/24 16:30,0.532,W
11/18/24 16:45,0.353,W
11/18/24 17:00,0.333,W
11/18/24 17:15,0.452,W
11/18/24 17:30,0.378,W
11/18/24 17:45,0.424,W
11/18/24 18:00,0.394,W
11/18/24 18:15,0.452,W
11/18/24 18:30,0.505,W
11/18/24 18:45,0.535,W
11/18/24 19:00,0.637,W
11/18/24 19:15,0.588,W
11/18/24 19:30,0.418,W
11/18/24 19:45,0.412,W
11/18/24 20:00,0.41,W
11/18/24 20:15,0.433,W
11/18/24 20:30,0.389,W
11/18/24 20:45,0.376,W
11/18/24 21:00,0.415,W
11/18/24 21:15,0.404,W
11/18/24 21:30,0.384,W
11/18/24 21:45,0.369,W
11/18/24 22:00,0.392,W
11/18/24 22:15,0.385,W
11/18/24 22:30,0.318,W
11/18/24 22:45,0.261,W
11/18/24 23:00,0.252,W
11/18/24 23:15,0.228,W
11/18/24 23:30,0.247,W
11/18/24 23:45,0.256,W
11/19/24 0:00,0.228,W
11/19/24 0:15,0.261,W
11/19/24 0:30,0.246,W
11/19/24 0:45,0.227,W
11/19/24 1:00,0.234,W
11/19/24 1:15,0.164,W
11/19/24 1:30,0.117,W
11/19/24 1:45,0.123,W
11/19/24 2:00,0.097,W
11/19/24 2:15,0.201,W
11/19/24 2:30,0.147,W
11/19/24 2:45,0.089,W
11/19/24 3:00,0.105,W
11/19/24 3:15,0.173,W
11/19/24 3:30,0.13,W
11/19/24 3:45,0.143,W
11/19/24 4:00,0.175,W
11/19/24 4:15,0.261,W
11/19/24 4:30,0.239,W
11/19/24 4:45,0.243,W
11/19/24 5:00,0.238,W
11/19/24 5:15,0.231,W
11/19/24 5:30,0.22,W
11/19/24 5:45,0.289,W
11/19/24 6:00,0.299,W
11/19/24 6:15,0.431,W
11/19/24 6:30,0.694,W
11/19/24 6:45,0.772,W
11/19/24 7:00,0.627,W
11/19/24 7:15,0.614,W
11/19/24 7:30,0.365,W
11/19/24 7:45,0.188,W
11/19/24 8:00,0.164,W
11/19/24 8:15,0.524,W
11/19/24 8:30,0.463,W
11/19/24 8:45,0.531,W
11/19/24 9:00,0.131,W
11/19/24 9:15,0.143,W
11/19/24 9:30,0.237,W
11/19/24 9:45,0.223,W
11/19/24 10:00,0.195,W
11/19/24 10:15,0.232,W
11/19/24 10:30,0.258,W
11/19/24 10:45,0.253,W
11/19/24 11:00,0.227,W
11/19/24 11:15,0.475,W
11/19/24 11:30,0.459,W
11/19/24 11:45,0.502,W
11/19/24 12:00,0.355,W
11/19/24 12:15,0.229,W
11/19/24 12:30,0.493,W
11/19/24 12:45,0.606,W
11/19/24 13:00,0.865,W
11/19/24 13:15,0.452,W
11/19/24 13:30,0.374,W
11/19/24 13:45,0.332,W
11/19/24 14:00,0.335,W
11/19/24 14:15,0.335,W
11/19/24 14:30,0.341,W
11/19/24 14:45,0.516,W
11/19/24 15:00,0.334,W
11/19/24 15:15,0.306,W
11/19/24 15:30,0.284,W
11/19/24 15:45,0.32,W
11/19/24 16:00,0.289,W
11/19/24 16:15,0.26,W
11/19/24 16:30,0.446,W
11/19/24 16:45,0.38,W
11/19/24 17:00,0.357,W
11/19/24 17:15,0.604,W
11/19/24 17:30,0.465,W
11/19/24 17:45,0.344,W
11/19/24 18:00,0.358,W
11/19/24 18:15,0.405,W
11/19/24 18:30,0.377,W
11/19/24 18:45,0.411,W
11/19/24 19:00,0.403,W
11/19/24 19:15,0.379,W
11/19/24 19:30,0.372,W
11/19/24 19:45,0.372,W
11/19/24 20:00,0.347,W
11/19/24 20:15,0.416,W
11/19/24 20:30,0.404,W
11/19/24 20:45,0.38,W
11/19/24 21:00,0.38,W
11/19/24 21:15,0.38,W
11/19/24 21:30,0.345,W
11/19/24 21:45,0.36,W
11/19/24 22:00,0.365,W
11/19/24 22:15,0.344,W
11/19/24 22:30,0.375,W
11/19/24 22:45,0.337,W
11/19/24 23:00,0.364,W
11/19/24 23:15,0.37,W
11/19/24 23:30,0.361,W
11/19/24 23:45,0.281,W
11/20/24 0:00,0.225,W
11/20/24 0:15,0.24,W
11/20/24 0:30,0.229,W
11/20/24 0:45,0.231,W
11/20/24 1:00,0.25,W
11/20/24 1:15,0.26,W
11/20/24 1:30,0.264,W
11/20/24 1:45,0.326,W
11/20/24 2:00,0.259,W
11/20/24 2:15,0.243,W
11/20/24 2:30,0.247,W
11/20/24 2:45,0.129,W
11/20/24 3:00,0.103,W
11/20/24 3:15,0.108,W
11/20/24 3:30,0.153,W
11/20/24 3:45,0.123,W
11/20/24 4:00,0.088,W
11/20/24 4:15,0.105,W
11/20/24 4:30,0.13,W
11/20/24 4:45,0.106,W
11/20/24 5:00,0.088,W
11/20/24 5:15,0.133,W
11/20/24 5:30,0.216,W
11/20/24 5:45,0.242,W
11/20/24 6:00,0.24,W
11/20/24 6:15,0.233,W
11/20/24 6:30,0.22,W
11/20/24 6:45,0.221,W
11/20/24 7:00,0.223,W
11/20/24 7:15,0.289,W
11/20/24 7:30,0.273,W
11/20/24 7:45,0.382,W
11/20/24 8:00,0.221,W
11/20/24 8:15,0.374,W
11/20/24 8:30,0.657,W
11/20/24 8:45,0.543,W
11/20/24 9:00,0.651,W
11/20/24 9:15,0.403,W
11/20/24 9:30,0.256,W
11/20/24 9:45,0.263,W
11/20/24 10:00,0.262,W
11/20/24 10:15,0.209,W
11/20/24 10:30,0.209,W
11/20/24 10:45,0.258,W
11/20/24 11:00,0.235,W
11/20/24 11:15,0.438,W
11/20/24 11:30,0.26,W
11/20/24 11:45,0.251,W
11/20/24 12:00,0.234,W
11/20/24 12:15,0.234,W
11/20/24 12:30,0.224,W
11/20/24 12:45,0.231,W
11/20/24 13:00,0.225,W
11/20/24 13:15,0.226,W
11/20/24 13:30,0.245,W
11/20/24 13:45,0.255,W
11/20/24 14:00,0.242,W
11/20/24 14:15,0.203,W
11/20/24 14:30,0.224,W
11/20/24 14:45,0.303,W
11/20/24 15:00,0.317,W
11/20/24 15:15,0.604,W
11/20/24 15:30,0.636,W
11/20/24 15:45,0.627,W
11/20/24 16:00,0.61,W
11/20/24 16:15,0.48,W
11/20/24 16:30,0.167,W
11/20/24 16:45,0.399,W
11/20/24 17:00,0.337,W
11/20/24 17:15,0.304,W
11/20/24 17:30,0.221,W
11/20/24 17:45,0.577,W
11/20/24 18:00,0.403,W
11/20/24 18:15,0.536,W
11/20/24 18:30,0.388,W
11/20/24 18:45,0.403,W
11/20/24 19:00,0.7,W
11/20/24 19:15,0.656,W
11/20/24 19:30,0.746,W
11/20/24 19:45,0.66,W
11/20/24 20:00,0.759,W
11/20/24 20:15,0.781,W
11/20/24 20:30,0.953,W
11/20/24 20:45,0.802,W
11/20/24 21:00,0.5,W
11/20/24 21:15,0.417,W
11/20/24 21:30,0.392,W
11/20/24 21:45,0.38,W
11/20/24 22:00,0.478,W
11/20/24 22:15,0.452,W
11/20/24 22:30,0.749,W
11/20/24 22:45,0.702,W
11/20/24 23:00,0.689,W
11/20/24 23:15,0.695,W
11/20/24 23:30,0.679,W
11/20/24 23:45,0.641,W
11/21/24 0:00,0.64,W
11/21/24 0:15,0.649,W
11/21/24 0:30,0.651,W
11/21/24 0:45,0.646,W
11/21/24 1:00,0.625,W
11/21/24 1:15,0.62,W
11/21/24 1:30,0.626,W
11/21/24 1:45,0.632,W
11/21/24 2:00,0.608,W
11/21/24 2:15,0.363,W
11/21/24 2:30,0.279,W
11/21/24 2:45,0.29,W
11/21/24 3:00,0.314,W
11/21/24 3:15,0.331,W
11/21/24 3:30,0.271,W
11/21/24 3:45,0.276,W
11/21/24 4:00,0.238,W
11/21/24 4:15,0.243,W
11/21/24 4:30,0.286,W
11/21/24 4:45,0.273,W
11/21/24 5:00,0.233,W
11/21/24 5:15,0.271,W
11/21/24 5:30,0.263,W
11/21/24 5:45,0.23,W
11/21/24 6:00,0.238,W
11/21/24 6:15,0.246,W
11/21/24 6:30,0.237,W
11/21/24 6:45,0.27,W
11/21/24 7:00,0.304,W
11/21/24 7:15,0.223,W
11/21/24 7:30,0.212,W
11/21/24 7:45,0.468,W
11/21/24 8:00,0.255,W
11/21/24 8:15,0.242,W
11/21/24 8:30,0.249,W
11/21/24 8:45,0.272,W
11/21/24 9:00,0.258,W
11/21/24 9:15,0.298,W
11/21/24 9:30,0.252,W
11/21/24 9:45,0.286,W
11/21/24 10:00,0.266,W
11/21/24 10:15,0.234,W
11/21/24 10:30,0.294,W
11/21/24 10:45,0.336,W
11/21/24 11:00,0.235,W
11/21/24 11:15,0.263,W
11/21/24 11:30,0.27,W
11/21/24 11:45,0.24,W
11/21/24 12:00,0.214,W
11/21/24 12:15,0.205,W
11/21/24 12:30,0.229,W
11/21/24 12:45,0.236,W
11/21/24 13:00,0.237,W
11/21/24 13:15,0.231,W
11/21/24 13:30,0.245,W
11/21/24 13:45,0.214,W
11/21/24 14:00,0.18,W
11/21/24 14:15,0.273,W
11/21/24 14:30,0.243,W
11/21/24 14:45,0.233,W
11/21/24 15:00,0.205,W
11/21/24 15:15,0.354,W
11/21/24 15:30,0.186,W
11/21/24 15:45,0.396,W
11/21/24 16:00,0.816,W
11/21/24 16:15,1.668,W
11/21/24 16:30,0.795,W
11/21/24 16:45,1.019,W
11/21/24 17:00,1.016,W
11/21/24 17:15,0.702,W
11/21/24 17:30,0.585,W
11/21/24 17:45,0.799,W
11/21/24 18:00,0.827,W
11/21/24 18:15,0.349,W
11/21/24 18:30,0.382,W
11/21/24 18:45,0.393,W
11/21/24 19:00,0.39,W
11/21/24 19:15,0.402,W
11/21/24 19:30,0.408,W
11/21/24 19:45,0.39,W
11/21/24 20:00,0.397,W
11/21/24 20:15,0.383,W
11/21/24 20:30,0.384,W
11/21/24 20:45,0.347,W
11/21/24 21:00,0.36,W
11/21/24 21:15,0.353,W
11/21/24 21:30,0.361,W
11/21/24 21:45,0.305,W
11/21/24 22:00,0.289,W
11/21/24 22:15,0.278,W
11/21/24 22:30,0.275,W
11/21/24 22:45,0.255,W
11/21/24 23:00,0.254,W
11/21/24 23:15,0.265,W
11/21/24 23:30,0.289,W
11/21/24 23:45,0.275,W
11/22/24 0:00,0.322,W
11/22/24 0:15,0.275,W
11/22/24 0:30,0.241,W
11/22/24 0:45,0.259,W
11/22/24 1:00,0.283,W
11/22/24 1:15,0.251,W
11/22/24 1:30,0.248,W
11/22/24 1:45,0.279,W
11/22/24 2:00,0.256,W
11/22/24 2:15,0.234,W
11/22/24 2:30,0.242,W
11/22/24 2:45,0.253,W
11/22/24 3:00,0.235,W
11/22/24 3:15,0.24,W
11/22/24 3:30,0.237,W
11/22/24 3:45,0.275,W
11/22/24 4:00,0.25,W
11/22/24 4:15,0.217,W
11/22/24 4:30,0.282,W
11/22/24 4:45,0.265,W
11/22/24 5:00,0.222,W
11/22/24 5:15,0.255,W
11/22/24 5:30,0.3,W
11/22/24 5:45,0.224,W
11/22/24 6:00,0.234,W
11/22/24 6:15,0.246,W
11/22/24 6:30,0.234,W
11/22/24 6:45,0.227,W
11/22/24 7:00,0.256,W
11/22/24 7:15,0.298,W
11/22/24 7:30,0.438,W
11/22/24 7:45,0.323,W
11/22/24 8:00,0.239,W
11/22/24 8:15,0.599,W
11/22/24 8:30,0.564,W
11/22/24 8:45,0.536,W
11/22/24 9:00,0.183,W
11/22/24 9:15,0.187,W
11/22/24 9:30,0.168,W
11/22/24 9:45,0.173,W
11/22/24 10:00,0.232,W
11/22/24 10:15,0.313,W
11/22/24 10:30,0.519,W
11/22/24 10:45,0.717,W
11/22/24 11:00,0.52,W
11/22/24 11:15,0.483,W
11/22/24 11:30,0.401,W
11/22/24 11:45,0.315,W
11/22/24 12:00,0.36,W
11/22/24 12:15,0.405,W
11/22/24 12:30,0.33,W
11/22/24 12:45,0.34,W
11/22/24 13:00,0.349,W
11/22/24 13:15,0.274,W
11/22/24 13:30,0.273,W
11/22/24 13:45,0.338,W
11/22/24 14:00,0.304,W
11/22/24 14:15,0.295,W
11/22/24 14:30,0.313,W
11/22/24 14:45,0.292,W
11/22/24 15:00,0.327,W
11/22/24 15:15,0.663,W
11/22/24 15:30,0.883,W
11/22/24 15:45,0.711,W
11/22/24 16:00,0.729,W
11/22/24 16:15,0.727,W
11/22/24 16:30,0.766,W
11/22/24 16:45,0.847,W
11/22/24 17:00,0.278,W
11/22/24 17:15,0.214,W
11/22/24 17:30,0.889,W
11/22/24 17:45,0.745,W
11/22/24 18:00,0.269,W
11/22/24 18:15,0.37,W
11/22/24 18:30,1.199,W
11/22/24 18:45,0.424,W
11/22/24 19:00,0.501,W
11/22/24 19:15,0.786,W
11/22/24 19:30,0.363,W
11/22/24 19:45,0.373,W
11/22/24 20:00,0.377,W
11/22/24 20:15,0.36,W
11/22/24 20:30,0.367,W
11/22/24 20:45,0.369,W
11/22/24 21:00,0.352,W
11/22/24 21:15,0.389,W
11/22/24 21:30,0.429,W
11/22/24 21:45,0.389,W
11/22/24 22:00,0.339,W
11/22/24 22:15,0.345,W
11/22/24 22:30,0.321,W
11/22/24 22:45,0.305,W
11/22/24 23:00,0.321,W
11/22/24 23:15,0.284,W
11/22/24 23:30,0.254,W
11/22/24 23:45,0.237,W
11/23/24 0:00,0.22,W
11/23/24 0:15,0.235,W
11/23/24 0:30,0.236,W
11/23/24 0:45,0.299,W
11/23/24 1:00,0.272,W
11/23/24 1:15,0.276,W
11/23/24 1:30,0.253,W
11/23/24 1:45,0.248,W
11/23/24 2:00,0.243,W
11/23/24 2:15,0.25,W
11/23/24 2:30,0.238,W
11/23/24 2:45,0.237,W
11/23/24 3:00,0.286,W
11/23/24 3:15,0.259,W
11/23/24 3:30,0.243,W
11/23/24 3:45,0.272,W
11/23/24 4:00,0.265,W
11/23/24 4:15,0.261,W
11/23/24 4:30,0.259,W
11/23/24 4:45,0.252,W
11/23/24 5:00,0.267,W
11/23/24 5:15,0.274,W
11/23/24 5:30,0.249,W
11/23/24 5:45,0.303,W
11/23/24 6:00,0.28,W
11/23/24 6:15,0.236,W
11/23/24 6:30,0.246,W
11/23/24 6:45,0.297,W
11/23/24 7:00,0.265,W
11/23/24 7:15,0.257,W
11/23/24 7:30,0.266,W
11/23/24 7:45,0.444,W
11/23/24 8:00,0.205,W
11/23/24 8:15,0.178,W
11/23/24 8:30,0.63,W
11/23/24 8:45,0.669,W
11/23/24 9:00,0.617,W
11/23/24 9:15,0.495,W
11/23/24 9:30,0.301,W
11/23/24 9:45,0.296,W
11/23/24 10:00,0.285,W
11/23/24 10:15,0.282,W
11/23/24 10:30,0.266,W
11/23/24 10:45,0.282,W
11/23/24 11:00,0.282,W
11/23/24 11:15,0.414,W
11/23/24 11:30,0.551,W
11/23/24 11:45,0.79,W
11/23/24 12:00,0.931,W
11/23/24 12:15,0.417,W
11/23/24 12:30,0.375,W
11/23/24 12:45,0.282,W
11/23/24 13:00,0.598,W
11/23/24 13:15,0.513,W
11/23/24 13:30,0.585,W
11/23/24 13:45,0.431,W
11/23/24 14:00,0.285,W
11/23/24 14:15,0.268,W
11/23/24 14:30,0.294,W
11/23/24 14:45,0.281,W
11/23/24 15:00,0.324,W
11/23/24 15:15,0.271,W
11/23/24 15:30,0.317,W
11/23/24 15:45,0.455,W
11/23/24 16:00,0.515,W
11/23/24 16:15,0.517,W
11/23/24 16:30,0.445,W
11/23/24 16:45,0.365,W
11/23/24 17:00,0.378,W
11/23/24 17:15,0.354,W
11/23/24 17:30,0.362,W
11/23/24 17:45,0.376,W
11/23/24 18:00,0.317,W
11/23/24 18:15,0.341,W
11/23/24 18:30,0.452,W
11/23/24 18:45,0.415,W
11/23/24 19:00,0.411,W
11/23/24 19:15,0.374,W
11/23/24 19:30,0.394,W
11/23/24 19:45,0.397,W
11/23/24 20:00,0.396,W
11/23/24 20:15,0.398,W
11/23/24 20:30,0.421,W
11/23/24 20:45,0.435,W
11/23/24 21:00,0.381,W
11/23/24 21:15,0.318,W
11/23/24 21:30,0.309,W
11/23/24 21:45,0.28,W
11/23/24 22:00,0.245,W
11/23/24 22:15,0.272,W
11/23/24 22:30,0.277,W
11/23/24 22:45,0.255,W
11/23/24 23:00,0.218,W
11/23/24 23:15,0.254,W
11/23/24 23:30,0.275,W
11/23/24 23:45,0.255,W
11/24/24 0:00,0.399,W
11/24/24 0:15,0.587,W
11/24/24 0:30,0.421,W
11/24/24 0:45,0.549,W
11/24/24 1:00,0.547,W
11/24/24 1:15,0.497,W
11/24/24 1:30,0.465,W
11/24/24 1:45,0.236,W
11/24/24 2:00,0.245,W
11/24/24 2:15,0.248,W
11/24/24 2:30,0.244,W
11/24/24 2:45,0.256,W
11/24/24 3:00,0.3,W
11/24/24 3:15,0.485,W
11/24/24 3:30,0.449,W
11/24/24 3:45,0.38,W
11/24/24 4:00,0.261,W
11/24/24 4:15,0.255,W
11/24/24 4:30,0.247,W
11/24/24 4:45,0.254,W
11/24/24 5:00,0.533,W
11/24/24 5:15,0.55,W
11/24/24 5:30,0.536,W
11/24/24 5:45,0.248,W
11/24/24 6:00,0.25,W
11/24/24 6:15,0.245,W
11/24/24 6:30,0.232,W
11/24/24 6:45,0.243,W
11/24/24 7:00,0.276,W
11/24/24 7:15,0.272,W
11/24/24 7:30,0.285,W
11/24/24 7:45,0.412,W
11/24/24 8:00,0.225,W
11/24/24 8:15,0.218,W
11/24/24 8:30,0.247,W
11/24/24 8:45,0.232,W
11/24/24 9:00,0.219,W
11/24/24 9:15,0.392,W
11/24/24 9:30,0.435,W
11/24/24 9:45,0.699,W
11/24/24 10:00,0.792,W
11/24/24 10:15,0.669,W
11/24/24 10:30,0.284,W
11/24/24 10:45,0.354,W
11/24/24 11:00,0.308,W
11/24/24 11:15,0.485,W
11/24/24 11:30,0.344,W
11/24/24 11:45,0.311,W
11/24/24 12:00,0.27,W
11/24/24 12:15,0.256,W
11/24/24 12:30,0.216,W
11/24/24 12:45,0.191,W
11/24/24 13:00,0.223,W
11/24/24 13:15,0.232,W
11/24/24 13:30,0.445,W
11/24/24 13:45,0.234,W
11/24/24 14:00,0.24,W
11/24/24 14:15,0.237,W
11/24/24 14:30,0.218,W
11/24/24 14:45,0.194,W
11/24/24 15:00,0.177,W
11/24/24 15:15,0.579,W
11/24/24 15:30,0.588,W
11/24/24 15:45,0.73,W
11/24/24 16:00,0.759,W
11/24/24 16:15,0.673,W
11/24/24 16:30,0.56,W
11/24/24 16:45,0.432,W
11/24/24 17:00,0.535,W
11/24/24 17:15,0.501,W
11/24/24 17:30,0.274,W
11/24/24 17:45,0.319,W
11/24/24 18:00,0.487,W
11/24/24 18:15,0.296,W
11/24/24 18:30,0.444,W
11/24/24 18:45,0.702,W
11/24/24 19:00,0.589,W
11/24/24 19:15,0.732,W
11/24/24 19:30,0.489,W
11/24/24 19:45,0.424,W
11/24/24 20:00,0.382,W
11/24/24 20:15,0.376,W
11/24/24 20:30,0.441,W
11/24/24 20:45,0.459,W
11/24/24 21:00,0.377,W
11/24/24 21:15,0.357,W
11/24/24 21:30,0.384,W
11/24/24 21:45,0.368,W
11/24/24 22:00,0.367,W
11/24/24 22:15,0.361,W
11/24/24 22:30,0.357,W
11/24/24 22:45,0.331,W
11/24/24 23:00,0.261,W
11/24/24 23:15,0.398,W
11/24/24 23:30,0.614,W
11/24/24 23:45,0.254,W
11/25/24 0:00,0.263,W
11/25/24 0:15,0.268,W
11/25/24 0:30,0.236,W
11/25/24 0:45,0.224,W
11/25/24 1:00,0.222,W
11/25/24 1:15,0.23,W
11/25/24 1:30,0.248,W
11/25/24 1:45,0.246,W
11/25/24 2:00,0.226,W
11/25/24 2:15,0.271,W
11/25/24 2:30,0.235,W
11/25/24 2:45,0.226,W
11/25/24 3:00,0.265,W
11/25/24 3:15,0.217,W
11/25/24 3:30,0.108,W
11/25/24 3:45,0.213,W
11/25/24 4:00,0.254,W
11/25/24 4:15,0.249,W
11/25/24 4:30,0.252,W
11/25/24 4:45,0.254,W
11/25/24 5:00,0.246,W
11/25/24 5:15,0.258,W
11/25/24 5:30,0.257,W
11/25/24 5:45,0.333,W
11/25/24 6:00,0.26,W
11/25/24 6:15,0.249,W
11/25/24 6:30,0.266,W
11/25/24 6:45,0.261,W
11/25/24 7:00,0.296,W
11/25/24 7:15,0.189,W
11/25/24 7:30,0.131,W
11/25/24 7:45,0.293,W
11/25/24 8:00,0.131,W
11/25/24 8:15,0.14,W
11/25/24 8:30,0.193,W
11/25/24 8:45,0.187,W
11/25/24 9:00,0.126,W
11/25/24 9:15,0.234,W
11/25/24 9:30,0.274,W
11/25/24 9:45,0.247,W
11/25/24 10:00,0.387,W
11/25/24 10:15,0.304,W
11/25/24 10:30,0.286,W
11/25/24 10:45,0.34,W
11/25/24 11:00,0.276,W
11/25/24 11:15,0.234,W
11/25/24 11:30,0.253,W
11/25/24 11:45,0.217,W
11/25/24 12:00,0.255,W
11/25/24 12:15,0.255,W
11/25/24 12:30,0.218,W
11/25/24 12:45,0.246,W
11/25/24 13:00,0.232,W
11/25/24 13:15,0.216,W
11/25/24 13:30,0.211,W
11/25/24 13:45,0.316,W
11/25/24 14:00,0.275,W
11/25/24 14:15,0.281,W
11/25/24 14:30,0.296,W
11/25/24 14:45,0.289,W
11/25/24 15:00,0.295,W
11/25/24 15:15,0.261,W
11/25/24 15:30,0.228,W
11/25/24 15:45,0.579,W
11/25/24 16:00,0.361,W
11/25/24 16:15,0.65,W
11/25/24 16:30,0.649,W
11/25/24 16:45,0.633,W
11/25/24 17:00,0.645,W
11/25/24 17:15,0.602,W
11/25/24 17:30,0.617,W
11/25/24 17:45,0.649,W
11/25/24 18:00,0.792,W
11/25/24 18:15,0.643,W
11/25/24 18:30,0.715,W
11/25/24 18:45,1.054,W
11/25/24 19:00,1.041,W
11/25/24 19:15,0.807,W
11/25/24 19:30,0.408,W
11/25/24 19:45,0.259,W
11/25/24 20:00,0.261,W
11/25/24 20:15,0.301,W
11/25/24 20:30,0.271,W
11/25/24 20:45,0.272,W
11/25/24 21:00,0.275,W
11/25/24 21:15,0.254,W
11/25/24 21:30,0.248,W
11/25/24 21:45,0.257,W
11/25/24 22:00,0.34,W
11/25/24 22:15,0.372,W
11/25/24 22:30,0.406,W
11/25/24 22:45,0.504,W
11/25/24 23:00,0.52,W
11/25/24 23:15,0.269,W
11/25/24 23:30,0.296,W
11/25/24 23:45,0.258,W
11/26/24 0:00,0.615,W
11/26/24 0:15,0.265,W
11/26/24 0:30,0.231,W
11/26/24 0:45,0.211,W
11/26/24 1:00,0.23,W
11/26/24 1:15,0.253,W
11/26/24 1:30,0.238,W
11/26/24 1:45,0.238,W
11/26/24 2:00,0.266,W
11/26/24 2:15,0.263,W
11/26/24 2:30,0.224,W
11/26/24 2:45,0.235,W
11/26/24 3:00,0.261,W
11/26/24 3:15,0.245,W
11/26/24 3:30,0.23,W
11/26/24 3:45,0.227,W
11/26/24 4:00,0.258,W
11/26/24 4:15,0.263,W
11/26/24 4:30,0.239,W
11/26/24 4:45,0.258,W
11/26/24 5:00,0.267,W
11/26/24 5:15,0.242,W
11/26/24 5:30,0.236,W
11/26/24 5:45,0.254,W
11/26/24 6:00,0.232,W
11/26/24 6:15,0.235,W
11/26/24 6:30,0.244,W
11/26/24 6:45,0.259,W
11/26/24 7:00,0.102,W
11/26/24 7:15,0.095,W
11/26/24 7:30,0.193,W
11/26/24 7:45,0.311,W
11/26/24 8:00,0.141,W
11/26/24 8:15,0.154,W
11/26/24 8:30,0.134,W
11/26/24 8:45,0.183,W
11/26/24 9:00,0.218,W
11/26/24 9:15,0.223,W
11/26/24 9:30,0.371,W
11/26/24 9:45,0.601,W
11/26/24 10:00,0.588,W
11/26/24 10:15,0.607,W
11/26/24 10:30,0.621,W
11/26/24 10:45,0.617,W
11/26/24 11:00,1.066,W
11/26/24 11:15,0.764,W
11/26/24 11:30,0.223,W
11/26/24 11:45,0.119,W
11/26/24 12:00,0.114,W
11/26/24 12:15,0.139,W
11/26/24 12:30,0.092,W
11/26/24 12:45,0.125,W
11/26/24 13:00,0.131,W
11/26/24 13:15,0.216,W
11/26/24 13:30,0.222,W
11/26/24 13:45,0.237,W
11/26/24 14:00,0.245,W
11/26/24 14:15,0.208,W
11/26/24 14:30,0.136,W
11/26/24 14:45,0.285,W
11/26/24 15:00,0.204,W
11/26/24 15:15,1.084,W
11/26/24 15:30,0.965,W
11/26/24 15:45,0.55,W
11/26/24 16:00,0.288,W
11/26/24 16:15,0.278,W
11/26/24 16:30,0.288,W
11/26/24 16:45,0.378,W
11/26/24 17:00,0.318,W
11/26/24 17:15,0.268,W
11/26/24 17:30,0.309,W
11/26/24 17:45,0.29,W
11/26/24 18:00,0.268,W
11/26/24 18:15,0.283,W
11/26/24 18:30,0.363,W
11/26/24 18:45,0.388,W
11/26/24 19:00,0.992,W
11/26/24 19:15,0.571,W
11/26/24 19:30,0.402,W
11/26/24 19:45,0.924,W
11/26/24 20:00,0.34,W
11/26/24 20:15,0.381,W
11/26/24 20:30,0.384,W
11/26/24 20:45,0.394,W
11/26/24 21:00,0.379,W
11/26/24 21:15,0.484,W
11/26/24 21:30,0.536,W
11/26/24 21:45,0.555,W
11/26/24 22:00,0.39,W
11/26/24 22:15,0.394,W
11/26/24 22:30,0.293,W
11/26/24 22:45,0.305,W
11/26/24 23:00,0.296,W
11/26/24 23:15,0.26,W
11/26/24 23:30,0.314,W
11/26/24 23:45,0.317,W
11/27/24 0:00,0.294,W
11/27/24 0:15,0.252,W
11/27/24 0:30,0.266,W
11/27/24 0:45,0.263,W
11/27/24 1:00,0.268,W
11/27/24 1:15,0.277,W
11/27/24 1:30,0.261,W
11/27/24 1:45,0.277,W
11/27/24 2:00,0.246,W
11/27/24 2:15,0.25,W
11/27/24 2:30,0.279,W
11/27/24 2:45,0.28,W
11/27/24 3:00,0.247,W
11/27/24 3:15,0.244,W
11/27/24 3:30,0.26,W
11/27/24 3:45,0.288,W
11/27/24 4:00,0.273,W
11/27/24 4:15,0.232,W
11/27/24 4:30,0.235,W
11/27/24 4:45,0.237,W
11/27/24 5:00,0.208,W
11/27/24 5:15,0.193,W
11/27/24 5:30,0.191,W
11/27/24 5:45,0.224,W
11/27/24 6:00,0.21,W
11/27/24 6:15,0.258,W
11/27/24 6:30,0.232,W
11/27/24 6:45,0.21,W
11/27/24 7:00,0.256,W
11/27/24 7:15,0.635,W
11/27/24 7:30,0.652,W
11/27/24 7:45,0.698,W
11/27/24 8:00,0.271,W
11/27/24 8:15,0.25,W
11/27/24 8:30,0.524,W
11/27/24 8:45,0.593,W
11/27/24 9:00,0.594,W
11/27/24 9:15,0.45,W
11/27/24 9:30,0.221,W
11/27/24 9:45,0.215,W
11/27/24 10:00,0.236,W
11/27/24 10:15,0.22,W
11/27/24 10:30,0.254,W
11/27/24 10:45,0.245,W
11/27/24 11:00,0.236,W
11/27/24 11:15,0.488,W
11/27/24 11:30,0.598,W
11/27/24 11:45,0.827,W
11/27/24 12:00,0.646,W
11/27/24 12:15,0.306,W
11/27/24 12:30,0.261,W
11/27/24 12:45,0.255,W
11/27/24 13:00,0.274,W
11/27/24 13:15,0.246,W
11/27/24 13:30,0.303,W
11/27/24 13:45,0.264,W
11/27/24 14:00,0.232,W
11/27/24 14:15,0.259,W
11/27/24 14:30,0.304,W
11/27/24 14:45,0.385,W
11/27/24 15:00,0.284,W
11/27/24 15:15,0.295,W
11/27/24 15:30,0.148,W
11/27/24 15:45,0.167,W
11/27/24 16:00,0.237,W
11/27/24 16:15,0.28,W
11/27/24 16:30,0.28,W
11/27/24 16:45,0.274,W
11/27/24 17:00,0.26,W
11/27/24 17:15,0.295,W
11/27/24 17:30,0.286,W
11/27/24 17:45,0.376,W
11/27/24 18:00,0.406,W
11/27/24 18:15,0.375,W
11/27/24 18:30,0.27,W
11/27/24 18:45,0.249,W
11/27/24 19:00,0.295,W
11/27/24 19:15,0.294,W
11/27/24 19:30,0.286,W
11/27/24 19:45,0.352,W
11/27/24 20:00,0.307,W
11/27/24 20:15,0.296,W
11/27/24 20:30,0.416,W
11/27/24 20:45,0.38,W
11/27/24 21:00,0.37,W
11/27/24 21:15,0.36,W
11/27/24 21:30,0.391,W
11/27/24 21:45,0.414,W
11/27/24 22:00,0.404,W
11/27/24 22:15,0.358,W
11/27/24 22:30,0.35,W
11/27/24 22:45,0.339,W
11/27/24 23:00,0.262,W
11/27/24 23:15,0.237,W
11/27/24 23:30,0.264,W
11/27/24 23:45,0.254,W
11/28/24 0:00,0.231,W
11/28/24 0:15,0.288,W
11/28/24 0:30,0.257,W
11/28/24 0:45,0.249,W
11/28/24 1:00,0.235,W
11/28/24 1:15,0.235,W
11/28/24 1:30,0.246,W
11/28/24 1:45,0.232,W
11/28/24 2:00,0.209,W
11/28/24 2:15,0.227,W
11/28/24 2:30,0.269,W
11/28/24 2:45,0.224,W
11/28/24 3:00,0.204,W
11/28/24 3:15,0.247,W
11/28/24 3:30,0.246,W
11/28/24 3:45,0.208,W
11/28/24 4:00,0.223,W
11/28/24 4:15,0.24,W
11/28/24 4:30,0.231,W
11/28/24 4:45,0.266,W
11/28/24 5:00,0.252,W
11/28/24 5:15,0.252,W
11/28/24 5:30,0.226,W
11/28/24 5:45,0.206,W
11/28/24 6:00,0.224,W
11/28/24 6:15,0.221,W
11/28/24 6:30,0.208,W
11/28/24 6:45,0.218,W
11/28/24 7:00,0.263,W
11/28/24 7:15,0.268,W
11/28/24 7:30,0.162,W
11/28/24 7:45,0.196,W
11/28/24 8:00,0.326,W
11/28/24 8:15,0.227,W
11/28/24 8:30,0.348,W
11/28/24 8:45,0.603,W
11/28/24 9:00,0.268,W
11/28/24 9:15,0.281,W
11/28/24 9:30,0.301,W
11/28/24 9:45,0.546,W
11/28/24 10:00,0.376,W
11/28/24 10:15,0.519,W
11/28/24 10:30,0.627,W
11/28/24 10:45,0.702,W
11/28/24 11:00,0.871,W
11/28/24 11:15,0.708,W
11/28/24 11:30,0.746,W
11/28/24 11:45,0.791,W
11/28/24 12:00,0.654,W
11/28/24 12:15,0.683,W
11/28/24 12:30,0.631,W
11/28/24 12:45,0.98,W
11/28/24 13:00,0.966,W
11/28/24 13:15,0.69,W
11/28/24 13:30,0.639,W
11/28/24 13:45,0.254,W
11/28/24 14:00,0.2,W
11/28/24 14:15,0.494,W
11/28/24 14:30,0.441,W
11/28/24 14:45,0.188,W
11/28/24 15:00,0.211,W
11/28/24 15:15,0.17,W
11/28/24 15:30,0.099,W
11/28/24 15:45,0.094,W
11/28/24 16:00,0.149,W
11/28/24 16:15,0.162,W
11/28/24 16:30,0.324,W
11/28/24 16:45,0.331,W
11/28/24 17:00,0.684,W
11/28/24 17:15,1.025,W
11/28/24 17:30,0.766,W
11/28/24 17:45,0.807,W
11/28/24 18:00,0.769,W
11/28/24 18:15,0.678,W
11/28/24 18:30,0.553,W
11/28/24 18:45,0.354,W
11/28/24 19:00,0.517,W
11/28/24 19:15,0.366,W
11/28/24 19:30,0.549,W
11/28/24 19:45,0.67,W
11/28/24 20:00,0.724,W
11/28/24 20:15,0.707,W
11/28/24 20:30,0.391,W
11/28/24 20:45,0.427,W
11/28/24 21:00,0.701,W
11/28/24 21:15,0.735,W
11/28/24 21:30,0.435,W
11/28/24 21:45,0.404,W
11/28/24 22:00,0.402,W
11/28/24 22:15,0.355,W
11/28/24 22:30,0.316,W
11/28/24 22:45,0.252,W
11/28/24 23:00,0.262,W
11/28/24 23:15,0.299,W
11/28/24 23:30,0.282,W
11/28/24 23:45,0.25,W
11/29/24 0:00,0.287,W
11/29/24 0:15,0.292,W
11/29/24 0:30,0.264,W
11/29/24 0:45,0.258,W
11/29/24 1:00,0.274,W
11/29/24 1:15,0.245,W
11/29/24 1:30,0.257,W
11/29/24 1:45,0.282,W
11/29/24 2:00,0.267,W
11/29/24 2:15,0.266,W
11/29/24 2:30,0.296,W
11/29/24 2:45,0.376,W
11/29/24 3:00,0.28,W
11/29/24 3:15,0.256,W
11/29/24 3:30,0.274,W
11/29/24 3:45,0.289,W
11/29/24 4:00,0.253,W
11/29/24 4:15,0.248,W
11/29/24 4:30,0.272,W
11/29/24 4:45,0.272,W
11/29/24 5:00,0.262,W
11/29/24 5:15,0.287,W
11/29/24 5:30,0.269,W
11/29/24 5:45,0.263,W
11/29/24 6:00,0.246,W
11/29/24 6:15,0.251,W
11/29/24 6:30,0.258,W
11/29/24 6:45,0.269,W
11/29/24 7:00,0.254,W
11/29/24 7:15,0.243,W
11/29/24 7:30,0.142,W
11/29/24 7:45,0.184,W
11/29/24 8:00,0.242,W
11/29/24 8:15,0.184,W
11/29/24 8:30,0.142,W
11/29/24 8:45,0.12,W
11/29/24 9:00,0.138,W
11/29/24 9:15,0.27,W
11/29/24 9:30,0.357,W
11/29/24 9:45,0.334,W
11/29/24 10:00,0.324,W
11/29/24 10:15,0.308,W
11/29/24 10:30,0.297,W
11/29/24 10:45,0.45,W
11/29/24 11:00,1.037,W
11/29/24 11:15,1.181,W
11/29/24 11:30,0.823,W
11/29/24 11:45,0.524,W
11/29/24 12:00,0.409,W
11/29/24 12:15,0.287,W
11/29/24 12:30,0.386,W
11/29/24 12:45,1.112,W
11/29/24 13:00,0.508,W
11/29/24 13:15,0.539,W
11/29/24 13:30,0.549,W
11/29/24 13:45,0.488,W
11/29/24 14:00,0.428,W
11/29/24 14:15,0.332,W
11/29/24 14:30,0.301,W
11/29/24 14:45,0.293,W
11/29/24 15:00,0.319,W
11/29/24 15:15,0.701,W
11/29/24 15:30,0.898,W
11/29/24 15:45,0.356,W
11/29/24 16:00,0.335,W
11/29/24 16:15,0.367,W
11/29/24 16:30,0.346,W
11/29/24 16:45,0.324,W
11/29/24 17:00,0.548,W
11/29/24 17:15,0.683,W
11/29/24 17:30,1.211,W
11/29/24 17:45,1.728,W
11/29/24 18:00,0.55,W
11/29/24 18:15,0.489,W
11/29/24 18:30,0.798,W
11/29/24 18:45,0.708,W
11/29/24 19:00,0.69,W
11/29/24 19:15,0.547,W
11/29/24 19:30,0.354,W
11/29/24 19:45,0.375,W
11/29/24 20:00,0.376,W
11/29/24 20:15,0.355,W
11/29/24 20:30,0.381,W
11/29/24 20:45,0.392,W
11/29/24 21:00,0.37,W
11/29/24 21:15,0.351,W
11/29/24 21:30,0.339,W
11/29/24 21:45,0.357,W
11/29/24 22:00,0.335,W
11/29/24 22:15,0.338,W
11/29/24 22:30,0.342,W
11/29/24 22:45,0.38,W
11/29/24 23:00,0.643,W
11/29/24 23:15,0.412,W
11/29/24 23:30,0.243,W
11/29/24 23:45,0.12,W
11/30/24 0:00,0.164,W
11/30/24 0:15,0.252,W
11/30/24 0:30,0.258,W
11/30/24 0:45,0.219,W
11/30/24 1:00,0.234,W
11/30/24 1:15,0.278,W
11/30/24 1:30,0.242,W
11/30/24 1:45,0.208,W
11/30/24 2:00,0.237,W
11/30/24 2:15,0.244,W
11/30/24 2:30,0.25,W
11/30/24 2:45,0.25,W
11/30/24 3:00,0.261,W
11/30/24 3:15,0.259,W
11/30/24 3:30,0.603,W
11/30/24 3:45,0.59,W
11/30/24 4:00,0.365,W
11/30/24 4:15,0.241,W
11/30/24 4:30,0.258,W
11/30/24 4:45,0.253,W
11/30/24 5:00,0.245,W
11/30/24 5:15,0.276,W
11/30/24 5:30,0.257,W
11/30/24 5:45,0.277,W
11/30/24 6:00,0.266,W
11/30/24 6:15,0.252,W
11/30/24 6:30,0.261,W
11/30/24 6:45,0.276,W
11/30/24 7:00,0.428,W
11/30/24 7:15,0.447,W
11/30/24 7:30,0.378,W
11/30/24 7:45,0.68,W
11/30/24 8:00,1.081,W
11/30/24 8:15,0.285,W
11/30/24 8:30,0.545,W
11/30/24 8:45,0.691,W
11/30/24 9:00,0.271,W
11/30/24 9:15,0.288,W
11/30/24 9:30,0.306,W
11/30/24 9:45,0.303,W
11/30/24 10:00,0.291,W
11/30/24 10:15,0.326,W
11/30/24 10:30,0.3,W
11/30/24 10:45,0.248,W
11/30/24 11:00,0.253,W
11/30/24 11:15,0.421,W
11/30/24 11:30,0.548,W
11/30/24 11:45,1.158,W
11/30/24 12:00,0.894,W
11/30/24 12:15,0.68,W
11/30/24 12:30,0.207,W
11/30/24 12:45,0.429,W
11/30/24 13:00,0.286,W
11/30/24 13:15,0.396,W
11/30/24 13:30,0.329,W
11/30/24 13:45,0.239,W
11/30/24 14:00,0.237,W
11/30/24 14:15,0.277,W
11/30/24 14:30,0.251,W
11/30/24 14:45,0.433,W
11/30/24 15:00,0.644,W
11/30/24 15:15,0.654,W
11/30/24 15:30,0.866,W
11/30/24 15:45,0.66,W
11/30/24 16:00,0.662,W
11/30/24 16:15,0.576,W
11/30/24 16:30,0.218,W
11/30/24 16:45,0.2,W
11/30/24 17:00,0.237,W
11/30/24 17:15,0.313,W
11/30/24 17:30,0.317,W
11/30/24 17:45,0.338,W
11/30/24 18:00,0.604,W
11/30/24 18:15,0.692,W
11/30/24 18:30,0.753,W
11/30/24 18:45,0.759,W
11/30/24 19:00,0.732,W
11/30/24 19:15,0.728,W
11/30/24 19:30,0.754,W
11/30/24 19:45,0.794,W
11/30/24 20:00,0.768,W
11/30/24 20:15,0.775,W
11/30/24 20:30,0.989,W
11/30/24 20:45,1.035,W
11/30/24 21:00,1.069,W
11/30/24 21:15,0.711,W
11/30/24 21:30,0.722,W
11/30/24 21:45,0.604,W
11/30/24 22:00,0.369,W
11/30/24 22:15,0.359,W
11/30/24 22:30,0.348,W
11/30/24 22:45,0.333,W
11/30/24 23:00,0.306,W
11/30/24 23:15,0.318,W
11/30/24 23:30,0.265,W
11/30/24 23:45,0.206,W
12/1/24 0:00,0.149,W
12/1/24 0:15,0.149,W
12/1/24 0:30,0.222,W
12/1/24 0:45,0.215,W
12/1/24 1:00,0.215,W
12/1/24 1:15,0.235,W
12/1/24 1:30,0.227,W
12/1/24 1:45,0.221,W
12/1/24 2:00,0.222,W
12/1/24 2:15,0.264,W
12/1/24 2:30,0.223,W
12/1/24 2:45,0.179,W
12/1/24 3:00,0.203,W
12/1/24 3:15,0.236,W
12/1/24 3:30,0.207,W
12/1/24 3:45,0.184,W
12/1/24 4:00,0.215,W
12/1/24 4:15,0.265,W
12/1/24 4:30,0.271,W
12/1/24 4:45,0.247,W
12/1/24 5:00,0.245,W
12/1/24 5:15,0.289,W
12/1/24 5:30,0.295,W
12/1/24 5:45,0.241,W
12/1/24 6:00,0.265,W
12/1/24 6:15,0.265,W
12/1/24 6:30,0.238,W
12/1/24 6:45,0.233,W
12/1/24 7:00,0.276,W
12/1/24 7:15,0.261,W
12/1/24 7:30,0.227,W
12/1/24 7:45,0.388,W
12/1/24 8:00,0.259,W
12/1/24 8:15,0.277,W
12/1/24 8:30,0.293,W
12/1/24 8:45,0.263,W
12/1/24 9:00,0.257,W
12/1/24 9:15,0.369,W
12/1/24 9:30,0.246,W
12/1/24 9:45,0.237,W
12/1/24 10:00,0.261,W
12/1/24 10:15,0.235,W
12/1/24 10:30,0.236,W
12/1/24 10:45,0.382,W
12/1/24 11:00,0.464,W
12/1/24 11:15,0.642,W
12/1/24 11:30,0.665,W
12/1/24 11:45,0.558,W
12/1/24 12:00,0.299,W
12/1/24 12:15,0.235,W
12/1/24 12:30,0.21,W
12/1/24 12:45,0.118,W
12/1/24 13:00,0.166,W
12/1/24 13:15,0.244,W
12/1/24 13:30,0.205,W
12/1/24 13:45,0.23,W
12/1/24 14:00,0.253,W
12/1/24 14:15,0.223,W
12/1/24 14:30,0.226,W
12/1/24 14:45,0.279,W
12/1/24 15:00,0.339,W
12/1/24 15:15,0.326,W
12/1/24 15:30,0.254,W
12/1/24 15:45,0.211,W
12/1/24 16:00,0.253,W
12/1/24 16:15,0.267,W
12/1/24 16:30,0.233,W
12/1/24 16:45,0.222,W
12/1/24 17:00,0.425,W
12/1/24 17:15,0.4,W
12/1/24 17:30,0.333,W
12/1/24 17:45,0.319,W
12/1/24 18:00,0.37,W
12/1/24 18:15,0.398,W
12/1/24 18:30,0.364,W
12/1/24 18:45,0.344,W
12/1/24 19:00,0.388,W
12/1/24 19:15,0.391,W
12/1/24 19:30,0.366,W
12/1/24 19:45,0.355,W
12/1/24 20:00,0.375,W
12/1/24 20:15,0.389,W
12/1/24 20:30,0.539,W
12/1/24 20:45,0.418,W
12/1/24 21:00,0.39,W
12/1/24 21:15,0.384,W
12/1/24 21:30,0.372,W
12/1/24 21:45,0.458,W
12/1/24 22:00,0.439,W
12/1/24 22:15,0.369,W
12/1/24 22:30,0.369,W
12/1/24 22:45,0.328,W
12/1/24 23:00,0.352,W
12/1/24 23:15,0.351,W
12/1/24 23:30,0.222,W
12/1/24 23:45,0.218,W
12/2/24 0:00,0.246,W
12/2/24 0:15,0.234,W
12/2/24 0:30,0.221,W
12/2/24 0:45,0.252,W
12/2/24 1:00,0.238,W
12/2/24 1:15,0.227,W
12/2/24 1:30,0.204,W
12/2/24 1:45,0.209,W
12/2/24 2:00,0.229,W
12/2/24 2:15,0.21,W
12/2/24 2:30,0.221,W
12/2/24 2:45,0.22,W
12/2/24 3:00,0.238,W
12/2/24 3:15,0.232,W
12/2/24 3:30,0.213,W
12/2/24 3:45,0.276,W
12/2/24 4:00,0.251,W
12/2/24 4:15,0.242,W
12/2/24 4:30,0.202,W
12/2/24 4:45,0.203,W
12/2/24 5:00,0.231,W
12/2/24 5:15,0.266,W
12/2/24 5:30,0.243,W
12/2/24 5:45,0.24,W
12/2/24 6:00,0.238,W
12/2/24 6:15,0.211,W
12/2/24 6:30,0.241,W
12/2/24 6:45,0.255,W
12/2/24 7:00,0.308,W
12/2/24 7:15,0.314,W
12/2/24 7:30,0.432,W
12/2/24 7:45,0.245,W
12/2/24 8:00,0.293,W
12/2/24 8:15,0.321,W
12/2/24 8:30,0.261,W
12/2/24 8:45,0.257,W
12/2/24 9:00,0.265,W
12/2/24 9:15,0.253,W
12/2/24 9:30,0.26,W
12/2/24 9:45,0.267,W
12/2/24 10:00,0.259,W
12/2/24 10:15,0.253,W
12/2/24 10:30,0.289,W
12/2/24 10:45,0.248,W
12/2/24 11:00,0.251,W
12/2/24 11:15,0.265,W
12/2/24 11:30,0.227,W
12/2/24 11:45,0.256,W
12/2/24 12:00,0.285,W
12/2/24 12:15,0.24,W
12/2/24 12:30,0.332,W
12/2/24 12:45,0.347,W
12/2/24 13:00,0.284,W
12/2/24 13:15,0.261,W
12/2/24 13:30,0.262,W
12/2/24 13:45,0.281,W
12/2/24 14:00,0.272,W
12/2/24 14:15,0.393,W
12/2/24 14:30,0.596,W
12/2/24 14:45,0.609,W
12/2/24 15:00,0.597,W
12/2/24 15:15,0.312,W
12/2/24 15:30,0.293,W
12/2/24 15:45,0.36,W
12/2/24 16:00,0.278,W
12/2/24 16:15,0.261,W
12/2/24 16:30,0.279,W
12/2/24 16:45,0.286,W
12/2/24 17:00,0.271,W
12/2/24 17:15,0.298,W
12/2/24 17:30,0.301,W
12/2/24 17:45,0.467,W
12/2/24 18:00,0.51,W
12/2/24 18:15,0.301,W
12/2/24 18:30,0.34,W
12/2/24 18:45,0.619,W
12/2/24 19:00,0.798,W
12/2/24 19:15,0.704,W
12/2/24 19:30,0.662,W
12/2/24 19:45,0.391,W
12/2/24 20:00,0.381,W
12/2/24 20:15,0.404,W
12/2/24 20:30,0.391,W
12/2/24 20:45,0.39,W
12/2/24 21:00,0.395,W
12/2/24 21:15,0.405,W
12/2/24 21:30,0.367,W
12/2/24 21:45,0.393,W
12/2/24 22:00,0.356,W
12/2/24 22:15,0.317,W
12/2/24 22:30,0.332,W
12/2/24 22:45,0.357,W
12/2/24 23:00,0.329,W
12/2/24 23:15,0.332,W
12/2/24 23:30,0.386,W
12/2/24 23:45,0.297,W
12/3/24 0:00,0.273,W
12/3/24 0:15,0.252,W
12/3/24 0:30,0.275,W
12/3/24 0:45,0.271,W
12/3/24 1:00,0.244,W
12/3/24 1:15,0.228,W
12/3/24 1:30,0.229,W
12/3/24 1:45,0.23,W
12/3/24 2:00,0.234,W
12/3/24 2:15,0.224,W
12/3/24 2:30,0.227,W
12/3/24 2:45,0.221,W
12/3/24 3:00,0.206,W
12/3/24 3:15,0.208,W
12/3/24 3:30,0.224,W
12/3/24 3:45,0.23,W
12/3/24 4:00,0.213,W
12/3/24 4:15,0.237,W
12/3/24 4:30,0.245,W
12/3/24 4:45,0.212,W
12/3/24 5:00,0.198,W
12/3/24 5:15,0.263,W
12/3/24 5:30,0.184,W
12/3/24 5:45,0.165,W
12/3/24 6:00,0.241,W
12/3/24 6:15,0.249,W
12/3/24 6:30,0.288,W
12/3/24 6:45,0.243,W
12/3/24 7:00,0.237,W
12/3/24 7:15,0.258,W
12/3/24 7:30,0.284,W
12/3/24 7:45,0.468,W
12/3/24 8:00,0.251,W
12/3/24 8:15,0.246,W
12/3/24 8:30,0.234,W
12/3/24 8:45,0.48,W
12/3/24 9:00,0.411,W
12/3/24 9:15,0.68,W
12/3/24 9:30,0.76,W
12/3/24 9:45,0.714,W
12/3/24 10:00,0.249,W
12/3/24 10:15,0.25,W
12/3/24 10:30,0.229,W
12/3/24 10:45,0.249,W
12/3/24 11:00,0.268,W
12/3/24 11:15,0.309,W
12/3/24 11:30,0.55,W
12/3/24 11:45,0.244,W
12/3/24 12:00,0.251,W
12/3/24 12:15,0.225,W
12/3/24 12:30,0.22,W
12/3/24 12:45,0.219,W
12/3/24 13:00,0.227,W
12/3/24 13:15,0.262,W
12/3/24 13:30,0.272,W
12/3/24 13:45,0.224,W
12/3/24 14:00,0.259,W
12/3/24 14:15,0.238,W
12/3/24 14:30,0.233,W
12/3/24 14:45,0.245,W
12/3/24 15:00,0.277,W
12/3/24 15:15,0.386,W
12/3/24 15:30,0.46,W
12/3/24 15:45,0.525,W
12/3/24 16:00,0.543,W
12/3/24 16:15,0.475,W
12/3/24 16:30,0.321,W
12/3/24 16:45,0.334,W
12/3/24 17:00,0.352,W
12/3/24 17:15,0.326,W
12/3/24 17:30,0.245,W
12/3/24 17:45,0.294,W
12/3/24 18:00,1.069,W
12/3/24 18:15,0.654,W
12/3/24 18:30,0.265,W
12/3/24 18:45,0.344,W
12/3/24 19:00,0.23,W
12/3/24 19:15,0.188,W
12/3/24 19:30,0.194,W
12/3/24 19:45,0.241,W
12/3/24 20:00,0.269,W
12/3/24 20:15,0.632,W
12/3/24 20:30,0.609,W
12/3/24 20:45,0.635,W
12/3/24 21:00,0.471,W
12/3/24 21:15,0.248,W
12/3/24 21:30,0.259,W
12/3/24 21:45,0.317,W
12/3/24 22:00,0.377,W
12/3/24 22:15,0.358,W
12/3/24 22:30,0.347,W
12/3/24 22:45,0.343,W
12/3/24 23:00,0.344,W
12/3/24 23:15,0.352,W
12/3/24 23:30,0.333,W
12/3/24 23:45,0.269,W
12/4/24 0:00,0.193,W
12/4/24 0:15,0.205,W
12/4/24 0:30,0.252,W
12/4/24 0:45,0.249,W
12/4/24 1:00,0.21,W
12/4/24 1:15,0.205,W
12/4/24 1:30,0.298,W
12/4/24 1:45,0.234,W
12/4/24 2:00,0.109,W
12/4/24 2:15,0.1,W
12/4/24 2:30,0.11,W
12/4/24 2:45,0.083,W
12/4/24 3:00,0.083,W
12/4/24 3:15,0.096,W
12/4/24 3:30,0.094,W
12/4/24 3:45,0.09,W
12/4/24 4:00,0.314,W
12/4/24 4:15,0.368,W
12/4/24 4:30,0.212,W
12/4/24 4:45,0.222,W
12/4/24 5:00,0.208,W
12/4/24 5:15,0.24,W
12/4/24 5:30,0.273,W
12/4/24 5:45,0.229,W
12/4/24 6:00,0.225,W
12/4/24 6:15,0.224,W
12/4/24 6:30,0.253,W
12/4/24 6:45,0.229,W
12/4/24 7:00,0.257,W
12/4/24 7:15,0.282,W
12/4/24 7:30,0.457,W
12/4/24 7:45,0.295,W
12/4/24 8:00,0.286,W
12/4/24 8:15,0.296,W
12/4/24 8:30,0.251,W
12/4/24 8:45,0.258,W
12/4/24 9:00,0.522,W
12/4/24 9:15,0.296,W
12/4/24 9:30,0.245,W
12/4/24 9:45,0.265,W
12/4/24 10:00,0.234,W
12/4/24 10:15,0.247,W
12/4/24 10:30,0.264,W
12/4/24 10:45,0.233,W
12/4/24 11:00,0.223,W
12/4/24 11:15,0.388,W
12/4/24 11:30,0.262,W
12/4/24 11:45,0.221,W
12/4/24 12:00,0.216,W
12/4/24 12:15,0.231,W
12/4/24 12:30,0.224,W
12/4/24 12:45,0.206,W
12/4/24 13:00,0.214,W
12/4/24 13:15,0.376,W
12/4/24 13:30,0.578,W
12/4/24 13:45,0.588,W
12/4/24 14:00,0.595,W
12/4/24 14:15,0.303,W
12/4/24 14:30,0.244,W
12/4/24 14:45,0.44,W
12/4/24 15:00,0.4,W
12/4/24 15:15,0.444,W
12/4/24 15:30,0.274,W
12/4/24 15:45,0.299,W
12/4/24 16:00,0.279,W
12/4/24 16:15,0.334,W
12/4/24 16:30,0.65,W
12/4/24 16:45,0.613,W
12/4/24 17:00,0.608,W
12/4/24 17:15,0.562,W
12/4/24 17:30,0.282,W
12/4/24 17:45,0.271,W
12/4/24 18:00,0.256,W
12/4/24 18:15,0.615,W
12/4/24 18:30,0.309,W
12/4/24 18:45,0.272,W
12/4/24 19:00,0.324,W
12/4/24 19:15,0.342,W
12/4/24 19:30,0.67,W
12/4/24 19:45,1.058,W
12/4/24 20:00,1.055,W
12/4/24 20:15,1.163,W
12/4/24 20:30,0.813,W
12/4/24 20:45,0.764,W
12/4/24 21:00,0.77,W
12/4/24 21:15,0.724,W
12/4/24 21:30,0.755,W
12/4/24 21:45,0.828,W
12/4/24 22:00,0.563,W
12/4/24 22:15,0.424,W
12/4/24 22:30,0.456,W
12/4/24 22:45,0.358,W
12/4/24 23:00,0.34,W
12/4/24 23:15,0.321,W
12/4/24 23:30,0.211,W
12/4/24 23:45,0.215,W
12/5/24 0:00,0.225,W
12/5/24 0:15,0.224,W
12/5/24 0:30,0.216,W
12/5/24 0:45,0.552,W
12/5/24 1:00,0.305,W
12/5/24 1:15,0.238,W
12/5/24 1:30,0.239,W
12/5/24 1:45,0.229,W
12/5/24 2:00,0.234,W
12/5/24 2:15,0.254,W
12/5/24 2:30,0.228,W
12/5/24 2:45,0.165,W
12/5/24 3:00,0.19,W
12/5/24 3:15,0.214,W
12/5/24 3:30,0.225,W
12/5/24 3:45,0.265,W
12/5/24 4:00,0.236,W
12/5/24 4:15,0.213,W
12/5/24 4:30,0.234,W
12/5/24 4:45,0.241,W
12/5/24 5:00,0.221,W
12/5/24 5:15,0.244,W
12/5/24 5:30,0.341,W
12/5/24 5:45,0.305,W
12/5/24 6:00,0.254,W
12/5/24 6:15,0.234,W
12/5/24 6:30,0.269,W
12/5/24 6:45,0.264,W
12/5/24 7:00,0.268,W
12/5/24 7:15,0.303,W
12/5/24 7:30,0.456,W
12/5/24 7:45,0.803,W
12/5/24 8:00,0.596,W
12/5/24 8:15,0.601,W
12/5/24 8:30,0.614,W
12/5/24 8:45,0.759,E
12/5/24 9:00,0.598,E
12/5/24 9:15,0.798,E
12/5/24 9:30,0.352,W
12/5/24 9:45,0.221,W
12/5/24 10:00,0.211,W
12/5/24 10:15,0.246,W
12/5/24 10:30,0.257,W
12/5/24 10:45,0.27,W
12/5/24 11:00,0.442,W
12/5/24 11:15,0.449,W
12/5/24 11:30,0.655,W
12/5/24 11:45,0.569,W
12/5/24 12:00,0.37,W
12/5/24 12:15,0.298,W
12/5/24 12:30,0.269,W
12/5/24 12:45,0.327,W
12/5/24 13:00,0.334,W
12/5/24 13:15,0.294,W
12/5/24 13:30,0.263,W
12/5/24 13:45,0.304,W
12/5/24 14:00,0.324,W
12/5/24 14:15,0.287,W
12/5/24 14:30,0.28,W
12/5/24 14:45,0.257,W
12/5/24 15:00,0.277,W
12/5/24 15:15,0.308,W
12/5/24 15:30,0.353,W
12/5/24 15:45,0.323,W
12/5/24 16:00,0.333,W
12/5/24 16:15,0.323,W
12/5/24 16:30,0.3,W
12/5/24 16:45,0.266,W
12/5/24 17:00,0.812,W
12/5/24 17:15,0.89,W
12/5/24 17:30,0.528,W
12/5/24 17:45,0.503,W
12/5/24 18:00,0.491,W
12/5/24 18:15,0.528,W
12/5/24 18:30,0.493,W
12/5/24 18:45,0.518,W
12/5/24 19:00,0.558,W
12/5/24 19:15,0.563,W
12/5/24 19:30,0.564,W
12/5/24 19:45,0.626,W
12/5/24 20:00,0.588,W
12/5/24 20:15,0.558,W
12/5/24 20:30,0.552,W
12/5/24 20:45,0.562,W
12/5/24 21:00,0.549,W
12/5/24 21:15,0.564,W
12/5/24 21:30,0.582,W
12/5/24 21:45,0.434,W
12/5/24 22:00,0.365,W
12/5/24 22:15,0.41,W
12/5/24 22:30,0.386,W
12/5/24 22:45,0.367,W
12/5/24 23:00,0.682,W
12/5/24 23:15,0.372,W
12/5/24 23:30,0.259,W
12/5/24 23:45,0.253,W
12/6/24 0:00,0.26,W
12/6/24 0:15,0.232,W
12/6/24 0:30,0.253,W
12/6/24 0:45,0.233,W
12/6/24 1:00,0.248,W
12/6/24 1:15,0.196,W
12/6/24 1:30,0.103,W
12/6/24 1:45,0.12,W
12/6/24 2:00,0.105,W
12/6/24 2:15,0.075,W
12/6/24 2:30,0.085,W
12/6/24 2:45,0.109,W
12/6/24 3:00,0.077,W
12/6/24 3:15,0.092,W
12/6/24 3:30,0.31,W
12/6/24 3:45,0.498,W
12/6/24 4:00,0.228,W
12/6/24 4:15,0.214,W
12/6/24 4:30,0.269,W
12/6/24 4:45,0.27,W
12/6/24 5:00,0.241,W
12/6/24 5:15,0.285,W
12/6/24 5:30,0.303,W
12/6/24 5:45,0.276,W
12/6/24 6:00,0.277,W
12/6/24 6:15,0.252,W
12/6/24 6:30,0.264,W
12/6/24 6:45,0.283,W
12/6/24 7:00,0.297,W
12/6/24 7:15,0.3,W
12/6/24 7:30,0.293,W
12/6/24 7:45,0.355,W
12/6/24 8:00,0.32,W
12/6/24 8:15,0.277,W
12/6/24 8:30,0.625,W
12/6/24 8:45,0.638,W
12/6/24 9:00,0.501,W
12/6/24 9:15,0.713,W
12/6/24 9:30,0.39,W
12/6/24 9:45,0.268,W
12/6/24 10:00,0.257,W
12/6/24 10:15,0.282,W
12/6/24 10:30,0.29,W
12/6/24 10:45,0.711,W
12/6/24 11:00,0.535,W
12/6/24 11:15,0.857,W
12/6/24 11:30,0.794,W
12/6/24 11:45,0.514,W
12/6/24 12:00,0.428,W
12/6/24 12:15,0.354,W
12/6/24 12:30,0.325,W
12/6/24 12:45,0.278,W
12/6/24 13:00,0.302,W
12/6/24 13:15,0.294,W
12/6/24 13:30,0.247,W
12/6/24 13:45,0.257,W
12/6/24 14:00,0.317,W
12/6/24 14:15,0.301,W
12/6/24 14:30,0.299,W
12/6/24 14:45,0.274,W
12/6/24 15:00,0.328,W
12/6/24 15:15,0.437,W
12/6/24 15:30,0.346,W
12/6/24 15:45,0.319,W
12/6/24 16:00,0.348,W
12/6/24 16:15,0.38,W
12/6/24 16:30,0.347,W
12/6/24 16:45,0.367,W
12/6/24 17:00,0.567,W
12/6/24 17:15,0.729,W
12/6/24 17:30,1.368,W
12/6/24 17:45,1.147,W
12/6/24 18:00,0.422,W
12/6/24 18:15,0.373,W
12/6/24 18:30,1.146,W
12/6/24 18:45,0.538,W
12/6/24 19:00,0.511,W
12/6/24 19:15,0.921,W
12/6/24 19:30,0.343,W
12/6/24 19:45,0.364,W
12/6/24 20:00,0.324,W
12/6/24 20:15,0.235,W
12/6/24 20:30,0.32,W
12/6/24 20:45,0.41,W
12/6/24 21:00,0.362,W
12/6/24 21:15,0.347,W
12/6/24 21:30,0.363,W
12/6/24 21:45,0.407,W
12/6/24 22:00,0.439,W
12/6/24 22:15,0.356,W
12/6/24 22:30,0.324,W
12/6/24 22:45,0.35,W
12/6/24 23:00,0.34,W
12/6/24 23:15,0.315,W
12/6/24 23:30,0.312,W
12/6/24 23:45,0.334,W
12/7/24 0:00,0.299,W
12/7/24 0:15,0.205,W
12/7/24 0:30,0.213,W
12/7/24 0:45,0.206,W
12/7/24 1:00,0.212,W
12/7/24 1:15,0.222,W
12/7/24 1:30,0.21,W
12/7/24 1:45,0.223,W
12/7/24 2:00,0.227,W
12/7/24 2:15,0.204,W
12/7/24 2:30,0.222,W
12/7/24 2:45,0.243,W
12/7/24 3:00,0.224,W
12/7/24 3:15,0.196,W
12/7/24 3:30,0.235,W
12/7/24 3:45,0.242,W
12/7/24 4:00,0.194,W
12/7/24 4:15,0.141,W
12/7/24 4:30,0.098,W
12/7/24 4:45,0.106,W
12/7/24 5:00,0.107,W
12/7/24 5:15,0.125,W
12/7/24 5:30,0.15,W
12/7/24 5:45,0.149,W
12/7/24 6:00,0.199,W
12/7/24 6:15,0.266,W
12/7/24 6:30,0.258,W
12/7/24 6:45,0.249,W
12/7/24 7:00,0.245,W
12/7/24 7:15,0.271,W
12/7/24 7:30,0.308,W
12/7/24 7:45,0.438,W
12/7/24 8:00,0.227,W
12/7/24 8:15,0.262,W
12/7/24 8:30,0.559,W
12/7/24 8:45,0.614,W
12/7/24 9:00,0.689,W
12/7/24 9:15,0.739,W
12/7/24 9:30,0.352,W
12/7/24 9:45,0.372,W
12/7/24 10:00,0.692,W
12/7/24 10:15,0.423,W
12/7/24 10:30,0.239,W
12/7/24 10:45,0.431,W
12/7/24 11:00,0.831,W
12/7/24 11:15,0.618,W
12/7/24 11:30,0.91,W
12/7/24 11:45,1.273,W
12/7/24 12:00,1.486,W
12/7/24 12:15,0.711,W
12/7/24 12:30,0.633,W
12/7/24 12:45,1.011,W
12/7/24 13:00,0.672,W
12/7/24 13:15,0.7,W
12/7/24 13:30,0.691,W
12/7/24 13:45,0.633,W
12/7/24 14:00,0.636,W
12/7/24 14:15,0.689,W
12/7/24 14:30,0.674,W
12/7/24 14:45,0.689,W
12/7/24 15:00,0.641,W
12/7/24 15:15,0.541,W
12/7/24 15:30,0.611,W
12/7/24 15:45,1.048,W
12/7/24 16:00,1.071,W
12/7/24 16:15,0.896,W
12/7/24 16:30,0.718,W
12/7/24 16:45,0.752,W
12/7/24 17:00,0.697,W
12/7/24 17:15,0.63,W
12/7/24 17:30,0.577,W
12/7/24 17:45,0.367,W
12/7/24 18:00,0.415,W
12/7/24 18:15,0.928,W
12/7/24 18:30,0.814,W
12/7/24 18:45,0.457,W
12/7/24 19:00,1.27,W
12/7/24 19:15,0.872,W
12/7/24 19:30,0.733,W
12/7/24 19:45,0.381,W
12/7/24 20:00,0.374,W
12/7/24 20:15,0.358,W
12/7/24 20:30,0.389,W
12/7/24 20:45,0.407,W
12/7/24 21:00,0.354,W
12/7/24 21:15,0.353,W
12/7/24 21:30,0.411,W
12/7/24 21:45,0.37,W
12/7/24 22:00,0.389,W
12/7/24 22:15,0.4,W
12/7/24 22:30,0.387,W
12/7/24 22:45,0.363,W
12/7/24 23:00,0.376,W
12/7/24 23:15,0.383,W
12/7/24 23:30,0.354,W
12/7/24 23:45,0.321,W
12/8/24 0:00,0.247,W
12/8/24 0:15,0.249,W
12/8/24 0:30,0.235,W
12/8/24 0:45,0.234,W
12/8/24 1:00,0.135,W
12/8/24 1:15,0.12,W
12/8/24 1:30,0.108,W
12/8/24 1:45,0.109,W
12/8/24 2:00,0.147,W
12/8/24 2:15,0.134,W
12/8/24 2:30,0.103,W
12/8/24 2:45,0.154,W
12/8/24 3:00,0.25,W
12/8/24 3:15,0.254,W
12/8/24 3:30,0.222,W
12/8/24 3:45,0.235,W
12/8/24 4:00,0.257,W
12/8/24 4:15,0.24,W
12/8/24 4:30,0.256,W
12/8/24 4:45,0.237,W
12/8/24 5:00,0.262,W
12/8/24 5:15,0.278,W
12/8/24 5:30,0.286,W
12/8/24 5:45,0.268,W
12/8/24 6:00,0.256,W
12/8/24 6:15,0.242,W
12/8/24 6:30,0.243,W
12/8/24 6:45,0.277,W
12/8/24 7:00,0.284,W
12/8/24 7:15,0.253,W
12/8/24 7:30,0.272,W
12/8/24 7:45,0.292,W
12/8/24 8:00,0.421,W
12/8/24 8:15,0.259,W
12/8/24 8:30,0.289,W
12/8/24 8:45,0.16,W
12/8/24 9:00,0.14,W
12/8/24 9:15,0.12,W
12/8/24 9:30,0.158,W
12/8/24 9:45,0.273,W
12/8/24 10:00,0.239,W
12/8/24 10:15,0.24,W
12/8/24 10:30,0.262,W
12/8/24 10:45,0.244,W
12/8/24 11:00,0.252,W
12/8/24 11:15,0.259,W
12/8/24 11:30,0.273,W
12/8/24 11:45,0.703,W
12/8/24 12:00,0.932,W
12/8/24 12:15,0.745,W
12/8/24 12:30,0.661,W
12/8/24 12:45,0.613,W
12/8/24 13:00,0.76,W
12/8/24 13:15,0.535,W
12/8/24 13:30,0.261,W
12/8/24 13:45,0.245,W
12/8/24 14:00,0.244,W
12/8/24 14:15,0.286,W
12/8/24 14:30,0.273,W
12/8/24 14:45,0.284,W
12/8/24 15:00,0.288,W
12/8/24 15:15,0.296,W
12/8/24 15:30,0.338,W
12/8/24 15:45,0.325,W
12/8/24 16:00,0.321,W
12/8/24 16:15,0.38,W
12/8/24 16:30,0.385,W
12/8/24 16:45,0.369,W
12/8/24 17:00,0.432,W
12/8/24 17:15,0.38,W
12/8/24 17:30,0.37,W
12/8/24 17:45,0.435,W
12/8/24 18:00,0.407,W
12/8/24 18:15,0.391,W
12/8/24 18:30,0.359,W
12/8/24 18:45,0.362,W
12/8/24 19:00,0.335,W
12/8/24 19:15,0.365,W
12/8/24 19:30,0.372,W
12/8/24 19:45,0.34,W
12/8/24 20:00,0.399,W
12/8/24 20:15,0.419,W
12/8/24 20:30,0.348,W
12/8/24 20:45,0.355,W
12/8/24 21:00,0.365,W
12/8/24 21:15,0.382,W
12/8/24 21:30,0.334,W
12/8/24 21:45,0.326,W
12/8/24 22:00,0.367,W
12/8/24 22:15,0.343,W
12/8/24 22:30,0.35,W
12/8/24 22:45,0.324,W
12/8/24 23:00,0.26,W
12/8/24 23:15,0.234,W
12/8/24 23:30,0.248,W
12/8/24 23:45,0.246,W
12/9/24 0:00,0.208,W
12/9/24 0:15,0.231,W
12/9/24 0:30,0.111,W
12/9/24 0:45,0.107,W
12/9/24 1:00,0.142,W
12/9/24 1:15,0.187,W
12/9/24 1:30,0.204,W
12/9/24 1:45,0.244,W
12/9/24 2:00,0.233,W
12/9/24 2:15,0.226,W
12/9/24 2:30,0.232,W
12/9/24 2:45,0.243,W
12/9/24 3:00,0.24,W
12/9/24 3:15,0.228,W
12/9/24 3:30,0.235,W
12/9/24 3:45,0.256,W
12/9/24 4:00,0.245,W
12/9/24 4:15,0.241,W
12/9/24 4:30,0.267,W
12/9/24 4:45,0.311,W
12/9/24 5:00,0.303,W
12/9/24 5:15,0.209,W
12/9/24 5:30,0.149,W
12/9/24 5:45,0.151,W
12/9/24 6:00,0.109,W
12/9/24 6:15,0.096,W
12/9/24 6:30,0.178,W
12/9/24 6:45,0.141,W
12/9/24 7:00,0.122,W
12/9/24 7:15,0.151,W
12/9/24 7:30,0.312,W
12/9/24 7:45,0.462,W
12/9/24 8:00,0.241,W
12/9/24 8:15,0.237,W
12/9/24 8:30,0.832,W
12/9/24 8:45,0.59,W
12/9/24 9:00,0.629,W
12/9/24 9:15,0.315,W
12/9/24 9:30,0.284,W
12/9/24 9:45,0.258,W
12/9/24 10:00,0.554,W
12/9/24 10:15,0.294,W
12/9/24 10:30,0.316,W
12/9/24 10:45,0.324,W
12/9/24 11:00,0.609,W
12/9/24 11:15,0.973,W
12/9/24 11:30,0.831,W
12/9/24 11:45,0.6,W
12/9/24 12:00,0.579,W
12/9/24 12:15,0.588,W
12/9/24 12:30,0.784,W
12/9/24 12:45,0.691,W
12/9/24 13:00,1.045,W
12/9/24 13:15,1.103,W
12/9/24 13:30,1.007,W
12/9/24 13:45,0.613,W
12/9/24 14:00,0.638,W
12/9/24 14:15,0.198,W
12/9/24 14:30,0.294,W
12/9/24 14:45,0.15,W
12/9/24 15:00,0.184,W
12/9/24 15:15,0.177,W
12/9/24 15:30,0.304,W
12/9/24 15:45,0.407,W
12/9/24 16:00,0.448,W
12/9/24 16:15,0.458,W
12/9/24 16:30,0.479,W
12/9/24 16:45,0.444,W
12/9/24 17:00,0.441,W
12/9/24 17:15,0.307,W
12/9/24 17:30,0.31,W
12/9/24 17:45,0.404,W
12/9/24 18:00,0.34,W
12/9/24 18:15,0.395,W
12/9/24 18:30,0.397,W
12/9/24 18:45,0.355,W
12/9/24 19:00,0.37,W
12/9/24 19:15,0.38,W
12/9/24 19:30,0.423,W
12/9/24 19:45,0.413,W
12/9/24 20:00,0.37,W
12/9/24 20:15,0.496,W
12/9/24 20:30,0.5,W
12/9/24 20:45,0.358,W
12/9/24 21:00,0.378,W
12/9/24 21:15,0.38,W
12/9/24 21:30,0.356,W
12/9/24 21:45,0.361,W
12/9/24 22:00,0.382,W
12/9/24 22:15,0.377,W
12/9/24 22:30,0.35,W
12/9/24 22:45,0.348,W
12/9/24 23:00,0.303,W
12/9/24 23:15,0.266,W
12/9/24 23:30,0.207,W
12/9/24 23:45,0.27,W
12/10/24 0:00,0.239,W
12/10/24 0:15,0.112,W
12/10/24 0:30,0.096,W
12/10/24 0:45,0.106,W
12/10/24 1:00,0.091,W
12/10/24 1:15,0.093,W
12/10/24 1:30,0.093,W
12/10/24 1:45,0.097,W
12/10/24 2:00,0.112,W
12/10/24 2:15,0.116,W
12/10/24 2:30,0.132,W
12/10/24 2:45,0.246,W
12/10/24 3:00,0.232,W
12/10/24 3:15,0.202,W
12/10/24 3:30,0.209,W
12/10/24 3:45,0.227,W
12/10/24 4:00,0.208,W
12/10/24 4:15,0.194,W
12/10/24 4:30,0.221,W
12/10/24 4:45,0.267,W
12/10/24 5:00,0.226,W
12/10/24 5:15,0.254,W
12/10/24 5:30,0.276,W
12/10/24 5:45,0.224,W
12/10/24 6:00,0.125,W
12/10/24 6:15,0.115,W
12/10/24 6:30,0.122,W
12/10/24 6:45,0.098,W
12/10/24 7:00,0.107,W
12/10/24 7:15,0.149,W
12/10/24 7:30,0.127,W
12/10/24 7:45,0.438,W
12/10/24 8:00,0.274,W
12/10/24 8:15,0.276,W
12/10/24 8:30,0.597,W
12/10/24 8:45,0.61,W
12/10/24 9:00,0.555,W
12/10/24 9:15,0.372,W
12/10/24 9:30,0.481,W
12/10/24 9:45,0.558,W
12/10/24 10:00,0.694,W
12/10/24 10:15,0.607,W
12/10/24 10:30,0.569,W
12/10/24 10:45,0.679,W
12/10/24 11:00,0.588,W
12/10/24 11:15,0.208,W
12/10/24 11:30,0.216,W
12/10/24 11:45,0.427,W
12/10/24 12:00,0.469,W
12/10/24 12:15,0.542,W
12/10/24 12:30,0.335,W
12/10/24 12:45,0.249,W
12/10/24 13:00,0.234,W
12/10/24 13:15,0.256,W
12/10/24 13:30,0.275,W
12/10/24 13:45,0.267,W
12/10/24 14:00,0.221,W
12/10/24 14:15,0.237,W
12/10/24 14:30,0.28,W
12/10/24 14:45,0.638,W
12/10/24 15:00,0.688,W
12/10/24 15:15,0.634,W
12/10/24 15:30,0.574,W
12/10/24 15:45,0.594,W
12/10/24 16:00,0.575,W
12/10/24 16:15,0.61,W
12/10/24 16:30,0.648,W
12/10/24 16:45,0.847,W
12/10/24 17:00,0.575,W
12/10/24 17:15,0.712,W
12/10/24 17:30,0.397,W
12/10/24 17:45,0.437,W
12/10/24 18:00,0.315,W
12/10/24 18:15,0.391,W
12/10/24 18:30,0.269,W
12/10/24 18:45,0.262,W
12/10/24 19:00,0.353,W
12/10/24 19:15,0.374,W
12/10/24 19:30,0.406,W
12/10/24 19:45,0.378,W
12/10/24 20:00,0.341,W
12/10/24 20:15,0.379,W
12/10/24 20:30,0.379,W
12/10/24 20:45,0.369,W
12/10/24 21:00,0.373,W
12/10/24 21:15,0.363,W
12/10/24 21:30,0.349,W
12/10/24 21:45,0.365,W
12/10/24 22:00,0.402,W
12/10/24 22:15,0.385,W
12/10/24 22:30,0.38,W
12/10/24 22:45,0.309,W
12/10/24 23:00,0.344,W
12/10/24 23:15,0.482,W
12/10/24 23:30,0.275,W
12/10/24 23:45,0.189,W
12/11/24 0:00,0.121,W
12/11/24 0:15,0.178,W
12/11/24 0:30,0.427,W
12/11/24 0:45,0.268,W
12/11/24 1:00,0.159,W
12/11/24 1:15,0.16,W
12/11/24 1:30,0.146,W
12/11/24 1:45,0.172,W
12/11/24 2:00,0.244,W
12/11/24 2:15,0.273,W
12/11/24 2:30,0.26,W
12/11/24 2:45,0.213,W
12/11/24 3:00,0.246,W
12/11/24 3:15,0.265,W
12/11/24 3:30,0.249,W
12/11/24 3:45,0.234,W
12/11/24 4:00,0.261,W
12/11/24 4:15,0.257,W
12/11/24 4:30,0.23,W
12/11/24 4:45,0.244,W
12/11/24 5:00,0.243,W
12/11/24 5:15,0.274,W
12/11/24 5:30,0.262,W
12/11/24 5:45,0.24,W
12/11/24 6:00,0.166,W
12/11/24 6:15,0.153,W
12/11/24 6:30,0.122,W
12/11/24 6:45,0.108,W
12/11/24 7:00,0.155,W
12/11/24 7:15,0.203,W
12/11/24 7:30,0.154,W
12/11/24 7:45,0.442,W
12/11/24 8:00,0.735,W
12/11/24 8:15,0.727,W
12/11/24 8:30,0.815,W
12/11/24 8:45,1.133,W
12/11/24 9:00,1.068,W
12/11/24 9:15,1.171,W
12/11/24 9:30,0.904,W
12/11/24 9:45,0.632,W
12/11/24 10:00,0.318,W
12/11/24 10:15,0.283,W
12/11/24 10:30,0.251,W
12/11/24 10:45,0.273,W
12/11/24 11:00,0.253,W
12/11/24 11:15,0.282,W
12/11/24 11:30,0.255,W
12/11/24 11:45,0.283,W
12/11/24 12:00,0.243,W
12/11/24 12:15,0.21,W
12/11/24 12:30,0.244,W
12/11/24 12:45,0.269,W
12/11/24 13:00,0.232,W
12/11/24 13:15,0.226,W
12/11/24 13:30,0.24,W
12/11/24 13:45,0.244,W
12/11/24 14:00,0.229,W
12/11/24 14:15,0.424,W
12/11/24 14:30,0.406,W
12/11/24 14:45,0.691,W
12/11/24 15:00,0.503,W
12/11/24 15:15,0.32,W
12/11/24 15:30,0.312,W
12/11/24 15:45,0.31,W
12/11/24 16:00,0.301,W
12/11/24 16:15,0.291,W
12/11/24 16:30,0.354,W
12/11/24 16:45,0.294,W
12/11/24 17:00,0.279,W
12/11/24 17:15,0.596,W
12/11/24 17:30,1.293,W
12/11/24 17:45,0.797,W
12/11/24 18:00,0.438,W
12/11/24 18:15,0.316,W
12/11/24 18:30,0.298,W
12/11/24 18:45,0.263,W
12/11/24 19:00,0.291,W
12/11/24 19:15,0.458,W
12/11/24 19:30,0.399,W
12/11/24 19:45,0.35,W
12/11/24 20:00,0.348,W
12/11/24 20:15,0.365,W
12/11/24 20:30,0.368,W
12/11/24 20:45,0.272,W
12/11/24 21:00,0.336,W
12/11/24 21:15,0.557,W
12/11/24 21:30,0.441,W
12/11/24 21:45,0.239,W
12/11/24 22:00,0.279,W
12/11/24 22:15,0.257,W
12/11/24 22:30,0.219,W
12/11/24 22:45,0.21,W
12/11/24 23:00,0.28,W
12/11/24 23:15,0.338,W
12/11/24 23:30,0.288,W
12/11/24 23:45,0.148,W
12/12/24 0:00,0.197,W
12/12/24 0:15,0.216,W
12/12/24 0:30,0.329,W
12/12/24 0:45,0.283,W
12/12/24 1:00,0.231,W
12/12/24 1:15,0.222,W
12/12/24 1:30,0.218,W
12/12/24 1:45,0.222,W
12/12/24 2:00,0.239,W
12/12/24 2:15,0.231,W
12/12/24 2:30,0.228,W
12/12/24 2:45,0.251,W
12/12/24 3:00,0.257,W
12/12/24 3:15,0.251,W
12/12/24 3:30,0.25,W
12/12/24 3:45,0.251,W
12/12/24 4:00,0.227,W
12/12/24 4:15,0.234,W
12/12/24 4:30,0.254,W
12/12/24 4:45,0.245,W
12/12/24 5:00,0.187,W
12/12/24 5:15,0.227,W
12/12/24 5:30,0.234,W
12/12/24 5:45,0.205,W
12/12/24 6:00,0.209,W
12/12/24 6:15,0.226,W
12/12/24 6:30,0.206,W
12/12/24 6:45,0.208,W
12/12/24 7:00,0.229,W
12/12/24 7:15,0.283,W
12/12/24 7:30,0.273,W
12/12/24 7:45,0.45,W
12/12/24 8:00,0.204,W
12/12/24 8:15,0.197,W
12/12/24 8:30,0.538,W
12/12/24 8:45,0.548,W
12/12/24 9:00,0.527,W
12/12/24 9:15,0.371,W
12/12/24 9:30,0.211,W
12/12/24 9:45,0.177,W
12/12/24 10:00,0.209,W
12/12/24 10:15,0.214,W
12/12/24 10:30,0.201,W
12/12/24 10:45,0.202,W
12/12/24 11:00,0.252,W
12/12/24 11:15,0.326,W
12/12/24 11:30,0.239,W
12/12/24 11:45,0.25,W
12/12/24 12:00,0.222,W
12/12/24 12:15,0.17,W
12/12/24 12:30,0.231,W
12/12/24 12:45,0.224,W
12/12/24 13:00,0.227,W
12/12/24 13:15,0.221,W
12/12/24 13:30,0.274,W
12/12/24 13:45,0.277,W
12/12/24 14:00,0.245,W
12/12/24 14:15,0.252,W
12/12/24 14:30,0.236,W
12/12/24 14:45,0.278,W
12/12/24 15:00,0.254,W
12/12/24 15:15,0.246,W
12/12/24 15:30,0.513,W
12/12/24 15:45,0.787,W
12/12/24 16:00,0.832,W
12/12/24 16:15,0.615,W
12/12/24 16:30,0.661,W
12/12/24 16:45,0.794,W
12/12/24 17:00,0.947,W
12/12/24 17:15,0.289,W
12/12/24 17:30,0.404,W
12/12/24 17:45,0.403,W
12/12/24 18:00,0.299,W
12/12/24 18:15,0.356,W
12/12/24 18:30,0.364,W
12/12/24 18:45,0.397,W
12/12/24 19:00,0.358,W
12/12/24 19:15,0.396,W
12/12/24 19:30,0.471,W
12/12/24 19:45,0.425,W
12/12/24 20:00,0.306,W
12/12/24 20:15,0.358,W
12/12/24 20:30,0.34,W
12/12/24 20:45,0.389,W
12/12/24 21:00,0.363,W
12/12/24 21:15,0.319,W
12/12/24 21:30,0.293,W
12/12/24 21:45,0.606,W
12/12/24 22:00,0.718,W
12/12/24 22:15,0.703,W
12/12/24 22:30,0.656,W
12/12/24 22:45,0.674,W
12/12/24 23:00,0.702,W
12/12/24 23:15,0.677,W
12/12/24 23:30,0.654,W
12/12/24 23:45,0.663,W
12/13/24 0:00,0.669,W
12/13/24 0:15,0.655,W
12/13/24 0:30,0.651,W
12/13/24 0:45,0.671,W
12/13/24 1:00,0.25,W
12/13/24 1:15,0.204,W
12/13/24 1:30,0.177,W
12/13/24 1:45,0.216,W
12/13/24 2:00,0.22,W
12/13/24 2:15,0.132,W
12/13/24 2:30,0.085,W
12/13/24 2:45,0.13,W
12/13/24 3:00,0.195,W
12/13/24 3:15,0.192,W
12/13/24 3:30,0.221,W
12/13/24 3:45,0.234,W
12/13/24 4:00,0.204,W
12/13/24 4:15,0.228,W
12/13/24 4:30,0.247,W
12/13/24 4:45,0.244,W
12/13/24 5:00,0.238,W
12/13/24 5:15,0.254,W
12/13/24 5:30,0.276,W
12/13/24 5:45,0.244,W
12/13/24 6:00,0.219,W
12/13/24 6:15,0.215,W
12/13/24 6:30,0.247,W
12/13/24 6:45,0.232,W
12/13/24 7:00,0.227,W
12/13/24 7:15,0.257,W
12/13/24 7:30,0.255,W
12/13/24 7:45,0.239,W
12/13/24 8:00,0.309,W
12/13/24 8:15,0.237,W
12/13/24 8:30,0.239,W
12/13/24 8:45,0.405,W
12/13/24 9:00,0.6,W
12/13/24 9:15,0.686,W
12/13/24 9:30,0.793,W
12/13/24 9:45,0.633,W
12/13/24 10:00,0.982,W
12/13/24 10:15,1.61,W
12/13/24 10:30,1.04,W
12/13/24 10:45,0.826,W
12/13/24 11:00,1.319,W
12/13/24 11:15,0.73,W
12/13/24 11:30,0.598,W
12/13/24 11:45,0.176,W
12/13/24 12:00,0.227,W
12/13/24 12:15,0.62,W
12/13/24 12:30,0.245,W
12/13/24 12:45,0.32,W
12/13/24 13:00,0.266,W
12/13/24 13:15,0.262,W
12/13/24 13:30,0.306,W
12/13/24 13:45,0.27,W
12/13/24 14:00,0.278,W
12/13/24 14:15,0.278,W
12/13/24 14:30,0.306,W
12/13/24 14:45,0.376,W
12/13/24 15:00,0.347,W
12/13/24 15:15,0.288,W
12/13/24 15:30,0.323,W
12/13/24 15:45,0.426,W
12/13/24 16:00,0.663,W
12/13/24 16:15,0.718,W
12/13/24 16:30,0.729,W
12/13/24 16:45,0.7,W
12/13/24 17:00,0.741,W
12/13/24 17:15,0.953,W
12/13/24 17:30,1.071,W
12/13/24 17:45,0.471,W
12/13/24 18:00,0.36,W
12/13/24 18:15,0.346,W
12/13/24 18:30,0.379,W
12/13/24 18:45,0.347,W
12/13/24 19:00,0.34,W
12/13/24 19:15,0.353,W
12/13/24 19:30,0.378,W
12/13/24 19:45,0.359,W
12/13/24 20:00,0.333,W
12/13/24 20:15,0.371,W
12/13/24 20:30,0.354,W
12/13/24 20:45,0.353,W
12/13/24 21:00,0.364,W
12/13/24 21:15,0.436,W
12/13/24 21:30,0.372,W
12/13/24 21:45,0.363,W
12/13/24 22:00,0.418,W
12/13/24 22:15,0.404,W
12/13/24 22:30,0.417,W
12/13/24 22:45,0.358,W
12/13/24 23:00,0.362,W
12/13/24 23:15,0.374,W
12/13/24 23:30,0.255,W
12/13/24 23:45,0.237,W
12/14/24 0:00,0.254,W
12/14/24 0:15,0.259,W
12/14/24 0:30,0.227,W
12/14/24 0:45,0.241,W
12/14/24 1:00,0.259,W
12/14/24 1:15,0.243,W
12/14/24 1:30,0.229,W
12/14/24 1:45,0.25,W
12/14/24 2:00,0.231,W
12/14/24 2:15,0.239,W
12/14/24 2:30,0.215,W
12/14/24 2:45,0.231,W
12/14/24 3:00,0.226,W
12/14/24 3:15,0.209,W
12/14/24 3:30,0.231,W
12/14/24 3:45,0.24,W
12/14/24 4:00,0.221,W
12/14/24 4:15,0.219,W
12/14/24 4:30,0.229,W
12/14/24 4:45,0.247,W
12/14/24 5:00,0.15,W
12/14/24 5:15,0.109,W
12/14/24 5:30,0.129,W
12/14/24 5:45,0.1,W
12/14/24 6:00,0.098,W
12/14/24 6:15,0.212,W
12/14/24 6:30,0.228,W
12/14/24 6:45,0.225,W
12/14/24 7:00,0.218,W
12/14/24 7:15,0.258,W
12/14/24 7:30,0.253,W
12/14/24 7:45,0.38,W
12/14/24 8:00,0.256,W
12/14/24 8:15,0.397,W
12/14/24 8:30,0.86,W
12/14/24 8:45,0.591,W
12/14/24 9:00,0.674,W
12/14/24 9:15,0.353,W
12/14/24 9:30,0.228,W
12/14/24 9:45,0.253,W
12/14/24 10:00,0.544,W
12/14/24 10:15,0.776,W
12/14/24 10:30,0.748,W
12/14/24 10:45,0.392,W
12/14/24 11:00,0.39,W
12/14/24 11:15,0.621,W
12/14/24 11:30,0.415,W
12/14/24 11:45,0.705,W
12/14/24 12:00,0.645,W
12/14/24 12:15,0.358,W
12/14/24 12:30,0.212,W
12/14/24 12:45,0.282,W
12/14/24 13:00,0.236,W
12/14/24 13:15,0.448,W
12/14/24 13:30,0.58,W
12/14/24 13:45,0.622,W
12/14/24 14:00,0.62,W
12/14/24 14:15,0.578,W
12/14/24 14:30,0.599,W
12/14/24 14:45,0.664,W
12/14/24 15:00,0.993,W
12/14/24 15:15,0.642,W
12/14/24 15:30,0.749,W
12/14/24 15:45,0.69,W
12/14/24 16:00,0.703,W
12/14/24 16:15,0.734,W
12/14/24 16:30,0.793,W
12/14/24 16:45,0.477,W
12/14/24 17:00,0.436,W
12/14/24 17:15,0.437,W
12/14/24 17:30,0.685,W
12/14/24 17:45,0.68,W
12/14/24 18:00,0.747,W
12/14/24 18:15,0.686,W
12/14/24 18:30,0.304,W
12/14/24 18:45,0.24,W
12/14/24 19:00,0.242,W
12/14/24 19:15,0.265,W
12/14/24 19:30,0.266,W
12/14/24 19:45,0.389,W
12/14/24 20:00,0.322,W
12/14/24 20:15,0.384,W
12/14/24 20:30,0.347,W
12/14/24 20:45,0.335,W
12/14/24 21:00,0.349,W
12/14/24 21:15,0.379,W
12/14/24 21:30,0.362,W
12/14/24 21:45,0.36,W
12/14/24 22:00,0.364,W
12/14/24 22:15,0.361,W
12/14/24 22:30,0.339,W
12/14/24 22:45,0.341,W
12/14/24 23:00,0.348,W
12/14/24 23:15,0.277,W
12/14/24 23:30,0.217,W
12/14/24 23:45,0.204,W
12/15/24 0:00,0.219,W
12/15/24 0:15,0.226,W
12/15/24 0:30,0.202,W
12/15/24 0:45,0.207,W
12/15/24 1:00,0.235,W
12/15/24 1:15,0.211,W
12/15/24 1:30,0.207,W
12/15/24 1:45,0.235,W
12/15/24 2:00,0.17,W
12/15/24 2:15,0.123,W
12/15/24 2:30,0.104,W
12/15/24 2:45,0.103,W
12/15/24 3:00,0.098,W
12/15/24 3:15,0.082,W
12/15/24 3:30,0.095,W
12/15/24 3:45,0.107,W
12/15/24 4:00,0.095,W
12/15/24 4:15,0.096,W
12/15/24 4:30,0.159,W
12/15/24 4:45,0.236,W
12/15/24 5:00,0.209,W
12/15/24 5:15,0.218,W
12/15/24 5:30,0.249,W
12/15/24 5:45,0.24,W
12/15/24 6:00,0.2,W
12/15/24 6:15,0.216,W
12/15/24 6:30,0.269,W
12/15/24 6:45,0.245,W
12/15/24 7:00,0.247,W
12/15/24 7:15,0.287,W
12/15/24 7:30,0.466,W
12/15/24 7:45,0.326,W
12/15/24 8:00,0.259,W
12/15/24 8:15,0.662,W
12/15/24 8:30,0.641,W
12/15/24 8:45,0.604,W
12/15/24 9:00,0.399,W
12/15/24 9:15,0.267,W
12/15/24 9:30,0.271,W
12/15/24 9:45,0.248,W
12/15/24 10:00,0.261,W
12/15/24 10:15,0.263,W
12/15/24 10:30,0.244,W
12/15/24 10:45,0.245,W
12/15/24 11:00,0.276,W
12/15/24 11:15,0.245,W
12/15/24 11:30,0.234,W
12/15/24 11:45,0.246,W
12/15/24 12:00,0.276,W
12/15/24 12:15,0.281,W
12/15/24 12:30,0.584,W
12/15/24 12:45,1.228,W
12/15/24 13:00,0.719,W
12/15/24 13:15,0.29,W
12/15/24 13:30,0.291,W
12/15/24 13:45,0.286,W
12/15/24 14:00,0.265,W
12/15/24 14:15,0.411,W
12/15/24 14:30,0.868,W
12/15/24 14:45,0.466,W
12/15/24 15:00,0.644,W
12/15/24 15:15,0.804,W
12/15/24 15:30,0.826,W
12/15/24 15:45,0.653,W
12/15/24 16:00,0.614,W
12/15/24 16:15,0.63,W
12/15/24 16:30,0.628,W
12/15/24 16:45,0.527,W
12/15/24 17:00,0.541,W
12/15/24 17:15,0.595,W
12/15/24 17:30,0.649,W
12/15/24 17:45,0.742,W
12/15/24 18:00,0.712,W
12/15/24 18:15,0.665,W
12/15/24 18:30,0.704,W
12/15/24 18:45,0.654,W
12/15/24 19:00,0.661,W
12/15/24 19:15,0.691,W
12/15/24 19:30,0.715,W
12/15/24 19:45,0.749,W
12/15/24 20:00,0.778,W
12/15/24 20:15,0.744,W
12/15/24 20:30,0.737,W
12/15/24 20:45,0.686,W
12/15/24 21:00,0.697,W
12/15/24 21:15,0.717,W
12/15/24 21:30,0.706,W
12/15/24 21:45,0.673,W
12/15/24 22:00,0.694,W
12/15/24 22:15,0.702,W
12/15/24 22:30,0.608,W
12/15/24 22:45,0.583,W
12/15/24 23:00,0.19,W
12/15/24 23:15,0.111,W
12/15/24 23:30,0.097,W
12/15/24 23:45,0.118,W
12/16/24 0:00,0.121,W
12/16/24 0:15,0.108,W
12/16/24 0:30,0.113,W
12/16/24 0:45,0.115,W
12/16/24 1:00,0.093,W
12/16/24 1:15,0.11,W
12/16/24 1:30,0.1,W
12/16/24 1:45,0.09,W
12/16/24 2:00,0.105,W
12/16/24 2:15,0.124,W
12/16/24 2:30,0.184,W
12/16/24 2:45,0.195,W
12/16/24 3:00,0.218,W
12/16/24 3:15,0.204,W
12/16/24 3:30,0.191,W
12/16/24 3:45,0.224,W
12/16/24 4:00,0.227,W
12/16/24 4:15,0.188,W
12/16/24 4:30,0.207,W
12/16/24 4:45,0.237,W
12/16/24 5:00,0.198,W
12/16/24 5:15,0.245,W
12/16/24 5:30,0.253,W
12/16/24 5:45,0.251,W
12/16/24 6:00,0.224,W
12/16/24 6:15,0.215,W
12/16/24 6:30,0.236,W
12/16/24 6:45,0.238,W
12/16/24 7:00,0.272,W
12/16/24 7:15,0.291,W
12/16/24 7:30,0.361,W
12/16/24 7:45,0.298,W
12/16/24 8:00,0.265,W
12/16/24 8:15,0.243,W
12/16/24 8:30,0.484,W
12/16/24 8:45,0.534,W
12/16/24 9:00,0.252,W
12/16/24 9:15,0.234,W
12/16/24 9:30,0.252,W
12/16/24 9:45,0.24,W
12/16/24 10:00,0.224,W
12/16/24 10:15,0.24,W
12/16/24 10:30,0.257,W
12/16/24 10:45,0.212,W
12/16/24 11:00,0.212,W
12/16/24 11:15,0.567,W
12/16/24 11:30,0.611,W
12/16/24 11:45,1.174,W
12/16/24 12:00,0.924,W
12/16/24 12:15,1.124,W
12/16/24 12:30,1.532,W
12/16/24 12:45,0.964,W
12/16/24 13:00,0.584,W
12/16/24 13:15,0.453,W
12/16/24 13:30,0.157,W
12/16/24 13:45,0.206,W
12/16/24 14:00,0.226,W
12/16/24 14:15,0.145,W
12/16/24 14:30,0.119,W
12/16/24 14:45,0.453,W
12/16/24 15:00,0.24,W
12/16/24 15:15,0.234,W
12/16/24 15:30,0.318,W
12/16/24 15:45,0.656,W
12/16/24 16:00,1.051,W
12/16/24 16:15,1.552,W
12/16/24 16:30,1.558,W
12/16/24 16:45,0.915,W
12/16/24 17:00,0.83,W
12/16/24 17:15,0.65,W
12/16/24 17:30,0.634,W
12/16/24 17:45,0.314,W
12/16/24 18:00,0.294,W
12/16/24 18:15,0.16,W
12/16/24 18:30,0.174,W
12/16/24 18:45,0.226,W
12/16/24 19:00,0.284,W
12/16/24 19:15,0.32,W
12/16/24 19:30,0.364,W
12/16/24 19:45,0.44,W
12/16/24 20:00,0.366,W
12/16/24 20:15,0.323,W
12/16/24 20:30,0.327,W
12/16/24 20:45,0.374,W
12/16/24 21:00,0.39,W
12/16/24 21:15,0.371,W
12/16/24 21:30,0.346,W
12/16/24 21:45,0.364,W
12/16/24 22:00,0.349,W
12/16/24 22:15,0.331,W
12/16/24 22:30,0.275,W
12/16/24 22:45,0.279,W
12/16/24 23:00,0.231,W
12/16/24 23:15,0.217,W
12/16/24 23:30,0.24,W
12/16/24 23:45,0.233,W
12/17/24 0:00,0.215,W
12/17/24 0:15,0.219,W
12/17/24 0:30,0.178,W
12/17/24 0:45,0.1,W
12/17/24 1:00,0.078,W
12/17/24 1:15,0.09,W
12/17/24 1:30,0.134,W
12/17/24 1:45,0.091,W
12/17/24 2:00,0.078,W
12/17/24 2:15,0.105,W
12/17/24 2:30,0.104,W
12/17/24 2:45,0.093,W
12/17/24 3:00,0.113,W
12/17/24 3:15,0.249,W
12/17/24 3:30,0.208,W
12/17/24 3:45,0.188,W
12/17/24 4:00,0.213,W
12/17/24 4:15,0.222,W
12/17/24 4:30,0.246,W
12/17/24 4:45,0.208,W
12/17/24 5:00,0.226,W
12/17/24 5:15,0.246,W
12/17/24 5:30,0.233,W
12/17/24 5:45,0.21,W
12/17/24 6:00,0.242,W
12/17/24 6:15,0.235,W
12/17/24 6:30,0.083,W
12/17/24 6:45,0.085,W
12/17/24 7:00,0.137,W
12/17/24 7:15,0.154,W
12/17/24 7:30,0.139,W
12/17/24 7:45,0.34,W
12/17/24 8:00,0.172,W
12/17/24 8:15,0.263,W
12/17/24 8:30,0.234,W
12/17/24 8:45,0.284,W
12/17/24 9:00,0.276,W
12/17/24 9:15,0.586,W
12/17/24 9:30,0.811,W
12/17/24 9:45,1.059,W
12/17/24 10:00,1.121,W
12/17/24 10:15,1.048,W
12/17/24 10:30,0.618,W
12/17/24 10:45,0.632,W
12/17/24 11:00,0.642,W
12/17/24 11:15,0.538,W
12/17/24 11:30,0.213,W
12/17/24 11:45,0.254,W
12/17/24 12:00,0.141,W
12/17/24 12:15,0.581,W
12/17/24 12:30,0.403,W
12/17/24 12:45,0.402,W
12/17/24 13:00,0.502,W
12/17/24 13:15,0.532,W
12/17/24 13:30,0.501,W
12/17/24 13:45,0.834,W
12/17/24 14:00,0.594,W
12/17/24 14:15,0.586,W
12/17/24 14:30,0.365,W
12/17/24 14:45,0.321,W
12/17/24 15:00,0.223,W
12/17/24 15:15,0.243,W
12/17/24 15:30,0.272,W
12/17/24 15:45,0.235,W
12/17/24 16:00,0.231,W
12/17/24 16:15,0.261,W
12/17/24 16:30,0.274,W
12/17/24 16:45,0.321,W
12/17/24 17:00,0.233,W
12/17/24 17:15,0.261,W
12/17/24 17:30,0.265,W
12/17/24 17:45,0.273,W
12/17/24 18:00,0.277,W
12/17/24 18:15,0.267,W
12/17/24 18:30,0.305,W
12/17/24 18:45,0.284,W
12/17/24 19:00,0.34,W
12/17/24 19:15,0.342,W
12/17/24 19:30,0.357,W
12/17/24 19:45,0.342,W
12/17/24 20:00,0.355,W
12/17/24 20:15,0.345,W
12/17/24 20:30,0.371,W
12/17/24 20:45,0.34,W
12/17/24 21:00,0.365,W
12/17/24 21:15,0.381,W
12/17/24 21:30,0.362,W
12/17/24 21:45,0.334,W
12/17/24 22:00,0.36,W
12/17/24 22:15,0.408,W
12/17/24 22:30,0.309,W
12/17/24 22:45,0.282,W
12/17/24 23:00,0.259,W
12/17/24 23:15,0.26,W
12/17/24 23:30,0.297,W
12/17/24 23:45,0.302,W
12/18/24 0:00,0.223,W
12/18/24 0:15,0.23,W
12/18/24 0:30,0.266,W
12/18/24 0:45,0.259,W
12/18/24 1:00,0.253,W
12/18/24 1:15,0.243,W
12/18/24 1:30,0.258,W
12/18/24 1:45,0.249,W
12/18/24 2:00,0.279,W
12/18/24 2:15,0.281,W
12/18/24 2:30,0.257,W
12/18/24 2:45,0.246,W
12/18/24 3:00,0.274,W
12/18/24 3:15,0.248,W
12/18/24 3:30,0.215,W
12/18/24 3:45,0.223,W
12/18/24 4:00,0.233,W
12/18/24 4:15,0.214,W
12/18/24 4:30,0.225,W
12/18/24 4:45,0.224,W
12/18/24 5:00,0.243,W
12/18/24 5:15,0.262,W
12/18/24 5:30,0.254,W
12/18/24 5:45,0.222,W
12/18/24 6:00,0.225,W
12/18/24 6:15,0.216,W
12/18/24 6:30,0.205,W
12/18/24 6:45,0.196,W
12/18/24 7:00,0.245,W
12/18/24 7:15,0.253,W
12/18/24 7:30,0.295,W
12/18/24 7:45,0.203,W
12/18/24 8:00,0.385,W
12/18/24 8:15,0.234,W
12/18/24 8:30,0.202,W
12/18/24 8:45,0.218,W
12/18/24 9:00,0.221,W
12/18/24 9:15,0.198,W
12/18/24 9:30,0.19,W
12/18/24 9:45,0.198,W
12/18/24 10:00,0.281,W
12/18/24 10:15,0.25,W
12/18/24 10:30,0.198,W
12/18/24 10:45,0.183,W
12/18/24 11:00,0.2,W
12/18/24 11:15,0.245,W
12/18/24 11:30,0.696,W
12/18/24 11:45,0.53,W
12/18/24 12:00,0.542,W
12/18/24 12:15,0.605,W
12/18/24 12:30,0.58,W
12/18/24 12:45,0.61,W
12/18/24 13:00,0.607,W
12/18/24 13:15,0.587,W
12/18/24 13:30,0.646,W
12/18/24 13:45,0.588,W
12/18/24 14:00,0.277,W
12/18/24 14:15,0.241,W
12/18/24 14:30,0.232,W
12/18/24 14:45,0.173,W
12/18/24 15:00,0.105,W
12/18/24 15:15,0.12,W
12/18/24 15:30,0.147,W
12/18/24 15:45,0.182,W
12/18/24 16:00,0.122,W
12/18/24 16:15,0.24,W
12/18/24 16:30,0.271,W
12/18/24 16:45,0.253,W
12/18/24 17:00,0.26,W
12/18/24 17:15,0.28,W
12/18/24 17:30,0.349,W
12/18/24 17:45,0.331,W
12/18/24 18:00,0.269,W
12/18/24 18:15,0.385,W
12/18/24 18:30,0.29,W
12/18/24 18:45,0.268,W
12/18/24 19:00,0.24,W
12/18/24 19:15,0.275,W
12/18/24 19:30,0.286,W
12/18/24 19:45,0.268,W
12/18/24 20:00,0.257,W
12/18/24 20:15,0.406,W
12/18/24 20:30,0.377,W
12/18/24 20:45,0.337,W
12/18/24 21:00,0.369,W
12/18/24 21:15,0.352,W
12/18/24 21:30,0.37,W
12/18/24 21:45,0.341,W
12/18/24 22:00,0.347,W
12/18/24 22:15,0.409,W
12/18/24 22:30,0.381,W
12/18/24 22:45,0.349,W
12/18/24 23:00,0.338,W
12/18/24 23:15,0.335,W
12/18/24 23:30,0.246,W
12/18/24 23:45,0.218,W
12/19/24 0:00,0.223,W
12/19/24 0:15,0.23,W
12/19/24 0:30,0.225,W
12/19/24 0:45,0.216,W
12/19/24 1:00,0.216,W
12/19/24 1:15,0.137,W
12/19/24 1:30,0.116,W
12/19/24 1:45,0.094,W
12/19/24 2:00,0.126,W
12/19/24 2:15,0.138,W
12/19/24 2:30,0.094,W
12/19/24 2:45,0.102,W
12/19/24 3:00,0.124,W
12/19/24 3:15,0.109,W
12/19/24 3:30,0.083,W
12/19/24 3:45,0.203,W
12/19/24 4:00,0.222,W
12/19/24 4:15,0.203,W
12/19/24 4:30,0.201,W
12/19/24 4:45,0.213,W
12/19/24 5:00,0.23,W
12/19/24 5:15,0.233,W
12/19/24 5:30,0.236,W
12/19/24 5:45,0.244,W
12/19/24 6:00,0.226,W
12/19/24 6:15,0.196,W
12/19/24 6:30,0.194,W
12/19/24 6:45,0.279,W
12/19/24 7:00,0.338,W
12/19/24 7:15,0.338,W
12/19/24 7:30,0.337,W
12/19/24 7:45,0.239,W
12/19/24 8:00,0.243,W
12/19/24 8:15,0.237,W
12/19/24 8:30,0.73,W
12/19/24 8:45,0.566,W
12/19/24 9:00,0.635,W
12/19/24 9:15,0.313,W
12/19/24 9:30,0.229,W
12/19/24 9:45,0.207,W
12/19/24 10:00,0.22,W
12/19/24 10:15,0.216,W
12/19/24 10:30,0.213,W
12/19/24 10:45,0.21,W
12/19/24 11:00,0.201,W
12/19/24 11:15,0.214,W
12/19/24 11:30,0.214,W
12/19/24 11:45,0.22,W
12/19/24 12:00,0.224,W
12/19/24 12:15,0.215,W
12/19/24 12:30,0.288,W
12/19/24 12:45,0.223,W
12/19/24 13:00,0.219,W
12/19/24 13:15,0.235,W
12/19/24 13:30,0.217,W
12/19/24 13:45,0.2,W
12/19/24 14:00,0.218,W
12/19/24 14:15,0.242,W
12/19/24 14:30,0.443,W
12/19/24 14:45,0.432,W
12/19/24 15:00,0.277,W
12/19/24 15:15,0.286,W
12/19/24 15:30,0.271,W
12/19/24 15:45,0.31,W
12/19/24 16:00,0.367,W
12/19/24 16:15,0.397,W
12/19/24 16:30,0.438,W
12/19/24 16:45,0.559,W
12/19/24 17:00,0.735,W
12/19/24 17:15,0.505,W
12/19/24 17:30,0.86,W
12/19/24 17:45,0.566,W
12/19/24 18:00,0.373,W
12/19/24 18:15,0.37,W
12/19/24 18:30,0.406,W
12/19/24 18:45,0.357,W
12/19/24 19:00,0.304,W
12/19/24 19:15,0.345,W
12/19/24 19:30,0.395,W
12/19/24 19:45,1.185,W
12/19/24 20:00,0.608,W
12/19/24 20:15,0.39,W
12/19/24 20:30,0.977,W
12/19/24 20:45,0.367,W
12/19/24 21:00,0.357,W
12/19/24 21:15,0.333,W
12/19/24 21:30,0.348,W
12/19/24 21:45,0.355,W
12/19/24 22:00,0.338,W
12/19/24 22:15,0.315,W
12/19/24 22:30,0.356,W
12/19/24 22:45,0.326,W
12/19/24 23:00,0.305,W
12/19/24 23:15,0.249,W
12/19/24 23:30,0.274,W
12/19/24 23:45,0.268,W
12/20/24 0:00,0.236,W
12/20/24 0:15,0.253,W
12/20/24 0:30,0.244,W
12/20/24 0:45,0.209,W
12/20/24 1:00,0.222,W
12/20/24 1:15,0.235,W
12/20/24 1:30,0.214,W
12/20/24 1:45,0.213,W
12/20/24 2:00,0.195,W
12/20/24 2:15,0.225,W
12/20/24 2:30,0.223,W
12/20/24 2:45,0.221,W
12/20/24 3:00,0.213,W
12/20/24 3:15,0.217,W
12/20/24 3:30,0.207,W
12/20/24 3:45,0.194,W
12/20/24 4:00,0.238,W
12/20/24 4:15,0.225,W
12/20/24 4:30,0.202,W
12/20/24 4:45,0.212,W
12/20/24 5:00,0.227,W
12/20/24 5:15,0.207,W
12/20/24 5:30,0.105,W
12/20/24 5:45,0.119,W
12/20/24 6:00,0.12,W
12/20/24 6:15,0.073,W
12/20/24 6:30,0.095,W
12/20/24 6:45,0.123,W
12/20/24 7:00,0.107,W
12/20/24 7:15,0.119,W
12/20/24 7:30,0.186,W
12/20/24 7:45,0.26,W
12/20/24 8:00,0.51,W
12/20/24 8:15,0.245,W
12/20/24 8:30,0.242,W
12/20/24 8:45,0.284,W
12/20/24 9:00,0.264,W
12/20/24 9:15,0.258,W
12/20/24 9:30,0.684,W
12/20/24 9:45,0.549,W
12/20/24 10:00,0.593,W
12/20/24 10:15,0.383,W
12/20/24 10:30,0.48,W
12/20/24 10:45,0.426,W
12/20/24 11:00,0.433,W
12/20/24 11:15,0.575,W
12/20/24 11:30,0.574,W
12/20/24 11:45,0.423,W
12/20/24 12:00,0.243,W
12/20/24 12:15,0.284,W
12/20/24 12:30,0.285,W
12/20/24 12:45,0.29,W
12/20/24 13:00,0.257,W
12/20/24 13:15,0.364,W
12/20/24 13:30,0.629,W
12/20/24 13:45,0.372,W
12/20/24 14:00,0.803,W
12/20/24 14:15,0.801,W
12/20/24 14:30,0.764,W
12/20/24 14:45,0.399,W
12/20/24 15:00,0.466,W
12/20/24 15:15,0.501,W
12/20/24 15:30,0.353,W
12/20/24 15:45,0.408,W
12/20/24 16:00,0.703,W
12/20/24 16:15,0.814,W
12/20/24 16:30,0.415,W
12/20/24 16:45,0.363,W
12/20/24 17:00,0.382,W
12/20/24 17:15,0.303,W
12/20/24 17:30,0.421,W
12/20/24 17:45,0.52,W
12/20/24 18:00,0.836,W
12/20/24 18:15,1.269,W
12/20/24 18:30,0.569,W
12/20/24 18:45,0.551,W
12/20/24 19:00,0.414,W
12/20/24 19:15,0.361,W
12/20/24 19:30,0.373,W
12/20/24 19:45,0.354,W
12/20/24 20:00,0.348,W
12/20/24 20:15,0.365,W
12/20/24 20:30,0.381,W
12/20/24 20:45,0.368,W
12/20/24 21:00,0.372,W
12/20/24 21:15,0.368,W
12/20/24 21:30,0.375,W
12/20/24 21:45,0.392,W
12/20/24 22:00,0.342,W
12/20/24 22:15,0.302,W
12/20/24 22:30,0.291,W
12/20/24 22:45,0.28,W
12/20/24 23:00,0.278,W
12/20/24 23:15,0.236,W
12/20/24 23:30,0.254,W
12/20/24 23:45,0.244,W
12/21/24 0:00,0.219,W
12/21/24 0:15,0.236,W
12/21/24 0:30,0.265,W
12/21/24 0:45,0.238,W
12/21/24 1:00,0.226,W
12/21/24 1:15,0.235,W
12/21/24 1:30,0.255,W
12/21/24 1:45,0.25,W
12/21/24 2:00,0.231,W
12/21/24 2:15,0.233,W
12/21/24 2:30,0.222,W
12/21/24 2:45,0.243,W
12/21/24 3:00,0.225,W
12/21/24 3:15,0.207,W
12/21/24 3:30,0.246,W
12/21/24 3:45,0.269,W
12/21/24 4:00,0.247,W
12/21/24 4:15,0.224,W
12/21/24 4:30,0.24,W
12/21/24 4:45,0.247,W
12/21/24 5:00,0.198,W
12/21/24 5:15,0.129,W
12/21/24 5:30,0.215,W
12/21/24 5:45,0.243,W
12/21/24 6:00,0.245,W
12/21/24 6:15,0.25,W
12/21/24 6:30,0.276,W
12/21/24 6:45,0.259,W
12/21/24 7:00,0.247,W
12/21/24 7:15,0.247,W
12/21/24 7:30,0.264,W
12/21/24 7:45,0.46,W
12/21/24 8:00,0.246,W
12/21/24 8:15,0.237,W
12/21/24 8:30,0.901,W
12/21/24 8:45,0.654,W
12/21/24 9:00,0.624,W
12/21/24 9:15,0.35,W
12/21/24 9:30,0.272,W
12/21/24 9:45,0.24,W
12/21/24 10:00,0.231,W
12/21/24 10:15,0.259,W
12/21/24 10:30,0.263,W
12/21/24 10:45,0.268,W
12/21/24 11:00,0.243,W
12/21/24 11:15,0.256,W
12/21/24 11:30,0.506,W
12/21/24 11:45,1.066,W
12/21/24 12:00,1.056,W
12/21/24 12:15,0.327,W
12/21/24 12:30,0.311,W
12/21/24 12:45,0.297,W
12/21/24 13:00,0.268,W
12/21/24 13:15,0.248,W
12/21/24 13:30,0.261,W
12/21/24 13:45,0.276,W
12/21/24 14:00,0.232,W
12/21/24 14:15,0.258,W
12/21/24 14:30,0.29,W
12/21/24 14:45,0.177,W
12/21/24 15:00,0.141,W
12/21/24 15:15,0.204,W
12/21/24 15:30,0.168,W
12/21/24 15:45,0.179,W
12/21/24 16:00,0.278,W
12/21/24 16:15,0.283,W
12/21/24 16:30,0.3,W
12/21/24 16:45,0.706,W
12/21/24 17:00,0.871,W
12/21/24 17:15,0.455,W
12/21/24 17:30,1.109,W
12/21/24 17:45,0.65,W
12/21/24 18:00,0.473,W
12/21/24 18:15,1.061,W
12/21/24 18:30,0.445,W
12/21/24 18:45,0.528,W
12/21/24 19:00,0.406,W
12/21/24 19:15,0.384,W
12/21/24 19:30,0.349,W
12/21/24 19:45,0.323,W
12/21/24 20:00,0.369,W
12/21/24 20:15,0.344,W
12/21/24 20:30,0.358,W
12/21/24 20:45,0.346,W
12/21/24 21:00,0.323,W
12/21/24 21:15,0.37,W
12/21/24 21:30,0.352,W
12/21/24 21:45,0.361,W
12/21/24 22:00,0.329,W
12/21/24 22:15,0.367,W
12/21/24 22:30,0.371,W
12/21/24 22:45,0.379,W
12/21/24 23:00,0.329,W
12/21/24 23:15,0.313,W
12/21/24 23:30,0.232,W
12/21/24 23:45,0.224,W
12/22/24 0:00,0.225,W
12/22/24 0:15,0.234,W
12/22/24 0:30,0.239,W
12/22/24 0:45,0.253,W
12/22/24 1:00,0.217,W
12/22/24 1:15,0.247,W
12/22/24 1:30,0.237,W
12/22/24 1:45,0.216,W
12/22/24 2:00,0.22,W
12/22/24 2:15,0.263,W
12/22/24 2:30,0.242,W
12/22/24 2:45,0.158,W
12/22/24 3:00,0.112,W
12/22/24 3:15,0.109,W
12/22/24 3:30,0.075,W
12/22/24 3:45,0.095,W
12/22/24 4:00,0.105,W
12/22/24 4:15,0.102,W
12/22/24 4:30,0.12,W
12/22/24 4:45,0.115,W
12/22/24 5:00,0.134,W
12/22/24 5:15,0.247,W
12/22/24 5:30,0.243,W
12/22/24 5:45,0.217,W
12/22/24 6:00,0.245,W
12/22/24 6:15,0.237,W
12/22/24 6:30,0.208,W
12/22/24 6:45,0.211,W
12/22/24 7:00,0.269,W
12/22/24 7:15,0.28,W
12/22/24 7:30,0.256,W
12/22/24 7:45,0.444,W
12/22/24 8:00,0.289,W
12/22/24 8:15,0.246,W
12/22/24 8:30,0.509,W
12/22/24 8:45,0.623,W
12/22/24 9:00,0.47,W
12/22/24 9:15,0.649,W
12/22/24 9:30,0.253,W
12/22/24 9:45,0.249,W
12/22/24 10:00,0.249,W
12/22/24 10:15,0.24,W
12/22/24 10:30,0.259,W
12/22/24 10:45,0.407,W
12/22/24 11:00,0.368,W
12/22/24 11:15,0.283,W
12/22/24 11:30,0.279,W
12/22/24 11:45,0.268,W
12/22/24 12:00,0.308,W
12/22/24 12:15,0.273,W
12/22/24 12:30,0.314,W
12/22/24 12:45,0.313,W
12/22/24 13:00,0.273,W
12/22/24 13:15,0.201,W
12/22/24 13:30,0.216,W
12/22/24 13:45,0.225,W
12/22/24 14:00,0.189,W
12/22/24 14:15,0.191,W
12/22/24 14:30,0.245,W
12/22/24 14:45,0.232,W
12/22/24 15:00,0.188,W
12/22/24 15:15,0.198,W
12/22/24 15:30,0.238,W
12/22/24 15:45,0.205,W
12/22/24 16:00,0.226,W
12/22/24 16:15,0.18,W
12/22/24 16:30,0.199,W
12/22/24 16:45,0.284,W
12/22/24 17:00,0.501,W
12/22/24 17:15,0.386,W
12/22/24 17:30,0.286,W
12/22/24 17:45,0.33,W
12/22/24 18:00,0.322,W
12/22/24 18:15,0.343,W
12/22/24 18:30,0.379,W
12/22/24 18:45,0.369,W
12/22/24 19:00,0.351,W
12/22/24 19:15,0.387,W
12/22/24 19:30,0.378,W
12/22/24 19:45,0.367,W
12/22/24 20:00,0.364,W
12/22/24 20:15,0.394,W
12/22/24 20:30,0.362,W
12/22/24 20:45,0.358,W
12/22/24 21:00,0.418,W
12/22/24 21:15,0.408,W
12/22/24 21:30,0.372,W
12/22/24 21:45,0.357,W
12/22/24 22:00,0.451,W
12/22/24 22:15,0.266,W
12/22/24 22:30,0.241,W
12/22/24 22:45,0.277,W
12/22/24 23:00,0.284,W
12/22/24 23:15,0.259,W
12/22/24 23:30,0.246,W
12/22/24 23:45,0.275,W
12/23/24 0:00,0.26,W
12/23/24 0:15,0.236,W
12/23/24 0:30,0.241,W
12/23/24 0:45,0.244,W
12/23/24 1:00,0.228,W
12/23/24 1:15,0.135,W
12/23/24 1:30,0.105,W
12/23/24 1:45,0.126,W
12/23/24 2:00,0.136,W
12/23/24 2:15,0.105,W
12/23/24 2:30,0.13,W
12/23/24 2:45,0.176,W
12/23/24 3:00,0.228,W
12/23/24 3:15,0.215,W
12/23/24 3:30,0.237,W
12/23/24 3:45,0.228,W
12/23/24 4:00,0.216,W
12/23/24 4:15,0.212,W
12/23/24 4:30,0.213,W
12/23/24 4:45,0.222,W
12/23/24 5:00,0.218,W
12/23/24 5:15,0.266,W
12/23/24 5:30,0.249,W
12/23/24 5:45,0.249,W
12/23/24 6:00,0.251,W
12/23/24 6:15,0.217,W
12/23/24 6:30,0.236,W
12/23/24 6:45,0.251,W
12/23/24 7:00,0.229,W
12/23/24 7:15,0.268,W
12/23/24 7:30,0.306,W
12/23/24 7:45,0.428,W
12/23/24 8:00,0.396,W
12/23/24 8:15,0.236,W
12/23/24 8:30,0.241,W
12/23/24 8:45,0.67,W
12/23/24 9:00,0.865,W
12/23/24 9:15,0.86,W
12/23/24 9:30,0.806,W
12/23/24 9:45,0.749,W
12/23/24 10:00,0.508,W
12/23/24 10:15,0.27,W
12/23/24 10:30,0.283,W
12/23/24 10:45,0.522,W
12/23/24 11:00,0.524,W
12/23/24 11:15,0.562,W
12/23/24 11:30,0.511,W
12/23/24 11:45,0.454,W
12/23/24 12:00,0.701,W
12/23/24 12:15,0.471,W
12/23/24 12:30,0.259,W
12/23/24 12:45,0.252,W
12/23/24 13:00,0.26,W
12/23/24 13:15,0.238,W
12/23/24 13:30,0.251,W
12/23/24 13:45,0.237,W
12/23/24 14:00,0.542,W
12/23/24 14:15,0.459,W
12/23/24 14:30,0.493,W
12/23/24 14:45,0.741,W
12/23/24 15:00,0.645,W
12/23/24 15:15,0.746,W
12/23/24 15:30,0.537,W
12/23/24 15:45,0.96,W
12/23/24 16:00,0.768,W
12/23/24 16:15,0.421,W
12/23/24 16:30,0.437,W
12/23/24 16:45,0.73,W
12/23/24 17:00,0.454,W
12/23/24 17:15,0.538,W
12/23/24 17:30,0.63,W
12/23/24 17:45,0.619,W
12/23/24 18:00,0.395,W
12/23/24 18:15,0.34,W
12/23/24 18:30,0.439,W
12/23/24 18:45,0.517,W
12/23/24 19:00,0.499,W
12/23/24 19:15,0.514,W
12/23/24 19:30,0.387,W
12/23/24 19:45,0.331,W
12/23/24 20:00,0.348,W
12/23/24 20:15,0.334,W
12/23/24 20:30,0.369,W
12/23/24 20:45,0.573,W
12/23/24 21:00,0.73,W
12/23/24 21:15,0.638,W
12/23/24 21:30,0.702,W
12/23/24 21:45,0.57,W
12/23/24 22:00,0.679,W
12/23/24 22:15,0.757,W
12/23/24 22:30,0.754,W
12/23/24 22:45,0.697,W
12/23/24 23:00,0.578,W
12/23/24 23:15,0.537,W
12/23/24 23:30,0.591,W
12/23/24 23:45,0.608,W
12/24/24 0:00,0.595,W
12/24/24 0:15,0.582,W
12/24/24 0:30,0.647,W
12/24/24 0:45,0.603,W
12/24/24 1:00,0.547,W
12/24/24 1:15,0.598,W
12/24/24 1:30,0.603,W
12/24/24 1:45,0.178,W
12/24/24 2:00,0.093,W
12/24/24 2:15,0.104,W
12/24/24 2:30,0.158,W
12/24/24 2:45,0.159,W
12/24/24 3:00,0.091,W
12/24/24 3:15,0.134,W
12/24/24 3:30,0.132,W
12/24/24 3:45,0.168,W
12/24/24 4:00,0.217,W
12/24/24 4:15,0.239,W
12/24/24 4:30,0.204,W
12/24/24 4:45,0.203,W
12/24/24 5:00,0.21,W
12/24/24 5:15,0.253,W
12/24/24 5:30,0.217,W
12/24/24 5:45,0.215,W
12/24/24 6:00,0.199,W
12/24/24 6:15,0.214,W
12/24/24 6:30,0.217,W
12/24/24 6:45,0.211,W
12/24/24 7:00,0.237,W
12/24/24 7:15,0.269,W
12/24/24 7:30,0.362,W
12/24/24 7:45,0.273,W
12/24/24 8:00,0.248,W
12/24/24 8:15,0.611,W
12/24/24 8:30,0.516,W
12/24/24 8:45,0.521,W
12/24/24 9:00,0.374,W
12/24/24 9:15,0.213,W
12/24/24 9:30,0.198,W
12/24/24 9:45,0.231,W
12/24/24 10:00,0.253,W
12/24/24 10:15,0.229,W
12/24/24 10:30,0.192,W
12/24/24 10:45,0.221,W
12/24/24 11:00,0.212,W
12/24/24 11:15,0.309,W
12/24/24 11:30,0.511,W
12/24/24 11:45,0.206,W
12/24/24 12:00,0.232,W
12/24/24 12:15,0.229,W
12/24/24 12:30,0.215,W
12/24/24 12:45,0.208,W
12/24/24 13:00,0.227,W
12/24/24 13:15,0.209,W
12/24/24 13:30,0.212,W
12/24/24 13:45,0.218,W
12/24/24 14:00,0.243,W
12/24/24 14:15,0.191,W
12/24/24 14:30,0.212,W
12/24/24 14:45,0.258,W
12/24/24 15:00,0.266,W
12/24/24 15:15,0.26,W
12/24/24 15:30,0.331,W
12/24/24 15:45,0.149,W
12/24/24 16:00,0.227,W
12/24/24 16:15,0.237,W
12/24/24 16:30,0.329,W
12/24/24 16:45,0.8,W
12/24/24 17:00,0.705,W
12/24/24 17:15,1.025,W
12/24/24 17:30,0.824,W
12/24/24 17:45,0.596,W
12/24/24 18:00,0.618,W
12/24/24 18:15,0.468,W
12/24/24 18:30,0.348,W
12/24/24 18:45,0.35,W
12/24/24 19:00,0.355,W
12/24/24 19:15,0.398,W
12/24/24 19:30,0.443,W
12/24/24 19:45,0.397,W
12/24/24 20:00,0.394,W
12/24/24 20:15,0.376,W
12/24/24 20:30,0.362,W
12/24/24 20:45,0.379,W
12/24/24 21:00,0.374,W
12/24/24 21:15,0.367,W
12/24/24 21:30,0.377,W
12/24/24 21:45,0.401,W
12/24/24 22:00,0.354,W
12/24/24 22:15,0.368,W
12/24/24 22:30,0.429,W
12/24/24 22:45,0.371,W
12/24/24 23:00,0.318,W
12/24/24 23:15,0.367,W
12/24/24 23:30,0.36,W
12/24/24 23:45,0.228,W
12/25/24 0:00,0.251,W
12/25/24 0:15,0.392,W
12/25/24 0:30,0.437,W
12/25/24 0:45,0.266,W
12/25/24 1:00,0.278,W
12/25/24 1:15,0.265,W
12/25/24 1:30,0.255,W
12/25/24 1:45,0.704,W
12/25/24 2:00,0.316,W
12/25/24 2:15,0.251,W
12/25/24 2:30,0.238,W
12/25/24 2:45,0.221,W
12/25/24 3:00,0.236,W
12/25/24 3:15,0.257,W
12/25/24 3:30,0.237,W
12/25/24 3:45,0.274,W
12/25/24 4:00,0.251,W
12/25/24 4:15,0.246,W
12/25/24 4:30,0.298,W
12/25/24 4:45,0.311,W
12/25/24 5:00,0.248,W
12/25/24 5:15,0.19,W
12/25/24 5:30,0.109,W
12/25/24 5:45,0.115,W
12/25/24 6:00,0.11,W
12/25/24 6:15,0.094,W
12/25/24 6:30,0.115,W
12/25/24 6:45,0.108,W
12/25/24 7:00,0.117,W
12/25/24 7:15,0.264,W
12/25/24 7:30,0.317,W
12/25/24 7:45,0.404,W
12/25/24 8:00,0.191,W
12/25/24 8:15,0.22,W
12/25/24 8:30,0.563,W
12/25/24 8:45,0.589,W
12/25/24 9:00,0.559,W
12/25/24 9:15,0.195,W
12/25/24 9:30,0.215,W
12/25/24 9:45,0.224,W
12/25/24 10:00,0.202,W
12/25/24 10:15,0.187,W
12/25/24 10:30,0.22,W
12/25/24 10:45,0.214,W
12/25/24 11:00,0.178,W
12/25/24 11:15,0.21,W
12/25/24 11:30,0.255,W
12/25/24 11:45,0.297,W
12/25/24 12:00,0.741,W
12/25/24 12:15,0.535,W
12/25/24 12:30,0.244,W
12/25/24 12:45,0.241,W
12/25/24 13:00,0.262,W
12/25/24 13:15,0.258,W
12/25/24 13:30,0.269,W
12/25/24 13:45,0.26,W
12/25/24 14:00,0.237,W
12/25/24 14:15,0.273,W
12/25/24 14:30,0.266,W
12/25/24 14:45,0.254,W
12/25/24 15:00,0.295,W
12/25/24 15:15,0.301,W
12/25/24 15:30,0.323,W
12/25/24 15:45,0.321,W
12/25/24 16:00,0.322,W
12/25/24 16:15,0.341,W
12/25/24 16:30,0.362,W
12/25/24 16:45,0.422,W
12/25/24 17:00,0.387,W
12/25/24 17:15,0.448,W
12/25/24 17:30,0.36,W
12/25/24 17:45,0.425,W
12/25/24 18:00,0.363,W
12/25/24 18:15,0.318,W
12/25/24 18:30,0.369,W
12/25/24 18:45,0.329,W
12/25/24 19:00,0.364,W
12/25/24 19:15,0.364,W
12/25/24 19:30,0.353,W
12/25/24 19:45,0.375,W
12/25/24 20:00,0.39,W
12/25/24 20:15,0.355,W
12/25/24 20:30,0.352,W
12/25/24 20:45,0.372,W
12/25/24 21:00,0.348,W
12/25/24 21:15,0.343,W
12/25/24 21:30,0.362,W
12/25/24 21:45,0.389,W
12/25/24 22:00,0.379,W
12/25/24 22:15,0.355,W
12/25/24 22:30,0.394,W
12/25/24 22:45,0.367,W
12/25/24 23:00,0.331,W
12/25/24 23:15,0.332,W
12/25/24 23:30,0.332,W
12/25/24 23:45,0.232,W
12/26/24 0:00,0.239,W
12/26/24 0:15,0.273,W
12/26/24 0:30,0.234,W
12/26/24 0:45,0.216,W
12/26/24 1:00,0.24,W
12/26/24 1:15,0.145,W
12/26/24 1:30,0.114,W
12/26/24 1:45,0.106,W
12/26/24 2:00,0.112,W
12/26/24 2:15,0.125,W
12/26/24 2:30,0.088,W
12/26/24 2:45,0.097,W
12/26/24 3:00,0.108,W
12/26/24 3:15,0.097,W
12/26/24 3:30,0.128,W
12/26/24 3:45,0.219,W
12/26/24 4:00,0.237,W
12/26/24 4:15,0.253,W
12/26/24 4:30,0.222,W
12/26/24 4:45,0.236,W
12/26/24 5:00,0.269,W
12/26/24 5:15,0.255,W
12/26/24 5:30,0.243,W
12/26/24 5:45,0.313,W
12/26/24 6:00,0.25,W
12/26/24 6:15,0.213,W
12/26/24 6:30,0.267,W
12/26/24 6:45,0.257,W
12/26/24 7:00,0.257,W
12/26/24 7:15,0.256,W
12/26/24 7:30,0.327,W
12/26/24 7:45,0.414,W
12/26/24 8:00,0.387,W
12/26/24 8:15,0.369,W
12/26/24 8:30,0.666,W
12/26/24 8:45,0.65,W
12/26/24 9:00,0.623,W
12/26/24 9:15,0.424,W
12/26/24 9:30,0.276,W
12/26/24 9:45,0.262,W
12/26/24 10:00,0.264,W
12/26/24 10:15,0.268,W
12/26/24 10:30,0.261,W
12/26/24 10:45,0.233,W
12/26/24 11:00,0.26,W
12/26/24 11:15,0.264,W
12/26/24 11:30,0.231,W
12/26/24 11:45,0.574,W
12/26/24 12:00,0.399,W
12/26/24 12:15,0.316,W
12/26/24 12:30,0.25,W
12/26/24 12:45,0.229,W
12/26/24 13:00,0.17,W
12/26/24 13:15,0.283,W
12/26/24 13:30,0.272,W
12/26/24 13:45,0.257,W
12/26/24 14:00,0.257,W
12/26/24 14:15,0.284,W
12/26/24 14:30,0.3,W
12/26/24 14:45,0.244,W
12/26/24 15:00,0.26,W
12/26/24 15:15,0.243,W
12/26/24 15:30,0.209,W
12/26/24 15:45,0.224,W
12/26/24 16:00,0.233,W
12/26/24 16:15,0.302,W
12/26/24 16:30,0.363,W
12/26/24 16:45,0.352,W
12/26/24 17:00,0.34,W
12/26/24 17:15,0.331,W
12/26/24 17:30,0.342,W
12/26/24 17:45,0.318,W
12/26/24 18:00,0.572,W
12/26/24 18:15,0.43,W
12/26/24 18:30,0.584,W
12/26/24 18:45,1.394,W
12/26/24 19:00,0.478,W
12/26/24 19:15,0.526,W
12/26/24 19:30,0.961,W
12/26/24 19:45,0.442,W
12/26/24 20:00,0.38,W
12/26/24 20:15,0.374,W
12/26/24 20:30,0.378,W
12/26/24 20:45,0.374,W
12/26/24 21:00,0.368,W
12/26/24 21:15,0.374,W
12/26/24 21:30,0.35,W
12/26/24 21:45,0.336,W
12/26/24 22:00,0.347,W
12/26/24 22:15,0.384,W
12/26/24 22:30,0.402,W
12/26/24 22:45,0.35,W
12/26/24 23:00,0.344,W
12/26/24 23:15,0.335,W
12/26/24 23:30,0.324,W
12/26/24 23:45,0.282,W
12/27/24 0:00,0.252,W
12/27/24 0:15,0.161,W
12/27/24 0:30,0.162,W
12/27/24 0:45,0.212,W
12/27/24 1:00,0.223,W
12/27/24 1:15,0.207,W
12/27/24 1:30,0.195,W
12/27/24 1:45,0.21,W
12/27/24 2:00,0.227,W
12/27/24 2:15,0.205,W
12/27/24 2:30,0.195,W
12/27/24 2:45,0.233,W
12/27/24 3:00,0.254,W
12/27/24 3:15,0.213,W
12/27/24 3:30,0.222,W
12/27/24 3:45,0.256,W
12/27/24 4:00,0.212,W
12/27/24 4:15,0.206,W
12/27/24 4:30,0.261,W
12/27/24 4:45,0.225,W
12/27/24 5:00,0.197,W
12/27/24 5:15,0.173,W
12/27/24 5:30,0.128,W
12/27/24 5:45,0.11,W
12/27/24 6:00,0.088,W
12/27/24 6:15,0.096,W
12/27/24 6:30,0.179,W
12/27/24 6:45,0.721,W
12/27/24 7:00,0.144,W
12/27/24 7:15,0.238,W
12/27/24 7:30,0.281,W
12/27/24 7:45,0.239,W
12/27/24 8:00,0.425,W
12/27/24 8:15,0.259,W
12/27/24 8:30,0.328,W
12/27/24 8:45,0.598,W
12/27/24 9:00,0.733,W
12/27/24 9:15,0.686,W
12/27/24 9:30,0.344,W
12/27/24 9:45,0.243,W
12/27/24 10:00,0.563,W
12/27/24 10:15,0.795,W
12/27/24 10:30,0.282,W
12/27/24 10:45,0.762,W
12/27/24 11:00,0.469,W
12/27/24 11:15,0.237,W
12/27/24 11:30,0.246,W
12/27/24 11:45,0.632,W
12/27/24 12:00,0.268,W
12/27/24 12:15,0.451,W
12/27/24 12:30,0.554,W
12/27/24 12:45,0.324,W
12/27/24 13:00,0.276,W
12/27/24 13:15,0.287,W
12/27/24 13:30,0.313,W
12/27/24 13:45,0.301,W
12/27/24 14:00,0.27,W
12/27/24 14:15,0.461,W
12/27/24 14:30,0.488,W
12/27/24 14:45,0.736,W
12/27/24 15:00,1.256,W
12/27/24 15:15,1.114,W
12/27/24 15:30,0.66,W
12/27/24 15:45,0.721,W
12/27/24 16:00,0.508,W
12/27/24 16:15,0.393,W
12/27/24 16:30,0.364,W
12/27/24 16:45,0.425,W
12/27/24 17:00,0.397,W
12/27/24 17:15,0.364,W
12/27/24 17:30,0.723,W
12/27/24 17:45,0.887,W
12/27/24 18:00,0.738,W
12/27/24 18:15,0.61,W
12/27/24 18:30,0.532,W
12/27/24 18:45,0.481,W
12/27/24 19:00,0.516,W
12/27/24 19:15,0.673,W
12/27/24 19:30,1.078,W
12/27/24 19:45,0.813,W
12/27/24 20:00,0.463,W
12/27/24 20:15,0.447,W
12/27/24 20:30,0.382,W
12/27/24 20:45,0.38,W
12/27/24 21:00,0.405,W
12/27/24 21:15,0.357,W
12/27/24 21:30,0.33,W
12/27/24 21:45,0.353,W
12/27/24 22:00,0.337,W
12/27/24 22:15,0.342,W
12/27/24 22:30,0.379,W
12/27/24 22:45,0.337,W
12/27/24 23:00,0.305,W
12/27/24 23:15,0.329,W
12/27/24 23:30,0.419,W
12/27/24 23:45,0.345,W
12/28/24 0:00,0.331,W
12/28/24 0:15,0.431,W
12/28/24 0:30,0.352,W
12/28/24 0:45,0.325,W
12/28/24 1:00,0.339,W
12/28/24 1:15,0.323,W
12/28/24 1:30,0.308,W
12/28/24 1:45,0.311,W
12/28/24 2:00,0.311,W
12/28/24 2:15,0.269,W
12/28/24 2:30,0.232,W
12/28/24 2:45,0.109,W
12/28/24 3:00,0.133,W
12/28/24 3:15,0.125,W
12/28/24 3:30,0.091,W
12/28/24 3:45,0.092,W
12/28/24 4:00,0.104,W
12/28/24 4:15,0.088,W
12/28/24 4:30,0.084,W
12/28/24 4:45,0.209,W
12/28/24 5:00,0.237,W
12/28/24 5:15,0.227,W
12/28/24 5:30,0.232,W
12/28/24 5:45,0.226,W
12/28/24 6:00,0.202,W
12/28/24 6:15,0.214,W
12/28/24 6:30,0.216,W
12/28/24 6:45,0.241,W
12/28/24 7:00,0.259,W
12/28/24 7:15,0.27,W
12/28/24 7:30,0.283,W
12/28/24 7:45,0.4,W
12/28/24 8:00,0.283,W
12/28/24 8:15,0.689,W
12/28/24 8:30,0.263,W
12/28/24 8:45,0.691,W
12/28/24 9:00,0.539,W
12/28/24 9:15,0.631,W
12/28/24 9:30,0.296,W
12/28/24 9:45,0.207,W
12/28/24 10:00,0.311,W
12/28/24 10:15,0.805,W
12/28/24 10:30,0.418,W
12/28/24 10:45,0.381,W
12/28/24 11:00,0.799,W
12/28/24 11:15,0.426,W
12/28/24 11:30,0.523,W
12/28/24 11:45,1.028,W
12/28/24 12:00,0.67,W
12/28/24 12:15,1.062,W
12/28/24 12:30,0.382,W
12/28/24 12:45,0.349,W
12/28/24 13:00,0.283,W
12/28/24 13:15,0.302,W
12/28/24 13:30,0.595,W
12/28/24 13:45,0.637,W
12/28/24 14:00,0.631,W
12/28/24 14:15,0.269,W
12/28/24 14:30,0.275,W
12/28/24 14:45,0.292,W
12/28/24 15:00,0.283,W
12/28/24 15:15,0.258,W
12/28/24 15:30,0.292,W
12/28/24 15:45,0.34,W
12/28/24 16:00,0.323,W
12/28/24 16:15,0.419,W
12/28/24 16:30,0.519,W
12/28/24 16:45,0.52,W
12/28/24 17:00,0.508,W
12/28/24 17:15,0.572,W
12/28/24 17:30,0.575,W
12/28/24 17:45,0.568,W
12/28/24 18:00,0.547,W
12/28/24 18:15,0.556,W
12/28/24 18:30,0.413,W
12/28/24 18:45,0.359,W
12/28/24 19:00,0.382,W
12/28/24 19:15,0.46,W
12/28/24 19:30,0.766,W
12/28/24 19:45,0.762,W
12/28/24 20:00,0.715,W
12/28/24 20:15,0.587,W
12/28/24 20:30,0.501,W
12/28/24 20:45,0.67,W
12/28/24 21:00,0.715,W
12/28/24 21:15,0.74,W
12/28/24 21:30,0.552,W
12/28/24 21:45,0.341,W
12/28/24 22:00,0.648,W
12/28/24 22:15,0.833,W
12/28/24 22:30,0.729,W
12/28/24 22:45,0.751,W
12/28/24 23:00,0.624,W
12/28/24 23:15,0.629,W
12/28/24 23:30,0.595,W
12/28/24 23:45,0.587,W
12/29/24 0:00,0.591,W
12/29/24 0:15,0.591,W
12/29/24 0:30,0.574,W
12/29/24 0:45,0.493,W
12/29/24 1:00,0.257,W
12/29/24 1:15,0.259,W
12/29/24 1:30,0.231,W
12/29/24 1:45,0.242,W
12/29/24 2:00,0.231,W
12/29/24 2:15,0.224,W
12/29/24 2:30,0.251,W
12/29/24 2:45,0.28,W
12/29/24 3:00,0.231,W
12/29/24 3:15,0.2,W
12/29/24 3:30,0.238,W
12/29/24 3:45,0.225,W
12/29/24 4:00,0.19,W
12/29/24 4:15,0.25,W
12/29/24 4:30,0.241,W
12/29/24 4:45,0.204,W
12/29/24 5:00,0.311,W
12/29/24 5:15,0.239,W
12/29/24 5:30,0.215,W
12/29/24 5:45,0.196,W
12/29/24 6:00,0.211,W
12/29/24 6:15,0.196,W
12/29/24 6:30,0.198,W
12/29/24 6:45,0.205,W
12/29/24 7:00,0.22,W
12/29/24 7:15,0.283,W
12/29/24 7:30,0.213,W
12/29/24 7:45,0.31,W
12/29/24 8:00,0.239,W
12/29/24 8:15,0.248,W
12/29/24 8:30,0.237,W
12/29/24 8:45,0.259,W
12/29/24 9:00,0.253,W
12/29/24 9:15,0.224,W
12/29/24 9:30,0.222,W
12/29/24 9:45,0.237,W
12/29/24 10:00,0.229,W
12/29/24 10:15,0.224,W
12/29/24 10:30,0.239,W
12/29/24 10:45,0.226,W
12/29/24 11:00,0.241,W
12/29/24 11:15,0.233,W
12/29/24 11:30,0.26,W
12/29/24 11:45,0.721,W
12/29/24 12:00,0.887,W
12/29/24 12:15,0.218,W
12/29/24 12:30,0.312,W
12/29/24 12:45,0.321,W
12/29/24 13:00,0.255,W
12/29/24 13:15,0.294,W
12/29/24 13:30,0.29,W
12/29/24 13:45,0.265,W
12/29/24 14:00,0.242,W
12/29/24 14:15,0.245,W
12/29/24 14:30,0.289,W
12/29/24 14:45,0.272,W
12/29/24 15:00,0.202,W
12/29/24 15:15,0.214,W
12/29/24 15:30,0.254,W
12/29/24 15:45,0.309,W
12/29/24 16:00,0.289,W
12/29/24 16:15,0.265,W
12/29/24 16:30,0.274,W
12/29/24 16:45,0.353,W
12/29/24 17:00,0.442,W
12/29/24 17:15,0.709,W
12/29/24 17:30,0.47,W
12/29/24 17:45,0.405,W
12/29/24 18:00,0.433,W
12/29/24 18:15,0.485,W
12/29/24 18:30,0.434,W
12/29/24 18:45,0.43,W
12/29/24 19:00,0.414,W
12/29/24 19:15,0.458,W
12/29/24 19:30,0.436,W
12/29/24 19:45,0.706,W
12/29/24 20:00,0.353,W
12/29/24 20:15,0.393,W
12/29/24 20:30,0.373,W
12/29/24 20:45,0.32,W
12/29/24 21:00,0.366,W
12/29/24 21:15,0.341,W
12/29/24 21:30,0.331,W
12/29/24 21:45,0.261,W
12/29/24 22:00,0.294,W
12/29/24 22:15,0.32,W
12/29/24 22:30,0.276,W
12/29/24 22:45,0.308,W
12/29/24 23:00,0.271,W
12/29/24 23:15,0.262,W
12/29/24 23:30,0.248,W
12/29/24 23:45,0.244,W
12/30/24 0:00,0.266,W
12/30/24 0:15,0.26,W
12/30/24 0:30,0.235,W
12/30/24 0:45,0.251,W
12/30/24 1:00,0.279,W
12/30/24 1:15,0.217,W
12/30/24 1:30,0.223,W
12/30/24 1:45,0.309,W
12/30/24 2:00,0.289,W
12/30/24 2:15,0.252,W
12/30/24 2:30,0.28,W
12/30/24 2:45,0.282,W
12/30/24 3:00,0.254,W
12/30/24 3:15,0.236,W
12/30/24 3:30,0.224,W
12/30/24 3:45,0.243,W
12/30/24 4:00,0.255,W
12/30/24 4:15,0.195,W
12/30/24 4:30,0.106,W
12/30/24 4:45,0.116,W
12/30/24 5:00,0.13,W
12/30/24 5:15,0.127,W
12/30/24 5:30,0.135,W
12/30/24 5:45,0.115,W
12/30/24 6:00,0.123,W
12/30/24 6:15,0.128,W
12/30/24 6:30,0.155,W
12/30/24 6:45,0.256,W
12/30/24 7:00,0.251,W
12/30/24 7:15,0.25,W
12/30/24 7:30,0.258,W
12/30/24 7:45,0.317,W
12/30/24 8:00,0.388,W
12/30/24 8:15,0.244,W
12/30/24 8:30,0.645,W
12/30/24 8:45,0.562,W
12/30/24 9:00,0.597,W
12/30/24 9:15,0.325,W
12/30/24 9:30,0.273,W
12/30/24 9:45,0.26,W
12/30/24 10:00,0.29,W
12/30/24 10:15,0.232,W
12/30/24 10:30,0.21,W
12/30/24 10:45,0.21,W
12/30/24 11:00,0.284,W
12/30/24 11:15,0.289,W
12/30/24 11:30,0.23,W
12/30/24 11:45,0.221,W
12/30/24 12:00,0.202,W
12/30/24 12:15,0.225,W
12/30/24 12:30,0.236,W
12/30/24 12:45,0.308,W
12/30/24 13:00,0.285,W
12/30/24 13:15,0.507,W
12/30/24 13:30,0.432,W
12/30/24 13:45,0.736,W
12/30/24 14:00,0.399,W
12/30/24 14:15,0.292,W
12/30/24 14:30,0.321,W
12/30/24 14:45,0.293,W
12/30/24 15:00,0.453,W
12/30/24 15:15,0.436,W
12/30/24 15:30,0.499,W
12/30/24 15:45,0.583,W
12/30/24 16:00,0.339,W
12/30/24 16:15,0.508,W
12/30/24 16:30,0.557,W
12/30/24 16:45,0.873,W
12/30/24 17:00,0.458,W
12/30/24 17:15,0.38,W
12/30/24 17:30,0.506,W
12/30/24 17:45,0.699,W
12/30/24 18:00,0.707,W
12/30/24 18:15,0.413,W
12/30/24 18:30,0.376,W
12/30/24 18:45,0.359,W
12/30/24 19:00,0.399,W
12/30/24 19:15,0.445,W
12/30/24 19:30,0.481,W
12/30/24 19:45,0.465,W
12/30/24 20:00,0.881,W
12/30/24 20:15,0.684,W
12/30/24 20:30,0.439,W
12/30/24 20:45,0.419,W
12/30/24 21:00,0.402,W
12/30/24 21:15,0.381,W
12/30/24 21:30,0.497,W
12/30/24 21:45,0.631,W
12/30/24 22:00,0.407,W
12/30/24 22:15,0.335,W
12/30/24 22:30,0.312,W
12/30/24 22:45,0.3,W
12/30/24 23:00,0.27,W
12/30/24 23:15,0.278,W
12/30/24 23:30,0.253,W
12/30/24 23:45,0.252,W
12/31/24 0:00,0.244,W
12/31/24 0:15,0.246,W
12/31/24 0:30,0.242,W
12/31/24 0:45,0.248,W
12/31/24 1:00,0.242,W
12/31/24 1:15,0.243,W
12/31/24 1:30,0.265,W
12/31/24 1:45,0.25,W
12/31/24 2:00,0.218,W
12/31/24 2:15,0.242,W
12/31/24 2:30,0.241,W
12/31/24 2:45,0.25,W
12/31/24 3:00,0.219,W
12/31/24 3:15,0.205,W
12/31/24 3:30,0.16,W
12/31/24 3:45,0.131,W
12/31/24 4:00,0.099,W
12/31/24 4:15,0.11,W
12/31/24 4:30,0.125,W
12/31/24 4:45,0.122,W
12/31/24 5:00,0.116,W
12/31/24 5:15,0.157,W
12/31/24 5:30,0.212,W
12/31/24 5:45,0.264,W
12/31/24 6:00,0.246,W
12/31/24 6:15,0.226,W
12/31/24 6:30,0.253,W
12/31/24 6:45,0.262,W
12/31/24 7:00,0.228,W
12/31/24 7:15,0.229,W
12/31/24 7:30,0.272,W
12/31/24 7:45,0.377,W
12/31/24 8:00,0.246,W
12/31/24 8:15,0.262,W
12/31/24 8:30,0.273,W
12/31/24 8:45,0.725,W
12/31/24 9:00,0.746,W
12/31/24 9:15,0.767,W
12/31/24 9:30,0.763,W
12/31/24 9:45,0.43,W
12/31/24 10:00,0.249,W
12/31/24 10:15,0.254,W
12/31/24 10:30,0.294,W
12/31/24 10:45,0.291,W
12/31/24 11:00,0.297,W
12/31/24 11:15,0.307,W
12/31/24 11:30,0.234,W
12/31/24 11:45,0.235,W
12/31/24 12:00,0.462,W
12/31/24 12:15,0.701,W
12/31/24 12:30,1.002,W
12/31/24 12:45,0.565,W
12/31/24 13:00,0.658,W
12/31/24 13:15,1.07,W
12/31/24 13:30,0.932,W
12/31/24 13:45,0.813,W
12/31/24 14:00,0.415,W
12/31/24 14:15,0.354,W
12/31/24 14:30,0.342,W
12/31/24 14:45,0.313,W
12/31/24 15:00,0.31,W
12/31/24 15:15,0.292,W
12/31/24 15:30,0.279,W
12/31/24 15:45,0.285,W
12/31/24 16:00,0.242,W
12/31/24 16:15,0.457,W
12/31/24 16:30,0.332,W
12/31/24 16:45,0.363,W
12/31/24 17:00,0.393,W
12/31/24 17:15,0.35,W
12/31/24 17:30,0.334,W
12/31/24 17:45,0.36,W
12/31/24 18:00,0.391,W
12/31/24 18:15,0.392,W
12/31/24 18:30,0.549,W
12/31/24 18:45,0.518,W
12/31/24 19:00,0.506,W
12/31/24 19:15,0.432,W
12/31/24 19:30,0.425,W
12/31/24 19:45,0.44,W
12/31/24 20:00,0.414,W
12/31/24 20:15,0.377,W
12/31/24 20:30,0.379,W
12/31/24 20:45,0.381,W
12/31/24 21:00,0.348,W
12/31/24 21:15,0.356,W
12/31/24 21:30,0.298,W
12/31/24 21:45,0.274,W
12/31/24 22:00,0.274,W
12/31/24 22:15,0.299,W
12/31/24 22:30,0.27,W
12/31/24 22:45,0.275,W
12/31/24 23:00,0.303,W
12/31/24 23:15,0.496,W
12/31/24 23:30,0.48,W
12/31/24 23:45,0.359,W
1/1/25 0:00,0.252,W
1/1/25 0:15,0.245,W
1/1/25 0:30,0.25,W
1/1/25 0:45,0.231,W
1/1/25 1:00,0.233,W
1/1/25 1:15,0.239,W
1/1/25 1:30,0.248,W
1/1/25 1:45,0.249,W
1/1/25 2:00,0.255,W
1/1/25 2:15,0.209,W
1/1/25 2:30,0.22,W
1/1/25 2:45,0.234,W
1/1/25 3:00,0.224,W
1/1/25 3:15,0.207,W
1/1/25 3:30,0.228,W
1/1/25 3:45,0.242,W
1/1/25 4:00,0.229,W
1/1/25 4:15,0.501,W
1/1/25 4:30,0.446,W
1/1/25 4:45,0.249,W
1/1/25 5:00,0.272,W
1/1/25 5:15,0.257,W
1/1/25 5:30,0.222,W
1/1/25 5:45,0.242,W
1/1/25 6:00,0.242,W
1/1/25 6:15,0.176,W
1/1/25 6:30,0.124,W
1/1/25 6:45,0.254,W
1/1/25 7:00,0.238,W
1/1/25 7:15,0.243,W
1/1/25 7:30,0.278,W
1/1/25 7:45,0.353,W
1/1/25 8:00,0.249,W
1/1/25 8:15,0.249,W
1/1/25 8:30,0.246,W
1/1/25 8:45,0.244,W
1/1/25 9:00,0.249,W
1/1/25 9:15,0.233,W
1/1/25 9:30,0.234,W
1/1/25 9:45,1.051,W
1/1/25 10:00,0.374,W
1/1/25 10:15,0.355,W
1/1/25 10:30,0.817,W
1/1/25 10:45,0.284,W
1/1/25 11:00,0.235,W
1/1/25 11:15,0.24,W
1/1/25 11:30,0.309,W
1/1/25 11:45,0.286,W
1/1/25 12:00,0.407,W
1/1/25 12:15,0.339,W
1/1/25 12:30,0.31,W
1/1/25 12:45,0.293,W
1/1/25 13:00,0.261,W
1/1/25 13:15,0.26,W
1/1/25 13:30,0.274,W
1/1/25 13:45,0.298,W
1/1/25 14:00,0.248,W
1/1/25 14:15,0.146,W
1/1/25 14:30,0.218,W
1/1/25 14:45,0.282,W
1/1/25 15:00,0.278,W
1/1/25 15:15,0.229,W
1/1/25 15:30,0.263,W
1/1/25 15:45,0.263,W
1/1/25 16:00,0.341,W
1/1/25 16:15,0.359,W
1/1/25 16:30,0.372,W
1/1/25 16:45,0.396,W
1/1/25 17:00,0.431,W
1/1/25 17:15,0.368,W
1/1/25 17:30,0.373,W
1/1/25 17:45,0.409,W
1/1/25 18:00,0.386,W
1/1/25 18:15,0.75,W
1/1/25 18:30,0.687,W
1/1/25 18:45,0.596,W
1/1/25 19:00,0.689,W
1/1/25 19:15,0.406,W
1/1/25 19:30,0.398,W
1/1/25 19:45,0.394,W
1/1/25 20:00,0.411,W
1/1/25 20:15,0.462,W
1/1/25 20:30,0.409,W
1/1/25 20:45,0.415,W
1/1/25 21:00,0.388,W
1/1/25 21:15,0.365,W
1/1/25 21:30,0.308,W
1/1/25 21:45,0.302,W
1/1/25 22:00,0.256,W
1/1/25 22:15,0.245,W
1/1/25 22:30,0.243,W
1/1/25 22:45,0.35,W
1/1/25 23:00,0.333,W
1/1/25 23:15,0.284,W
1/1/25 23:30,0.302,W
1/1/25 23:45,0.331,W
1/2/25 0:00,0.329,W
1/2/25 0:15,0.245,W
1/2/25 0:30,0.26,W
1/2/25 0:45,0.234,W
1/2/25 1:00,0.228,W
1/2/25 1:15,0.238,W
1/2/25 1:30,0.224,W
1/2/25 1:45,0.259,W
1/2/25 2:00,0.27,W
1/2/25 2:15,0.24,W
1/2/25 2:30,0.24,W
1/2/25 2:45,0.267,W
1/2/25 3:00,0.219,W
1/2/25 3:15,0.125,W
1/2/25 3:30,0.146,W
1/2/25 3:45,0.153,W
1/2/25 4:00,0.116,W
1/2/25 4:15,0.103,W
1/2/25 4:30,0.13,W
1/2/25 4:45,0.113,W
1/2/25 5:00,0.112,W
1/2/25 5:15,0.206,W
1/2/25 5:30,0.25,W
1/2/25 5:45,0.272,W
1/2/25 6:00,0.259,W
1/2/25 6:15,0.263,W
1/2/25 6:30,0.272,W
1/2/25 6:45,0.263,W
1/2/25 7:00,0.291,W
1/2/25 7:15,0.319,W
1/2/25 7:30,0.421,W
1/2/25 7:45,0.267,W
1/2/25 8:00,0.198,W
1/2/25 8:15,0.323,W
1/2/25 8:30,0.366,W
1/2/25 8:45,0.321,W
1/2/25 9:00,0.294,W
1/2/25 9:15,0.402,W
1/2/25 9:30,0.624,W
1/2/25 9:45,0.406,W
1/2/25 10:00,0.364,W
1/2/25 10:15,0.638,W
1/2/25 10:30,0.586,W
1/2/25 10:45,0.359,W
1/2/25 11:00,0.306,W
1/2/25 11:15,0.506,W
1/2/25 11:30,0.41,W
1/2/25 11:45,0.32,W
1/2/25 12:00,0.29,W
1/2/25 12:15,0.295,W
1/2/25 12:30,0.317,W
1/2/25 12:45,0.809,W
1/2/25 13:00,1.113,W
1/2/25 13:15,0.34,W
1/2/25 13:30,1.25,W
1/2/25 13:45,1.02,W
1/2/25 14:00,0.502,W
1/2/25 14:15,0.29,W
1/2/25 14:30,0.436,W
1/2/25 14:45,0.385,W
1/2/25 15:00,0.307,W
1/2/25 15:15,0.243,W
1/2/25 15:30,0.242,W
1/2/25 15:45,0.171,W
1/2/25 16:00,0.189,W
1/2/25 16:15,0.264,W
1/2/25 16:30,0.36,W
1/2/25 16:45,0.446,W
1/2/25 17:00,0.45,W
1/2/25 17:15,0.455,W
1/2/25 17:30,0.536,W
1/2/25 17:45,0.552,W
1/2/25 18:00,0.575,W
1/2/25 18:15,0.553,W
1/2/25 18:30,0.438,W
1/2/25 18:45,0.487,W
1/2/25 19:00,0.368,W
1/2/25 19:15,0.411,W
1/2/25 19:30,0.415,W
1/2/25 19:45,0.389,W
1/2/25 20:00,0.385,W
1/2/25 20:15,0.368,W
1/2/25 20:30,0.538,W
1/2/25 20:45,0.573,W
1/2/25 21:00,0.671,W
1/2/25 21:15,0.895,W
1/2/25 21:30,0.419,W
1/2/25 21:45,0.435,W
1/2/25 22:00,0.441,W
1/2/25 22:15,0.399,W
1/2/25 22:30,0.378,W
1/2/25 22:45,0.379,W
1/2/25 23:00,0.376,W
1/2/25 23:15,0.36,W
1/2/25 23:30,0.34,W
1/2/25 23:45,0.355,W
1/3/25 0:00,0.331,W
1/3/25 0:15,0.324,W
1/3/25 0:30,0.294,W
1/3/25 0:45,0.33,W
1/3/25 1:00,0.258,W
1/3/25 1:15,0.236,W
1/3/25 1:30,0.239,W
1/3/25 1:45,0.248,W
1/3/25 2:00,0.245,W
1/3/25 2:15,0.23,W
1/3/25 2:30,0.222,W
1/3/25 2:45,0.272,W
1/3/25 3:00,0.252,W
1/3/25 3:15,0.223,W
1/3/25 3:30,0.264,W
1/3/25 3:45,0.235,W
1/3/25 4:00,0.23,W
1/3/25 4:15,0.208,W
1/3/25 4:30,0.12,W
1/3/25 4:45,0.208,W
1/3/25 5:00,0.245,W
1/3/25 5:15,0.245,W
1/3/25 5:30,0.246,W
1/3/25 5:45,0.269,W
1/3/25 6:00,0.268,W
1/3/25 6:15,0.261,W
1/3/25 6:30,0.27,W
1/3/25 6:45,0.291,W
1/3/25 7:00,0.286,W
1/3/25 7:15,0.304,W
1/3/25 7:30,0.282,W
1/3/25 7:45,0.431,W
1/3/25 8:00,0.336,W
1/3/25 8:15,0.249,W
1/3/25 8:30,0.263,W
1/3/25 8:45,0.726,W
1/3/25 9:00,0.638,W
1/3/25 9:15,0.62,W
1/3/25 9:30,0.271,W
1/3/25 9:45,0.279,W
1/3/25 10:00,0.267,W
1/3/25 10:15,0.275,W
1/3/25 10:30,0.409,W
1/3/25 10:45,0.746,W
1/3/25 11:00,0.513,W
1/3/25 11:15,0.466,W
1/3/25 11:30,0.673,W
1/3/25 11:45,0.96,W
1/3/25 12:00,0.324,W
1/3/25 12:15,0.293,W
1/3/25 12:30,0.264,W
1/3/25 12:45,0.67,W
1/3/25 13:00,0.685,W
1/3/25 13:15,0.297,W
1/3/25 13:30,0.287,W
1/3/25 13:45,0.244,W
1/3/25 14:00,0.288,W
1/3/25 14:15,0.286,W
1/3/25 14:30,0.327,W
1/3/25 14:45,0.461,W
1/3/25 15:00,0.54,W
1/3/25 15:15,0.478,W
1/3/25 15:30,0.436,W
1/3/25 15:45,0.488,W
1/3/25 16:00,0.48,W
1/3/25 16:15,0.26,W
1/3/25 16:30,0.278,W
1/3/25 16:45,0.32,W
1/3/25 17:00,0.307,W
1/3/25 17:15,0.275,W
1/3/25 17:30,0.352,W
1/3/25 17:45,0.444,W
1/3/25 18:00,0.359,W
1/3/25 18:15,0.364,W
1/3/25 18:30,0.349,W
1/3/25 18:45,0.363,W
1/3/25 19:00,0.428,W
1/3/25 19:15,0.429,W
1/3/25 19:30,0.732,W
1/3/25 19:45,0.811,W
1/3/25 20:00,0.766,W
1/3/25 20:15,0.35,W
1/3/25 20:30,0.602,W
1/3/25 20:45,0.738,W
1/3/25 21:00,0.667,W
1/3/25 21:15,0.708,W
1/3/25 21:30,0.762,W
1/3/25 21:45,0.746,W
1/3/25 22:00,0.732,W
1/3/25 22:15,0.721,W
1/3/25 22:30,0.74,W
1/3/25 22:45,0.741,W
1/3/25 23:00,0.737,W
1/3/25 23:15,0.62,W
1/3/25 23:30,0.588,W
1/3/25 23:45,0.636,W
1/4/25 0:00,0.617,W
1/4/25 0:15,0.586,W
1/4/25 0:30,0.61,W
1/4/25 0:45,0.612,W
1/4/25 1:00,0.588,W
1/4/25 1:15,0.583,W
1/4/25 1:30,0.624,W
1/4/25 1:45,0.284,W
1/4/25 2:00,0.121,W
1/4/25 2:15,0.112,W
1/4/25 2:30,0.123,W
1/4/25 2:45,0.16,W
1/4/25 3:00,0.146,W
1/4/25 3:15,0.09,W
1/4/25 3:30,0.134,W
1/4/25 3:45,0.241,W
1/4/25 4:00,0.211,W
1/4/25 4:15,0.254,W
1/4/25 4:30,0.251,W
1/4/25 4:45,0.251,W
1/4/25 5:00,0.224,W
1/4/25 5:15,0.234,W
1/4/25 5:30,0.248,W
1/4/25 5:45,0.249,W
1/4/25 6:00,0.249,W
1/4/25 6:15,0.223,W
1/4/25 6:30,0.279,W
1/4/25 6:45,0.283,W
1/4/25 7:00,0.246,W
1/4/25 7:15,0.275,W
1/4/25 7:30,0.293,W
1/4/25 7:45,0.325,W
1/4/25 8:00,0.452,W
1/4/25 8:15,0.249,W
1/4/25 8:30,0.3,W
1/4/25 8:45,0.579,W
1/4/25 9:00,0.254,W
1/4/25 9:15,0.255,W
1/4/25 9:30,0.26,W
1/4/25 9:45,0.311,W
1/4/25 10:00,0.306,W
1/4/25 10:15,0.391,W
1/4/25 10:30,0.375,W
1/4/25 10:45,0.344,W
1/4/25 11:00,0.687,W
1/4/25 11:15,0.832,W
1/4/25 11:30,0.81,W
1/4/25 11:45,0.656,W
1/4/25 12:00,0.54,W
1/4/25 12:15,0.432,W
1/4/25 12:30,1.272,W
1/4/25 12:45,0.857,W
1/4/25 13:00,0.753,W
1/4/25 13:15,0.613,W
1/4/25 13:30,0.682,W
1/4/25 13:45,0.659,W
1/4/25 14:00,0.444,W
1/4/25 14:15,0.41,W
1/4/25 14:30,0.521,W
1/4/25 14:45,0.547,W
1/4/25 15:00,0.484,W
1/4/25 15:15,0.554,W
1/4/25 15:30,0.433,W
1/4/25 15:45,0.382,W
1/4/25 16:00,0.384,W
1/4/25 16:15,0.402,W
1/4/25 16:30,0.408,W
1/4/25 16:45,0.389,W
1/4/25 17:00,0.658,W
1/4/25 17:15,0.85,W
1/4/25 17:30,0.469,W
1/4/25 17:45,0.362,W
1/4/25 18:00,0.441,W
1/4/25 18:15,0.78,W
1/4/25 18:30,0.895,W
1/4/25 18:45,0.363,W
1/4/25 19:00,0.732,W
1/4/25 19:15,0.503,W
1/4/25 19:30,0.247,W
1/4/25 19:45,0.277,W
1/4/25 20:00,0.31,W
1/4/25 20:15,0.325,W
1/4/25 20:30,0.342,W
1/4/25 20:45,0.324,W
1/4/25 21:00,0.271,W
1/4/25 21:15,0.318,W
1/4/25 21:30,0.348,W
1/4/25 21:45,0.334,W
1/4/25 22:00,0.34,W
1/4/25 22:15,0.346,W
1/4/25 22:30,0.312,W
1/4/25 22:45,0.322,W
1/4/25 23:00,0.337,W
1/4/25 23:15,0.338,W
1/4/25 23:30,0.335,W
1/4/25 23:45,0.362,W
1/5/25 0:00,0.338,W
1/5/25 0:15,0.328,W
1/5/25 0:30,0.382,W
1/5/25 0:45,0.286,W
1/5/25 1:00,0.262,W
1/5/25 1:15,0.31,W
1/5/25 1:30,0.277,W
1/5/25 1:45,0.284,W
1/5/25 2:00,0.303,W
1/5/25 2:15,0.282,W
1/5/25 2:30,0.282,W
1/5/25 2:45,0.294,W
1/5/25 3:00,0.242,W
1/5/25 3:15,0.249,W
1/5/25 3:30,0.265,W
1/5/25 3:45,0.233,W
1/5/25 4:00,0.217,W
1/5/25 4:15,0.238,W
1/5/25 4:30,0.259,W
1/5/25 4:45,0.272,W
1/5/25 5:00,0.223,W
1/5/25 5:15,0.259,W
1/5/25 5:30,0.256,W
1/5/25 5:45,0.262,W
1/5/25 6:00,0.241,W
1/5/25 6:15,0.205,W
1/5/25 6:30,0.231,W
1/5/25 6:45,0.257,W
1/5/25 7:00,0.217,W
1/5/25 7:15,0.234,W
1/5/25 7:30,0.296,W
1/5/25 7:45,0.193,W
1/5/25 8:00,0.33,W
1/5/25 8:15,0.254,W
1/5/25 8:30,0.283,W
1/5/25 8:45,0.274,W
1/5/25 9:00,0.6,W
1/5/25 9:15,0.386,W
1/5/25 9:30,0.369,W
1/5/25 9:45,0.331,W
1/5/25 10:00,0.344,W
1/5/25 10:15,0.298,W
1/5/25 10:30,0.399,W
1/5/25 10:45,0.565,W
1/5/25 11:00,0.455,W
1/5/25 11:15,0.487,W
1/5/25 11:30,0.384,W
1/5/25 11:45,0.774,W
1/5/25 12:00,0.635,W
1/5/25 12:15,0.291,W
1/5/25 12:30,0.29,W
1/5/25 12:45,0.304,W
1/5/25 13:00,0.347,W
1/5/25 13:15,0.649,W
1/5/25 13:30,0.671,W
1/5/25 13:45,0.634,W
1/5/25 14:00,0.279,W
1/5/25 14:15,0.285,W
1/5/25 14:30,0.31,W
1/5/25 14:45,0.319,W
1/5/25 15:00,0.297,W
1/5/25 15:15,0.306,W
1/5/25 15:30,0.39,W
1/5/25 15:45,0.351,W
1/5/25 16:00,0.362,W
1/5/25 16:15,0.418,W
1/5/25 16:30,0.448,W
1/5/25 16:45,0.491,W
1/5/25 17:00,0.367,W
1/5/25 17:15,0.354,W
1/5/25 17:30,0.497,W
1/5/25 17:45,0.406,W
1/5/25 18:00,0.376,W
1/5/25 18:15,0.386,W
1/5/25 18:30,0.396,W
1/5/25 18:45,0.414,W
1/5/25 19:00,0.374,W
1/5/25 19:15,0.395,W
1/5/25 19:30,0.397,W
1/5/25 19:45,0.414,W
1/5/25 20:00,0.388,W
1/5/25 20:15,0.379,W
1/5/25 20:30,0.397,W
1/5/25 20:45,0.404,W
1/5/25 21:00,0.414,W
1/5/25 21:15,0.415,W
1/5/25 21:30,0.424,W
1/5/25 21:45,0.39,W
1/5/25 22:00,0.398,W
1/5/25 22:15,0.475,W
1/5/25 22:30,0.367,W
1/5/25 22:45,0.265,W
1/5/25 23:00,0.252,W
1/5/25 23:15,0.246,W
1/5/25 23:30,0.285,W
1/5/25 23:45,0.263,W
1/6/25 0:00,0.235,W
1/6/25 0:15,0.284,W
1/6/25 0:30,0.256,W
1/6/25 0:45,0.228,W
1/6/25 1:00,0.269,W
1/6/25 1:15,0.268,W
1/6/25 1:30,0.243,W
1/6/25 1:45,0.26,W
1/6/25 2:00,0.24,W
1/6/25 2:15,0.294,W
1/6/25 2:30,0.272,W
1/6/25 2:45,0.24,W
1/6/25 3:00,0.247,W
1/6/25 3:15,0.254,W
1/6/25 3:30,0.245,W
1/6/25 3:45,0.262,W
1/6/25 4:00,0.235,W
1/6/25 4:15,0.24,W
1/6/25 4:30,0.254,W
1/6/25 4:45,0.228,W
1/6/25 5:00,0.224,W
1/6/25 5:15,0.335,W
1/6/25 5:30,0.286,W
1/6/25 5:45,0.269,W
1/6/25 6:00,0.289,W
1/6/25 6:15,0.28,W
1/6/25 6:30,0.262,W
1/6/25 6:45,0.252,W
1/6/25 7:00,0.257,W
1/6/25 7:15,0.272,W
1/6/25 7:30,0.249,W
1/6/25 7:45,0.443,W
1/6/25 8:00,0.189,W
1/6/25 8:15,0.184,W
1/6/25 8:30,0.255,W
1/6/25 8:45,0.269,W
1/6/25 9:00,0.468,W
1/6/25 9:15,0.361,W
1/6/25 9:30,0.588,W
1/6/25 9:45,0.333,W
1/6/25 10:00,0.433,W
1/6/25 10:15,0.822,W
1/6/25 10:30,0.649,W
1/6/25 10:45,0.422,W
1/6/25 11:00,0.347,W
1/6/25 11:15,0.481,W
1/6/25 11:30,0.547,W
1/6/25 11:45,0.612,W
1/6/25 12:00,0.729,W
1/6/25 12:15,0.422,W
1/6/25 12:30,0.258,W
1/6/25 12:45,0.335,W
1/6/25 13:00,0.775,W
1/6/25 13:15,0.898,W
1/6/25 13:30,0.724,W
1/6/25 13:45,1.005,W
1/6/25 14:00,0.77,W
1/6/25 14:15,0.521,W
1/6/25 14:30,0.262,W
1/6/25 14:45,0.318,W
1/6/25 15:00,0.298,W
1/6/25 15:15,0.272,W
1/6/25 15:30,0.301,W
1/6/25 15:45,0.329,W
1/6/25 16:00,0.345,W
1/6/25 16:15,0.359,W
1/6/25 16:30,0.33,W
1/6/25 16:45,0.388,W
1/6/25 17:00,0.393,W
1/6/25 17:15,0.354,W
1/6/25 17:30,0.374,W
1/6/25 17:45,0.475,W
1/6/25 18:00,0.45,W
1/6/25 18:15,0.381,W
1/6/25 18:30,0.452,W
1/6/25 18:45,0.414,W
1/6/25 19:00,0.421,W
1/6/25 19:15,0.335,W
1/6/25 19:30,0.285,W
1/6/25 19:45,0.381,W
1/6/25 20:00,0.382,W
1/6/25 20:15,0.364,W
1/6/25 20:30,0.393,W
1/6/25 20:45,0.407,W
1/6/25 21:00,0.344,W
1/6/25 21:15,0.356,W
1/6/25 21:30,0.406,W
1/6/25 21:45,0.382,W
1/6/25 22:00,0.398,W
1/6/25 22:15,0.388,W
1/6/25 22:30,0.405,W
1/6/25 22:45,0.395,W
1/6/25 23:00,0.385,W
1/6/25 23:15,0.371,W
1/6/25 23:30,0.349,E
1/6/25 23:45,0.352,E
1/7/25 0:00,0.34,E
1/7/25 0:15,0.338,E
1/7/25 0:30,0.344,E
1/7/25 0:45,0.307,E
1/7/25 1:00,0.28,E
1/7/25 1:15,0.3,E
1/7/25 1:30,0.323,E
1/7/25 1:45,0.167,E
1/7/25 2:00,0.125,E
1/7/25 2:15,0.145,E
1/7/25 2:30,0.162,E
1/7/25 2:45,0.162,E
1/7/25 3:00,0.136,E
1/7/25 3:15,0.19,E
1/7/25 3:30,0.161,E
1/7/25 3:45,0.157,E
1/7/25 4:00,0.171,E
1/7/25 4:15,0.184,E
1/7/25 4:30,0.185,E
1/7/25 4:45,0.172,E
1/7/25 5:00,0.178,E
1/7/25 5:15,0.211,E
1/7/25 5:30,0.213,E
1/7/25 5:45,0.222,E
1/7/25 6:00,0.221,E
1/7/25 6:15,0.218,E
1/7/25 6:30,0.178,E
1/7/25 6:45,0.18,E
1/7/25 7:00,0.194,E
1/7/25 7:15,0.21,E
1/7/25 7:30,0.249,E
1/7/25 7:45,0.319,E
1/7/25 8:00,0.215,E
1/7/25 8:15,0.366,E
1/7/25 8:30,0.33,E
1/7/25 8:45,0.493,E
1/7/25 9:00,0.45,E
1/7/25 9:15,0.505,E
1/7/25 9:30,0.571,E
1/7/25 9:45,0.554,E
1/7/25 10:00,0.523,E
1/7/25 10:15,0.494,E
1/7/25 10:30,0.356,E
1/7/25 10:45,0.369,E
1/7/25 11:00,0.371,E
1/7/25 11:15,0.372,E
1/7/25 11:30,0.309,E
1/7/25 11:45,0.224,E
1/7/25 12:00,0.269,E
1/7/25 12:15,0.487,E
1/7/25 12:30,0.522,E
1/7/25 12:45,0.379,E
1/7/25 13:00,0.447,E
1/7/25 13:15,0.584,E
1/7/25 13:30,0.53,E
1/7/25 13:45,0.962,W
1/7/25 14:00,0.994,W
1/7/25 14:15,0.789,W
1/7/25 14:30,0.611,W
1/7/25 14:45,0.61,W
1/7/25 15:00,0.63,W
1/7/25 15:15,0.648,W
1/7/25 15:30,0.667,W
1/7/25 15:45,0.978,W
1/7/25 16:00,0.841,W
1/7/25 16:15,1.761,W
1/7/25 16:30,1.188,W
1/7/25 16:45,0.593,W
1/7/25 17:00,0.303,W
1/7/25 17:15,0.304,W
1/7/25 17:30,0.298,W
1/7/25 17:45,0.328,W
1/7/25 18:00,0.433,W
1/7/25 18:15,0.526,W
1/7/25 18:30,0.786,W
1/7/25 18:45,0.868,W
1/7/25 19:00,0.797,W
1/7/25 19:15,0.895,W
1/7/25 19:30,1.009,W
1/7/25 19:45,0.954,W
1/7/25 20:00,0.949,W
1/7/25 20:15,0.939,W
1/7/25 20:30,0.943,W
1/7/25 20:45,0.949,W
1/7/25 21:00,0.848,W
1/7/25 21:15,0.63,W
1/7/25 21:30,0.616,W
1/7/25 21:45,0.703,W
1/7/25 22:00,0.937,W
1/7/25 22:15,0.945,W
1/7/25 22:30,0.631,W
1/7/25 22:45,0.248,W
1/7/25 23:00,0.195,W
1/7/25 23:15,0.252,W
1/7/25 23:30,0.258,W
1/7/25 23:45,0.237,W
1/8/25 0:00,0.249,W
1/8/25 0:15,0.247,W
1/8/25 0:30,0.276,W
1/8/25 0:45,0.243,W
1/8/25 1:00,0.258,W
1/8/25 1:15,0.223,W
1/8/25 1:30,0.212,W
1/8/25 1:45,0.192,W
1/8/25 2:00,0.181,W
1/8/25 2:15,0.165,W
1/8/25 2:30,0.135,W
1/8/25 2:45,0.18,W
1/8/25 3:00,0.199,W
1/8/25 3:15,0.227,W
1/8/25 3:30,0.218,W
1/8/25 3:45,0.198,W
1/8/25 4:00,0.23,W
1/8/25 4:15,0.212,W
1/8/25 4:30,0.198,W
1/8/25 4:45,0.22,W
1/8/25 5:00,0.235,W
1/8/25 5:15,0.25,W
1/8/25 5:30,0.239,W
1/8/25 5:45,0.218,W
1/8/25 6:00,0.238,W
1/8/25 6:15,0.245,W
1/8/25 6:30,0.209,W
1/8/25 6:45,0.222,W
1/8/25 7:00,0.261,W
1/8/25 7:15,0.272,W
1/8/25 7:30,0.265,W
1/8/25 7:45,0.334,W
1/8/25 8:00,0.365,W
1/8/25 8:15,0.247,W
1/8/25 8:30,0.264,W
1/8/25 8:45,0.291,W
1/8/25 9:00,0.246,W
1/8/25 9:15,0.244,W
1/8/25 9:30,0.222,W
1/8/25 9:45,0.237,W
1/8/25 10:00,0.278,W
1/8/25 10:15,0.255,W
1/8/25 10:30,0.244,W
1/8/25 10:45,0.217,W
1/8/25 11:00,0.354,W
1/8/25 11:15,0.605,W
1/8/25 11:30,0.746,W
1/8/25 11:45,0.283,W
1/8/25 12:00,0.285,W
1/8/25 12:15,0.32,W
1/8/25 12:30,0.286,W
1/8/25 12:45,0.263,W
1/8/25 13:00,0.249,W
1/8/25 13:15,0.287,W
1/8/25 13:30,0.197,W
1/8/25 13:45,0.177,W
1/8/25 14:00,0.418,W
1/8/25 14:15,0.28,W
1/8/25 14:30,0.26,W
1/8/25 14:45,0.266,W
1/8/25 15:00,0.257,W
1/8/25 15:15,0.287,W
1/8/25 15:30,0.34,W
1/8/25 15:45,0.374,W
1/8/25 16:00,0.267,W
1/8/25 16:15,0.272,W
1/8/25 16:30,0.374,W
1/8/25 16:45,0.373,W
1/8/25 17:00,0.346,W
1/8/25 17:15,0.37,W
1/8/25 17:30,0.37,W
1/8/25 17:45,0.433,W
1/8/25 18:00,0.37,W
1/8/25 18:15,0.806,W
1/8/25 18:30,0.716,W
1/8/25 18:45,0.753,W
1/8/25 19:00,0.389,W
1/8/25 19:15,0.384,W
1/8/25 19:30,0.417,W
1/8/25 19:45,0.37,W
1/8/25 20:00,0.364,W
1/8/25 20:15,0.402,W
1/8/25 20:30,0.392,W
1/8/25 20:45,0.378,W
1/8/25 21:00,0.382,W
1/8/25 21:15,0.394,W
1/8/25 21:30,0.417,W
1/8/25 21:45,0.336,W
1/8/25 22:00,0.367,W
1/8/25 22:15,0.382,W
1/8/25 22:30,0.362,W
1/8/25 22:45,0.356,W
1/8/25 23:00,0.354,W
1/8/25 23:15,0.36,W
1/8/25 23:30,0.346,W
1/8/25 23:45,0.346,W
1/9/25 0:00,0.342,W
1/9/25 0:15,0.382,W
1/9/25 0:30,0.338,W
1/9/25 0:45,0.249,W
1/9/25 1:00,0.263,W
1/9/25 1:15,0.222,W
1/9/25 1:30,0.196,W
1/9/25 1:45,0.228,W
1/9/25 2:00,0.219,W
1/9/25 2:15,0.222,W
1/9/25 2:30,0.201,W
1/9/25 2:45,0.218,W
1/9/25 3:00,0.279,W
1/9/25 3:15,0.231,W
1/9/25 3:30,0.215,W
1/9/25 3:45,0.219,W
1/9/25 4:00,0.226,W
1/9/25 4:15,0.215,W
1/9/25 4:30,0.199,W
1/9/25 4:45,0.227,W
1/9/25 5:00,0.24,W
1/9/25 5:15,0.233,W
1/9/25 5:30,0.234,W
1/9/25 5:45,0.258,W
1/9/25 6:00,0.253,W
1/9/25 6:15,0.255,W
1/9/25 6:30,0.23,W
1/9/25 6:45,0.263,W
1/9/25 7:00,0.257,W
1/9/25 7:15,0.236,W
1/9/25 7:30,0.237,W
1/9/25 7:45,0.394,W
1/9/25 8:00,0.195,W
1/9/25 8:15,0.217,W
1/9/25 8:30,0.389,W
1/9/25 8:45,0.44,W
1/9/25 9:00,0.338,W
1/9/25 9:15,0.334,W
1/9/25 9:30,0.302,W
1/9/25 9:45,0.319,W
1/9/25 10:00,0.345,W
1/9/25 10:15,0.328,W
1/9/25 10:30,0.302,W
1/9/25 10:45,0.331,W
1/9/25 11:00,0.305,W
1/9/25 11:15,0.331,W
1/9/25 11:30,0.325,W
1/9/25 11:45,0.293,W
1/9/25 12:00,0.625,W
1/9/25 12:15,0.756,W
1/9/25 12:30,0.626,W
1/9/25 12:45,0.351,W
1/9/25 13:00,0.354,W
1/9/25 13:15,0.307,W
1/9/25 13:30,0.3,W
1/9/25 13:45,0.305,W
1/9/25 14:00,0.276,W
1/9/25 14:15,0.27,W
1/9/25 14:30,0.301,W
1/9/25 14:45,0.382,W
1/9/25 15:00,0.412,W
1/9/25 15:15,0.32,W
1/9/25 15:30,0.336,W
1/9/25 15:45,0.358,W
1/9/25 16:00,0.393,W
1/9/25 16:15,0.408,W
1/9/25 16:30,0.312,W
1/9/25 16:45,0.301,W
1/9/25 17:00,0.305,W
1/9/25 17:15,0.302,W
1/9/25 17:30,0.305,W
1/9/25 17:45,0.317,W
1/9/25 18:00,0.345,W
1/9/25 18:15,0.425,W
1/9/25 18:30,1.141,W
1/9/25 18:45,1.38,W
1/9/25 19:00,0.75,W
1/9/25 19:15,0.867,W
1/9/25 19:30,0.714,W
1/9/25 19:45,0.387,W
1/9/25 20:00,0.421,W
1/9/25 20:15,0.432,W
1/9/25 20:30,0.417,W
1/9/25 20:45,0.407,W
1/9/25 21:00,0.413,W
1/9/25 21:15,0.402,W
1/9/25 21:30,0.405,W
1/9/25 21:45,0.496,W
1/9/25 22:00,0.288,W
1/9/25 22:15,0.299,W
1/9/25 22:30,0.271,W
1/9/25 22:45,0.258,W
1/9/25 23:00,0.284,W
1/9/25 23:15,0.265,W
1/9/25 23:30,0.319,W
1/9/25 23:45,0.289,W
1/10/25 0:00,0.249,W
1/10/25 0:15,0.263,W
1/10/25 0:30,0.272,W
1/10/25 0:45,0.249,W
1/10/25 1:00,0.248,W
1/10/25 1:15,0.277,W
1/10/25 1:30,0.264,W
1/10/25 1:45,0.253,W
1/10/25 2:00,0.254,W
1/10/25 2:15,0.248,W
1/10/25 2:30,0.26,W
1/10/25 2:45,0.242,W
1/10/25 3:00,0.139,W
1/10/25 3:15,0.145,W
1/10/25 3:30,0.14,W
1/10/25 3:45,0.124,W
1/10/25 4:00,0.13,W
1/10/25 4:15,0.125,W
1/10/25 4:30,0.126,W
1/10/25 4:45,0.107,W
1/10/25 5:00,0.089,W
1/10/25 5:15,0.217,W
1/10/25 5:30,0.242,W
1/10/25 5:45,0.289,W
1/10/25 6:00,0.245,W
1/10/25 6:15,0.265,W
1/10/25 6:30,0.273,W
1/10/25 6:45,0.268,W
1/10/25 7:00,0.262,W
1/10/25 7:15,0.293,W
1/10/25 7:30,0.277,W
1/10/25 7:45,0.257,W
1/10/25 8:00,0.332,W
1/10/25 8:15,0.31,W
1/10/25 8:30,0.234,W
1/10/25 8:45,0.261,W
1/10/25 9:00,0.516,W
1/10/25 9:15,0.37,W
1/10/25 9:30,0.364,W
1/10/25 9:45,0.329,W
1/10/25 10:00,0.313,W
1/10/25 10:15,0.325,W
1/10/25 10:30,0.331,W
1/10/25 10:45,0.383,W
1/10/25 11:00,0.549,W
1/10/25 11:15,0.457,W
1/10/25 11:30,0.829,W
1/10/25 11:45,0.959,W
1/10/25 12:00,0.398,W
1/10/25 12:15,0.326,W
1/10/25 12:30,0.294,W
1/10/25 12:45,0.274,W
1/10/25 13:00,0.316,W
1/10/25 13:15,0.302,W
1/10/25 13:30,0.287,W
1/10/25 13:45,0.283,W
1/10/25 14:00,0.246,W
1/10/25 14:15,0.251,W
1/10/25 14:30,0.298,W
1/10/25 14:45,0.835,W
1/10/25 15:00,0.694,W
1/10/25 15:15,0.979,W
1/10/25 15:30,0.904,W
1/10/25 15:45,0.5,W
1/10/25 16:00,0.292,W
1/10/25 16:15,0.624,W
1/10/25 16:30,0.849,W
1/10/25 16:45,0.392,W
1/10/25 17:00,0.442,W
1/10/25 17:15,0.388,W
1/10/25 17:30,0.317,W
1/10/25 17:45,0.369,W
1/10/25 18:00,0.449,W
1/10/25 18:15,0.453,W
1/10/25 18:30,0.451,W
1/10/25 18:45,0.495,W
1/10/25 19:00,0.577,W
1/10/25 19:15,0.583,W
1/10/25 19:30,0.583,W
1/10/25 19:45,0.613,W
1/10/25 20:00,0.398,W
1/10/25 20:15,0.379,W
1/10/25 20:30,0.357,W
1/10/25 20:45,0.376,W
1/10/25 21:00,0.362,W
1/10/25 21:15,0.359,W
1/10/25 21:30,0.373,W
1/10/25 21:45,0.421,W
1/10/25 22:00,0.386,W
1/10/25 22:15,0.439,W
1/10/25 22:30,0.442,W
1/10/25 22:45,0.402,W
1/10/25 23:00,0.357,W
1/10/25 23:15,0.257,W
1/10/25 23:30,0.273,W
1/10/25 23:45,0.271,W
1/11/25 0:00,0.253,W
1/11/25 0:15,0.25,W
1/11/25 0:30,0.272,W
1/11/25 0:45,0.275,W
1/11/25 1:00,0.311,W
1/11/25 1:15,0.258,W
1/11/25 1:30,0.255,W
1/11/25 1:45,0.284,W
1/11/25 2:00,0.255,W
1/11/25 2:15,0.46,W
1/11/25 2:30,0.278,W
1/11/25 2:45,0.274,W
1/11/25 3:00,0.255,W
1/11/25 3:15,0.239,W
1/11/25 3:30,0.273,W
1/11/25 3:45,0.273,W
1/11/25 4:00,0.234,W
1/11/25 4:15,0.246,W
1/11/25 4:30,0.282,W
1/11/25 4:45,0.241,W
1/11/25 5:00,0.244,W
1/11/25 5:15,0.281,W
1/11/25 5:30,0.273,W
1/11/25 5:45,0.257,W
1/11/25 6:00,0.248,W
1/11/25 6:15,0.246,W
1/11/25 6:30,0.257,W
1/11/25 6:45,0.227,W
1/11/25 7:00,0.217,W
1/11/25 7:15,0.156,W
1/11/25 7:30,0.227,W
1/11/25 7:45,0.479,W
1/11/25 8:00,0.285,W
1/11/25 8:15,0.53,W
1/11/25 8:30,0.635,W
1/11/25 8:45,0.922,W
1/11/25 9:00,0.682,W
1/11/25 9:15,0.481,W
1/11/25 9:30,0.316,W
1/11/25 9:45,0.299,W
1/11/25 10:00,0.296,W
1/11/25 10:15,0.28,W
1/11/25 10:30,0.263,W
1/11/25 10:45,0.305,W
1/11/25 11:00,0.263,W
1/11/25 11:15,0.264,W
1/11/25 11:30,0.45,W
1/11/25 11:45,0.297,W
1/11/25 12:00,0.257,W
1/11/25 12:15,0.274,W
1/11/25 12:30,0.271,W
1/11/25 12:45,0.299,W
1/11/25 13:00,0.279,W
1/11/25 13:15,0.27,W
1/11/25 13:30,0.311,W
1/11/25 13:45,0.951,W
1/11/25 14:00,0.823,W
1/11/25 14:15,0.613,W
1/11/25 14:30,1.133,W
1/11/25 14:45,0.605,W
1/11/25 15:00,0.59,W
1/11/25 15:15,0.366,W
1/11/25 15:30,0.232,W
1/11/25 15:45,0.258,W
1/11/25 16:00,0.309,W
1/11/25 16:15,0.343,W
1/11/25 16:30,0.271,W
1/11/25 16:45,0.355,W
1/11/25 17:00,0.341,W
1/11/25 17:15,0.381,W
1/11/25 17:30,0.38,W
1/11/25 17:45,0.424,W
1/11/25 18:00,0.385,W
1/11/25 18:15,0.54,W
1/11/25 18:30,0.631,W
1/11/25 18:45,0.599,W
1/11/25 19:00,0.602,W
1/11/25 19:15,0.554,W
1/11/25 19:30,0.515,W
1/11/25 19:45,0.344,W
1/11/25 20:00,0.37,W
1/11/25 20:15,0.356,W
1/11/25 20:30,0.708,W
1/11/25 20:45,0.63,W
1/11/25 21:00,0.588,W
1/11/25 21:15,0.608,W
1/11/25 21:30,0.322,W
1/11/25 21:45,0.345,W
1/11/25 22:00,0.372,W
1/11/25 22:15,0.369,W
1/11/25 22:30,0.391,W
1/11/25 22:45,0.403,W
1/11/25 23:00,0.355,W
1/11/25 23:15,0.281,W
1/11/25 23:30,0.269,W
1/11/25 23:45,0.339,W
1/12/25 0:00,0.392,W
1/12/25 0:15,0.347,W
1/12/25 0:30,0.36,W
1/12/25 0:45,0.348,W
1/12/25 1:00,0.343,W
1/12/25 1:15,0.335,W
1/12/25 1:30,0.289,W
1/12/25 1:45,0.311,W
1/12/25 2:00,0.345,W
1/12/25 2:15,0.32,W
1/12/25 2:30,0.25,W
1/12/25 2:45,0.228,W
1/12/25 3:00,0.23,W
1/12/25 3:15,0.212,W
1/12/25 3:30,0.189,W
1/12/25 3:45,0.213,W
1/12/25 4:00,0.22,W
1/12/25 4:15,0.194,W
1/12/25 4:30,0.213,W
1/12/25 4:45,0.231,W
1/12/25 5:00,0.21,W
1/12/25 5:15,0.232,W
1/12/25 5:30,0.204,W
1/12/25 5:45,0.215,W
1/12/25 6:00,0.211,W
1/12/25 6:15,0.175,W
1/12/25 6:30,0.116,W
1/12/25 6:45,0.227,W
1/12/25 7:00,0.217,W
1/12/25 7:15,0.274,W
1/12/25 7:30,0.279,W
1/12/25 7:45,0.384,W
1/12/25 8:00,0.314,W
1/12/25 8:15,0.251,W
1/12/25 8:30,0.239,W
1/12/25 8:45,0.286,W
1/12/25 9:00,0.257,W
1/12/25 9:15,0.253,W
1/12/25 9:30,0.283,W
1/12/25 9:45,0.266,W
1/12/25 10:00,0.283,W
1/12/25 10:15,0.285,W
1/12/25 10:30,0.253,W
1/12/25 10:45,0.304,W
1/12/25 11:00,0.298,W
1/12/25 11:15,0.245,W
1/12/25 11:30,0.355,W
1/12/25 11:45,0.59,W
1/12/25 12:00,0.526,W
1/12/25 12:15,0.424,W
1/12/25 12:30,0.298,W
1/12/25 12:45,0.338,W
1/12/25 13:00,0.61,W
1/12/25 13:15,0.603,W
1/12/25 13:30,0.672,W
1/12/25 13:45,0.524,W
1/12/25 14:00,0.325,W
1/12/25 14:15,0.343,W
1/12/25 14:30,0.319,W
1/12/25 14:45,0.31,W
1/12/25 15:00,0.351,W
1/12/25 15:15,0.302,W
1/12/25 15:30,0.394,W
1/12/25 15:45,0.516,W
1/12/25 16:00,0.4,W
1/12/25 16:15,0.405,W
1/12/25 16:30,0.388,W
1/12/25 16:45,0.711,W
1/12/25 17:00,0.39,W
1/12/25 17:15,0.385,W
1/12/25 17:30,0.478,W
1/12/25 17:45,0.524,W
1/12/25 18:00,0.665,W
1/12/25 18:15,0.739,W
1/12/25 18:30,0.392,W
1/12/25 18:45,0.376,W
1/12/25 19:00,0.362,W
1/12/25 19:15,0.408,W
1/12/25 19:30,0.583,W
1/12/25 19:45,0.588,W
1/12/25 20:00,0.481,W
1/12/25 20:15,0.446,W
1/12/25 20:30,0.408,W
1/12/25 20:45,0.414,W
1/12/25 21:00,0.4,W
1/12/25 21:15,0.417,W
1/12/25 21:30,0.397,W
1/12/25 21:45,0.353,W
1/12/25 22:00,0.43,W
1/12/25 22:15,0.403,W
1/12/25 22:30,0.314,W
1/12/25 22:45,0.278,W
1/12/25 23:00,0.289,W
1/12/25 23:15,0.295,W
1/12/25 23:30,0.252,W
1/12/25 23:45,0.241,W
1/13/25 0:00,0.245,W
1/13/25 0:15,0.265,W
1/13/25 0:30,0.262,W
1/13/25 0:45,0.264,W
1/13/25 1:00,0.227,W
1/13/25 1:15,0.239,W
1/13/25 1:30,0.26,W
1/13/25 1:45,0.232,W
1/13/25 2:00,0.237,W
1/13/25 2:15,0.236,W
1/13/25 2:30,0.235,W
1/13/25 2:45,0.245,W
1/13/25 3:00,0.224,W
1/13/25 3:15,0.229,W
1/13/25 3:30,0.264,W
1/13/25 3:45,0.229,W
1/13/25 4:00,0.128,W
1/13/25 4:15,0.128,W
1/13/25 4:30,0.12,W
1/13/25 4:45,0.124,W
1/13/25 5:00,0.117,W
1/13/25 5:15,0.133,W
1/13/25 5:30,0.144,W
1/13/25 5:45,0.144,W
1/13/25 6:00,0.157,W
1/13/25 6:15,0.21,W
1/13/25 6:30,0.242,W
1/13/25 6:45,0.282,W
1/13/25 7:00,0.239,W
1/13/25 7:15,0.242,W
1/13/25 7:30,0.269,W
1/13/25 7:45,0.408,W
1/13/25 8:00,0.281,W
1/13/25 8:15,0.242,W
1/13/25 8:30,0.243,W
1/13/25 8:45,0.306,W
1/13/25 9:00,0.272,W
1/13/25 9:15,0.27,W
1/13/25 9:30,0.262,W
1/13/25 9:45,0.314,W
1/13/25 10:00,0.245,W
1/13/25 10:15,0.231,W
1/13/25 10:30,0.252,W
1/13/25 10:45,0.269,W
1/13/25 11:00,0.281,W
1/13/25 11:15,0.229,W
1/13/25 11:30,0.209,W
1/13/25 11:45,0.235,W
1/13/25 12:00,0.456,W
1/13/25 12:15,0.572,W
1/13/25 12:30,0.512,W
1/13/25 12:45,0.481,W
1/13/25 13:00,0.331,W
1/13/25 13:15,0.328,W
1/13/25 13:30,0.309,W
1/13/25 13:45,0.314,W
1/13/25 14:00,0.291,W
1/13/25 14:15,0.291,W
1/13/25 14:30,0.275,W
1/13/25 14:45,0.486,W
1/13/25 15:00,0.313,W
1/13/25 15:15,0.363,W
1/13/25 15:30,0.342,W
1/13/25 15:45,0.527,W
1/13/25 16:00,0.532,W
1/13/25 16:15,0.376,W
1/13/25 16:30,0.551,W
1/13/25 16:45,0.408,W
1/13/25 17:00,0.562,W
1/13/25 17:15,0.394,W
1/13/25 17:30,0.356,W
1/13/25 17:45,0.372,W
1/13/25 18:00,0.449,W
1/13/25 18:15,0.761,W
1/13/25 18:30,0.859,W
1/13/25 18:45,0.815,W
1/13/25 19:00,0.54,W
1/13/25 19:15,0.424,W
1/13/25 19:30,0.375,W
1/13/25 19:45,0.348,W
1/13/25 20:00,0.381,W
1/13/25 20:15,0.416,W
1/13/25 20:30,0.423,W
1/13/25 20:45,0.361,W
1/13/25 21:00,0.42,W
1/13/25 21:15,0.385,W
1/13/25 21:30,0.381,W
1/13/25 21:45,0.385,W
1/13/25 22:00,0.382,W
1/13/25 22:15,0.437,W
1/13/25 22:30,0.423,W
1/13/25 22:45,0.387,W
1/13/25 23:00,0.388,W
1/13/25 23:15,0.382,W
1/13/25 23:30,0.41,W
1/13/25 23:45,0.304,W
1/14/25 0:00,0.244,W
1/14/25 0:15,0.28,W
1/14/25 0:30,0.271,W
1/14/25 0:45,0.289,W
1/14/25 1:00,0.241,W
1/14/25 1:15,0.251,W
1/14/25 1:30,0.253,W
1/14/25 1:45,0.275,W
1/14/25 2:00,0.288,W
1/14/25 2:15,0.263,W
1/14/25 2:30,0.291,W
1/14/25 2:45,0.24,W
1/14/25 3:00,0.22,W
1/14/25 3:15,0.227,W
1/14/25 3:30,0.224,W
1/14/25 3:45,0.248,W
1/14/25 4:00,0.22,W
1/14/25 4:15,0.206,W
1/14/25 4:30,0.259,W
1/14/25 4:45,0.188,W
1/14/25 5:00,0.111,W
1/14/25 5:15,0.148,W
1/14/25 5:30,0.127,W
1/14/25 5:45,0.135,W
1/14/25 6:00,0.125,W
1/14/25 6:15,0.096,W
1/14/25 6:30,0.096,W
1/14/25 6:45,0.135,W
1/14/25 7:00,0.265,W
1/14/25 7:15,0.255,W
1/14/25 7:30,0.254,W
1/14/25 7:45,0.376,W
1/14/25 8:00,0.327,W
1/14/25 8:15,0.252,W
1/14/25 8:30,0.24,W
1/14/25 8:45,0.273,W
1/14/25 9:00,0.25,W
1/14/25 9:15,0.223,W
1/14/25 9:30,0.236,W
1/14/25 9:45,0.268,W
1/14/25 10:00,0.314,W
1/14/25 10:15,0.569,W
1/14/25 10:30,0.233,W
1/14/25 10:45,0.283,W
1/14/25 11:00,0.321,W
1/14/25 11:15,0.661,W
1/14/25 11:30,0.549,W
1/14/25 11:45,0.366,W
1/14/25 12:00,0.314,W
1/14/25 12:15,0.28,W
1/14/25 12:30,0.297,W
1/14/25 12:45,0.287,W
1/14/25 13:00,0.304,W
1/14/25 13:15,0.292,W
1/14/25 13:30,0.442,W
1/14/25 13:45,0.495,W
1/14/25 14:00,0.605,W
1/14/25 14:15,1.028,W
1/14/25 14:30,0.626,W
1/14/25 14:45,0.346,W
1/14/25 15:00,0.479,W
1/14/25 15:15,0.391,W
1/14/25 15:30,0.36,W
1/14/25 15:45,0.329,W
1/14/25 16:00,0.311,W
1/14/25 16:15,0.449,W
1/14/25 16:30,0.912,W
1/14/25 16:45,0.699,W
1/14/25 17:00,0.582,W
1/14/25 17:15,0.61,W
1/14/25 17:30,0.682,W
1/14/25 17:45,0.662,W
1/14/25 18:00,0.737,W
1/14/25 18:15,0.468,W
1/14/25 18:30,0.669,W
1/14/25 18:45,0.905,W
1/14/25 19:00,0.95,W
1/14/25 19:15,0.937,W
1/14/25 19:30,0.478,W
1/14/25 19:45,0.43,W
1/14/25 20:00,0.387,W
1/14/25 20:15,0.387,W
1/14/25 20:30,0.412,W
1/14/25 20:45,0.393,W
1/14/25 21:00,0.371,W
1/14/25 21:15,0.378,W
1/14/25 21:30,0.391,W
1/14/25 21:45,0.386,W
1/14/25 22:00,0.402,W
1/14/25 22:15,0.443,W
1/14/25 22:30,0.442,W
1/14/25 22:45,0.412,W
1/14/25 23:00,0.395,W
1/14/25 23:15,0.373,W
1/14/25 23:30,0.331,W
1/14/25 23:45,0.343,W
1/15/25 0:00,0.331,W
1/15/25 0:15,0.311,W
1/15/25 0:30,0.331,W
1/15/25 0:45,0.349,W
1/15/25 1:00,0.294,W
1/15/25 1:15,0.277,W
1/15/25 1:30,0.286,W
1/15/25 1:45,0.259,W
1/15/25 2:00,0.27,W
1/15/25 2:15,0.26,W
1/15/25 2:30,0.226,W
1/15/25 2:45,0.255,W
1/15/25 3:00,0.249,W
1/15/25 3:15,0.156,W
1/15/25 3:30,0.109,W
1/15/25 3:45,0.154,W
1/15/25 4:00,0.128,W
1/15/25 4:15,0.121,W
1/15/25 4:30,0.12,W
1/15/25 4:45,0.117,W
1/15/25 5:00,0.13,W
1/15/25 5:15,0.143,W
1/15/25 5:30,0.176,W
1/15/25 5:45,0.231,W
1/15/25 6:00,0.265,W
1/15/25 6:15,0.256,W
1/15/25 6:30,0.239,W
1/15/25 6:45,0.259,W
1/15/25 7:00,0.277,W
1/15/25 7:15,0.423,W
1/15/25 7:30,0.336,W
1/15/25 7:45,0.364,W
1/15/25 8:00,1.244,W
1/15/25 8:15,0.442,W
1/15/25 8:30,0.384,W
1/15/25 8:45,0.847,W
1/15/25 9:00,0.31,W
1/15/25 9:15,0.31,W
1/15/25 9:30,0.352,W
1/15/25 9:45,0.648,W
1/15/25 10:00,0.436,W
1/15/25 10:15,0.383,W
1/15/25 10:30,0.351,W
1/15/25 10:45,0.284,W
1/15/25 11:00,0.324,W
1/15/25 11:15,0.305,W
1/15/25 11:30,0.595,W
1/15/25 11:45,0.516,W
1/15/25 12:00,0.624,W
1/15/25 12:15,0.335,W
1/15/25 12:30,0.299,W
1/15/25 12:45,0.296,W
1/15/25 13:00,0.306,W
1/15/25 13:15,0.293,W
1/15/25 13:30,0.298,W
1/15/25 13:45,0.295,W
1/15/25 14:00,0.305,W
1/15/25 14:15,0.347,W
1/15/25 14:30,0.649,W
1/15/25 14:45,0.627,W
1/15/25 15:00,0.653,W
1/15/25 15:15,0.512,W
1/15/25 15:30,0.59,W
1/15/25 15:45,0.329,W
1/15/25 16:00,0.828,W
1/15/25 16:15,0.905,W
1/15/25 16:30,0.83,W
1/15/25 16:45,0.351,W
1/15/25 17:00,0.312,W
1/15/25 17:15,0.358,W
1/15/25 17:30,0.396,W
1/15/25 17:45,0.328,W
1/15/25 18:00,0.401,W
1/15/25 18:15,0.37,W
1/15/25 18:30,0.392,W
1/15/25 18:45,0.501,W
1/15/25 19:00,0.53,W
1/15/25 19:15,0.58,W
1/15/25 19:30,0.559,W
1/15/25 19:45,0.586,W
1/15/25 20:00,0.594,W
1/15/25 20:15,0.633,W
1/15/25 20:30,0.637,W
1/15/25 20:45,0.585,W
1/15/25 21:00,0.571,W
1/15/25 21:15,0.472,W
1/15/25 21:30,0.365,W
1/15/25 21:45,0.355,W
1/15/25 22:00,0.399,W
1/15/25 22:15,0.475,W
1/15/25 22:30,0.455,W
1/15/25 22:45,0.415,W
1/15/25 23:00,0.388,W
1/15/25 23:15,0.364,W
1/15/25 23:30,0.27,W
1/15/25 23:45,0.29,W
1/16/25 0:00,0.251,W
1/16/25 0:15,0.221,W
1/16/25 0:30,0.245,W
1/16/25 0:45,0.544,W
1/16/25 1:00,0.285,W
1/16/25 1:15,0.213,W
1/16/25 1:30,0.214,W
1/16/25 1:45,0.22,W
1/16/25 2:00,0.241,W
1/16/25 2:15,0.201,W
1/16/25 2:30,0.241,W
1/16/25 2:45,0.247,W
1/16/25 3:00,0.221,W
1/16/25 3:15,0.227,W
1/16/25 3:30,0.23,W
1/16/25 3:45,0.225,W
1/16/25 4:00,0.222,W
1/16/25 4:15,0.199,W
1/16/25 4:30,0.2,W
1/16/25 4:45,0.237,W
1/16/25 5:00,0.258,W
1/16/25 5:15,0.245,W
1/16/25 5:30,0.222,W
1/16/25 5:45,0.24,W
1/16/25 6:00,0.235,W
1/16/25 6:15,0.237,W
1/16/25 6:30,0.25,W
1/16/25 6:45,0.289,W
1/16/25 7:00,0.271,W
1/16/25 7:15,0.296,W
1/16/25 7:30,0.259,W
1/16/25 7:45,0.27,W
1/16/25 8:00,0.292,W
1/16/25 8:15,0.42,W
1/16/25 8:30,0.388,W
1/16/25 8:45,0.339,W
1/16/25 9:00,0.319,W
1/16/25 9:15,0.308,W
1/16/25 9:30,0.282,W
1/16/25 9:45,0.323,W
1/16/25 10:00,0.326,W
1/16/25 10:15,0.34,W
1/16/25 10:30,0.327,W
1/16/25 10:45,0.303,W
1/16/25 11:00,0.325,W
1/16/25 11:15,0.326,W
1/16/25 11:30,0.306,W
1/16/25 11:45,0.285,W
1/16/25 12:00,0.493,W
1/16/25 12:15,0.398,W
1/16/25 12:30,0.284,W
1/16/25 12:45,0.363,W
1/16/25 13:00,0.283,W
1/16/25 13:15,0.299,W
1/16/25 13:30,0.319,W
1/16/25 13:45,0.301,W
1/16/25 14:00,0.287,W
1/16/25 14:15,0.309,W
1/16/25 14:30,0.294,W
1/16/25 14:45,0.281,W
1/16/25 15:00,0.295,W
1/16/25 15:15,0.364,W
1/16/25 15:30,0.324,W
1/16/25 15:45,0.355,W
1/16/25 16:00,0.304,W
1/16/25 16:15,0.359,W
1/16/25 16:30,0.355,W
1/16/25 16:45,0.376,W
1/16/25 17:00,0.381,W
1/16/25 17:15,0.388,W
1/16/25 17:30,0.422,W
1/16/25 17:45,0.592,W
1/16/25 18:00,0.603,W
1/16/25 18:15,0.423,W
1/16/25 18:30,0.672,W
1/16/25 18:45,0.763,W
1/16/25 19:00,1.031,W
1/16/25 19:15,1.142,W
1/16/25 19:30,0.991,W
1/16/25 19:45,1.093,W
1/16/25 20:00,0.969,W
1/16/25 20:15,0.816,W
1/16/25 20:30,0.79,W
1/16/25 20:45,0.743,W
1/16/25 21:00,0.612,W
1/16/25 21:15,0.353,W
1/16/25 21:30,0.369,W
1/16/25 21:45,0.391,W
1/16/25 22:00,0.447,W
1/16/25 22:15,0.386,W
1/16/25 22:30,0.373,W
1/16/25 22:45,0.371,W
1/16/25 23:00,0.365,W
1/16/25 23:15,0.336,W
1/16/25 23:30,0.348,W
1/16/25 23:45,0.333,W
1/17/25 0:00,0.29,W
1/17/25 0:15,0.277,W
1/17/25 0:30,0.235,W
1/17/25 0:45,0.257,W
1/17/25 1:00,0.264,W
1/17/25 1:15,0.244,W
1/17/25 1:30,0.248,W
1/17/25 1:45,0.328,W
1/17/25 2:00,0.295,W
1/17/25 2:15,0.28,W
1/17/25 2:30,0.241,W
1/17/25 2:45,0.247,W
1/17/25 3:00,0.277,W
1/17/25 3:15,0.254,W
1/17/25 3:30,0.256,W
1/17/25 3:45,0.27,W
1/17/25 4:00,0.277,W
1/17/25 4:15,0.267,W
1/17/25 4:30,0.259,W
1/17/25 4:45,0.252,W
1/17/25 5:00,0.306,W
1/17/25 5:15,0.301,W
1/17/25 5:30,0.25,W
1/17/25 5:45,0.251,W
1/17/25 6:00,0.266,W
1/17/25 6:15,0.24,W
1/17/25 6:30,0.234,W
1/17/25 6:45,0.229,W
1/17/25 7:00,0.242,W
1/17/25 7:15,0.27,W
1/17/25 7:30,0.293,W
1/17/25 7:45,0.371,W
1/17/25 8:00,0.388,W
1/17/25 8:15,0.401,W
1/17/25 8:30,0.327,W
1/17/25 8:45,0.285,W
1/17/25 9:00,0.264,W
1/17/25 9:15,0.279,W
1/17/25 9:30,0.305,W
1/17/25 9:45,0.293,W
1/17/25 10:00,0.683,W
1/17/25 10:15,0.804,W
1/17/25 10:30,0.35,W
1/17/25 10:45,1.216,W
1/17/25 11:00,0.417,W
1/17/25 11:15,0.29,W
1/17/25 11:30,0.295,W
1/17/25 11:45,0.633,W
1/17/25 12:00,0.322,W
1/17/25 12:15,0.274,W
1/17/25 12:30,0.27,W
1/17/25 12:45,0.286,W
1/17/25 13:00,0.26,W
1/17/25 13:15,0.285,W
1/17/25 13:30,0.425,W
1/17/25 13:45,0.853,W
1/17/25 14:00,0.615,W
1/17/25 14:15,0.375,W
1/17/25 14:30,0.324,W
1/17/25 14:45,0.326,W
1/17/25 15:00,0.304,W
1/17/25 15:15,0.291,W
1/17/25 15:30,0.303,W
1/17/25 15:45,0.372,W
1/17/25 16:00,0.365,W
1/17/25 16:15,0.378,W
1/17/25 16:30,0.527,W
1/17/25 16:45,0.873,W
1/17/25 17:00,0.769,W
1/17/25 17:15,0.568,W
1/17/25 17:30,0.993,W
1/17/25 17:45,0.758,W
1/17/25 18:00,0.877,W
1/17/25 18:15,0.33,W
1/17/25 18:30,0.404,W
1/17/25 18:45,0.762,W
1/17/25 19:00,0.77,W
1/17/25 19:15,0.722,W
1/17/25 19:30,0.515,W
1/17/25 19:45,0.382,W
1/17/25 20:00,0.382,W
1/17/25 20:15,0.395,W
1/17/25 20:30,0.354,W
1/17/25 20:45,0.382,W
1/17/25 21:00,0.386,W
1/17/25 21:15,0.346,W
1/17/25 21:30,0.29,W
1/17/25 21:45,0.315,W
1/17/25 22:00,0.412,W
1/17/25 22:15,0.37,W
1/17/25 22:30,0.393,W
1/17/25 22:45,0.366,W
1/17/25 23:00,0.359,W
1/17/25 23:15,0.348,W
1/17/25 23:30,0.344,W
1/17/25 23:45,0.355,W
1/18/25 0:00,0.345,W
1/18/25 0:15,0.322,W
1/18/25 0:30,0.341,W
1/18/25 0:45,0.3,W
1/18/25 1:00,0.22,W
1/18/25 1:15,0.217,W
1/18/25 1:30,0.251,W
1/18/25 1:45,0.234,W
1/18/25 2:00,0.228,W
1/18/25 2:15,0.221,W
1/18/25 2:30,0.215,W
1/18/25 2:45,0.237,W
1/18/25 3:00,0.24,W
1/18/25 3:15,0.225,W
1/18/25 3:30,0.255,W
1/18/25 3:45,0.263,W
1/18/25 4:00,0.245,W
1/18/25 4:15,0.225,W
1/18/25 4:30,0.229,W
1/18/25 4:45,0.246,W
1/18/25 5:00,0.244,W
1/18/25 5:15,0.26,W
1/18/25 5:30,0.238,W
1/18/25 5:45,0.186,W
1/18/25 6:00,0.14,W
1/18/25 6:15,0.137,W
1/18/25 6:30,0.114,W
1/18/25 6:45,0.14,W
1/18/25 7:00,0.118,W
1/18/25 7:15,0.109,W
1/18/25 7:30,0.175,W
1/18/25 7:45,0.456,W
1/18/25 8:00,0.263,W
1/18/25 8:15,0.23,W
1/18/25 8:30,0.251,W
1/18/25 8:45,0.277,W
1/18/25 9:00,0.26,W
1/18/25 9:15,0.285,W
1/18/25 9:30,0.279,W
1/18/25 9:45,0.299,W
1/18/25 10:00,0.293,W
1/18/25 10:15,0.843,W
1/18/25 10:30,0.485,W
1/18/25 10:45,0.468,W
1/18/25 11:00,0.394,W
1/18/25 11:15,0.39,W
1/18/25 11:30,0.727,W
1/18/25 11:45,0.65,W
1/18/25 12:00,0.465,W
1/18/25 12:15,0.23,W
1/18/25 12:30,0.578,W
1/18/25 12:45,0.378,W
1/18/25 13:00,0.834,W
1/18/25 13:15,0.807,W
1/18/25 13:30,0.621,W
1/18/25 13:45,0.4,W
1/18/25 14:00,0.458,W
1/18/25 14:15,0.74,W
1/18/25 14:30,0.351,W
1/18/25 14:45,0.286,W
1/18/25 15:00,0.233,W
1/18/25 15:15,0.278,W
1/18/25 15:30,0.334,W
1/18/25 15:45,0.402,W
1/18/25 16:00,0.332,W
1/18/25 16:15,0.325,W
1/18/25 16:30,0.334,W
1/18/25 16:45,0.646,W
1/18/25 17:00,0.765,W
1/18/25 17:15,0.343,W
1/18/25 17:30,0.374,W
1/18/25 17:45,0.359,W
1/18/25 18:00,0.375,W
1/18/25 18:15,0.328,W
1/18/25 18:30,0.317,W
1/18/25 18:45,0.509,W
1/18/25 19:00,0.796,W
1/18/25 19:15,0.928,W
1/18/25 19:30,0.549,W
1/18/25 19:45,0.417,W
1/18/25 20:00,0.387,W
1/18/25 20:15,0.382,W
1/18/25 20:30,0.416,W
1/18/25 20:45,0.387,W
1/18/25 21:00,0.359,W
1/18/25 21:15,0.355,W
1/18/25 21:30,0.299,W
1/18/25 21:45,0.299,W
1/18/25 22:00,0.348,W
1/18/25 22:15,0.342,W
1/18/25 22:30,0.361,W
1/18/25 22:45,0.357,W
1/18/25 23:00,0.316,W
1/18/25 23:15,0.323,W
1/18/25 23:30,0.292,W
1/18/25 23:45,0.282,W
1/19/25 0:00,0.253,W
1/19/25 0:15,0.265,W
1/19/25 0:30,0.256,W
1/19/25 0:45,0.245,W
1/19/25 1:00,0.243,W
1/19/25 1:15,0.232,W
1/19/25 1:30,0.25,W
1/19/25 1:45,0.265,W
1/19/25 2:00,0.267,W
1/19/25 2:15,0.224,W
1/19/25 2:30,0.246,W
1/19/25 2:45,0.255,W
1/19/25 3:00,0.244,W
1/19/25 3:15,0.229,W
1/19/25 3:30,0.266,W
1/19/25 3:45,0.23,W
1/19/25 4:00,0.228,W
1/19/25 4:15,0.257,W
1/19/25 4:30,0.246,W
1/19/25 4:45,0.23,W
1/19/25 5:00,0.225,W
1/19/25 5:15,0.268,W
1/19/25 5:30,0.249,W
1/19/25 5:45,0.238,W
1/19/25 6:00,0.247,W
1/19/25 6:15,0.255,W
1/19/25 6:30,0.263,W
1/19/25 6:45,0.281,W
1/19/25 7:00,0.239,W
1/19/25 7:15,0.272,W
1/19/25 7:30,0.288,W
1/19/25 7:45,0.412,W
1/19/25 8:00,0.219,W
1/19/25 8:15,0.244,W
1/19/25 8:30,0.249,W
1/19/25 8:45,0.241,W
1/19/25 9:00,0.226,W
1/19/25 9:15,0.259,W
1/19/25 9:30,0.29,W
1/19/25 9:45,0.274,W
1/19/25 10:00,0.267,W
1/19/25 10:15,0.284,W
1/19/25 10:30,0.341,W
1/19/25 10:45,0.748,W
1/19/25 11:00,0.745,W
1/19/25 11:15,0.454,W
1/19/25 11:30,0.293,W
1/19/25 11:45,0.272,W
1/19/25 12:00,0.298,W
1/19/25 12:15,0.287,W
1/19/25 12:30,0.269,W
1/19/25 12:45,0.223,W
1/19/25 13:00,0.255,W
1/19/25 13:15,0.287,W
1/19/25 13:30,0.241,W
1/19/25 13:45,0.221,W
1/19/25 14:00,0.234,W
1/19/25 14:15,0.262,W
1/19/25 14:30,0.246,W
1/19/25 14:45,0.307,W
1/19/25 15:00,0.262,W
1/19/25 15:15,0.259,W
1/19/25 15:30,0.265,W
1/19/25 15:45,0.259,W
1/19/25 16:00,0.286,W
1/19/25 16:15,0.402,W
1/19/25 16:30,0.34,W
1/19/25 16:45,0.331,W
1/19/25 17:00,0.362,W
1/19/25 17:15,0.452,W
1/19/25 17:30,0.362,W
1/19/25 17:45,0.339,W
1/19/25 18:00,0.407,W
1/19/25 18:15,0.51,W
1/19/25 18:30,0.71,W
1/19/25 18:45,0.827,W
1/19/25 19:00,0.685,W
1/19/25 19:15,0.434,W
1/19/25 19:30,0.39,W
1/19/25 19:45,0.374,W
1/19/25 20:00,0.353,W
1/19/25 20:15,0.371,W
1/19/25 20:30,0.375,W
1/19/25 20:45,0.337,W
1/19/25 21:00,0.37,W
1/19/25 21:15,0.378,W
1/19/25 21:30,0.387,W
1/19/25 21:45,0.348,W
1/19/25 22:00,0.511,W
1/19/25 22:15,0.447,W
1/19/25 22:30,0.368,W
1/19/25 22:45,0.352,W
1/19/25 23:00,0.391,W
1/19/25 23:15,0.335,W
1/19/25 23:30,0.265,W
1/19/25 23:45,0.237,W
1/20/25 0:00,0.237,W
1/20/25 0:15,0.208,W
1/20/25 0:30,0.195,W
1/20/25 0:45,0.21,W
1/20/25 1:00,0.222,W
1/20/25 1:15,0.2,W
1/20/25 1:30,0.21,W
1/20/25 1:45,0.205,W
1/20/25 2:00,0.209,W
1/20/25 2:15,0.215,W
1/20/25 2:30,0.202,W
1/20/25 2:45,0.206,W
1/20/25 3:00,0.222,W
1/20/25 3:15,0.201,W
1/20/25 3:30,0.195,W
1/20/25 3:45,0.228,W
1/20/25 4:00,0.229,W
1/20/25 4:15,0.218,W
1/20/25 4:30,0.237,W
1/20/25 4:45,0.26,W
1/20/25 5:00,0.215,W
1/20/25 5:15,0.227,W
1/20/25 5:30,0.254,W
1/20/25 5:45,0.251,W
1/20/25 6:00,0.234,W
1/20/25 6:15,0.224,W
1/20/25 6:30,0.265,W
1/20/25 6:45,0.28,W
1/20/25 7:00,0.297,W
1/20/25 7:15,0.322,W
1/20/25 7:30,0.176,W
1/20/25 7:45,0.404,W
1/20/25 8:00,0.224,W
1/20/25 8:15,0.383,W
1/20/25 8:30,0.272,W
1/20/25 8:45,0.261,W
1/20/25 9:00,0.224,W
1/20/25 9:15,0.216,W
1/20/25 9:30,0.26,W
1/20/25 9:45,0.256,W
1/20/25 10:00,0.321,W
1/20/25 10:15,0.239,W
1/20/25 10:30,0.244,W
1/20/25 10:45,0.217,W
1/20/25 11:00,0.233,W
1/20/25 11:15,0.446,W
1/20/25 11:30,0.66,W
1/20/25 11:45,0.562,W
1/20/25 12:00,0.338,W
1/20/25 12:15,0.279,W
1/20/25 12:30,0.324,W
1/20/25 12:45,0.615,W
1/20/25 13:00,0.675,W
1/20/25 13:15,0.672,W
1/20/25 13:30,0.254,W
1/20/25 13:45,0.239,W
1/20/25 14:00,0.237,W
1/20/25 14:15,0.308,W
1/20/25 14:30,0.347,W
1/20/25 14:45,0.32,W
1/20/25 15:00,0.295,W
1/20/25 15:15,0.284,W
1/20/25 15:30,0.238,W
1/20/25 15:45,0.235,W
1/20/25 16:00,0.319,W
1/20/25 16:15,0.263,W
1/20/25 16:30,0.255,W
1/20/25 16:45,0.311,W
1/20/25 17:00,0.347,W
1/20/25 17:15,0.313,W
1/20/25 17:30,0.252,W
1/20/25 17:45,0.308,W
1/20/25 18:00,0.352,W
1/20/25 18:15,0.33,W
1/20/25 18:30,0.315,W
1/20/25 18:45,0.294,W
1/20/25 19:00,0.305,W
1/20/25 19:15,0.351,W
1/20/25 19:30,0.32,W
1/20/25 19:45,0.313,W
1/20/25 20:00,0.342,W
1/20/25 20:15,0.36,W
1/20/25 20:30,0.386,W
1/20/25 20:45,0.37,W
1/20/25 21:00,0.394,W
1/20/25 21:15,0.631,W
1/20/25 21:30,0.342,W
1/20/25 21:45,0.368,W
1/20/25 22:00,0.39,W
1/20/25 22:15,0.371,W
1/20/25 22:30,0.369,W
1/20/25 22:45,0.353,W
1/20/25 23:00,0.334,W
1/20/25 23:15,0.333,W
1/20/25 23:30,0.307,W
1/20/25 23:45,0.23,W
1/21/25 0:00,0.242,W
1/21/25 0:15,0.219,W
1/21/25 0:30,0.227,W
1/21/25 0:45,0.212,W
1/21/25 1:00,0.219,W
1/21/25 1:15,0.213,W
1/21/25 1:30,0.208,W
1/21/25 1:45,0.217,W
1/21/25 2:00,0.23,W
1/21/25 2:15,0.211,W
1/21/25 2:30,0.227,W
1/21/25 2:45,0.278,W
1/21/25 3:00,0.282,W
1/21/25 3:15,0.265,W
1/21/25 3:30,0.266,W
1/21/25 3:45,0.269,W
1/21/25 4:00,0.242,W
1/21/25 4:15,0.259,W
1/21/25 4:30,0.222,W
1/21/25 4:45,0.222,W
1/21/25 5:00,0.255,W
1/21/25 5:15,0.24,W
1/21/25 5:30,0.219,W
1/21/25 5:45,0.232,W
1/21/25 6:00,0.248,W
1/21/25 6:15,0.21,W
1/21/25 6:30,0.205,W
1/21/25 6:45,0.238,W
1/21/25 7:00,0.227,W
1/21/25 7:15,0.239,W
1/21/25 7:30,0.243,W
1/21/25 7:45,0.408,W
1/21/25 8:00,0.278,W
1/21/25 8:15,0.235,W
1/21/25 8:30,0.11,W
1/21/25 8:45,0.199,W
1/21/25 9:00,0.228,W
1/21/25 9:15,0.229,W
1/21/25 9:30,0.204,W
1/21/25 9:45,0.239,W
1/21/25 10:00,0.25,W
1/21/25 10:15,0.238,W
1/21/25 10:30,0.727,W
1/21/25 10:45,0.424,W
1/21/25 11:00,0.281,W
1/21/25 11:15,0.707,W
1/21/25 11:30,1.47,W
1/21/25 11:45,1.465,W
1/21/25 12:00,0.591,W
1/21/25 12:15,0.951,W
1/21/25 12:30,0.428,W
1/21/25 12:45,0.292,W
1/21/25 13:00,0.603,W
1/21/25 13:15,0.439,W
1/21/25 13:30,0.777,W
1/21/25 13:45,0.816,W
1/21/25 14:00,0.637,W
1/21/25 14:15,0.578,W
1/21/25 14:30,0.636,W
1/21/25 14:45,0.735,W
1/21/25 15:00,0.496,W
1/21/25 15:15,0.501,W
1/21/25 15:30,0.5,W
1/21/25 15:45,0.512,W
1/21/25 16:00,0.517,W
1/21/25 16:15,0.28,W
1/21/25 16:30,0.297,W
1/21/25 16:45,0.306,W
1/21/25 17:00,0.304,W
1/21/25 17:15,0.336,W
1/21/25 17:30,0.585,W
1/21/25 17:45,0.657,W
1/21/25 18:00,0.653,W
1/21/25 18:15,0.517,W
1/21/25 18:30,0.594,W
1/21/25 18:45,0.662,W
1/21/25 19:00,0.507,W
1/21/25 19:15,1.002,W
1/21/25 19:30,0.837,W
1/21/25 19:45,0.73,W
1/21/25 20:00,0.61,W
1/21/25 20:15,0.341,W
1/21/25 20:30,0.352,W
1/21/25 20:45,0.317,W
1/21/25 21:00,0.31,W
1/21/25 21:15,0.345,W
1/21/25 21:30,0.353,W
1/21/25 21:45,0.327,W
1/21/25 22:00,0.328,W
1/21/25 22:15,0.34,W
1/21/25 22:30,0.356,W
1/21/25 22:45,0.355,W
1/21/25 23:00,0.321,W
1/21/25 23:15,0.314,W
1/21/25 23:30,0.333,W
1/21/25 23:45,0.302,W
1/22/25 0:00,0.284,W
1/22/25 0:15,0.315,W
1/22/25 0:30,0.281,W
1/22/25 0:45,0.215,W
1/22/25 1:00,0.21,W
1/22/25 1:15,0.246,W
1/22/25 1:30,0.246,W
1/22/25 1:45,0.209,W
1/22/25 2:00,0.245,W
1/22/25 2:15,0.239,W
1/22/25 2:30,0.227,W
1/22/25 2:45,0.204,W
1/22/25 3:00,0.218,W
1/22/25 3:15,0.222,W
1/22/25 3:30,0.218,W
1/22/25 3:45,0.213,W
1/22/25 4:00,0.201,W
1/22/25 4:15,0.227,W
1/22/25 4:30,0.23,W
1/22/25 4:45,0.193,W
1/22/25 5:00,0.201,W
1/22/25 5:15,0.271,W
1/22/25 5:30,0.223,W
1/22/25 5:45,0.221,W
1/22/25 6:00,0.237,W
1/22/25 6:15,0.231,W
1/22/25 6:30,0.216,W
1/22/25 6:45,0.207,W
1/22/25 7:00,0.237,W
1/22/25 7:15,0.259,W
1/22/25 7:30,0.356,W
1/22/25 7:45,0.404,W
1/22/25 8:00,0.28,W
1/22/25 8:15,0.267,W
1/22/25 8:30,0.258,W
1/22/25 8:45,0.239,W
1/22/25 9:00,0.265,W
1/22/25 9:15,0.251,W
1/22/25 9:30,0.223,W
1/22/25 9:45,0.238,W
1/22/25 10:00,0.316,W
1/22/25 10:15,0.365,W
1/22/25 10:30,0.294,W
1/22/25 10:45,0.308,W
1/22/25 11:00,0.29,W
1/22/25 11:15,0.247,W
1/22/25 11:30,0.405,W
1/22/25 11:45,0.271,W
1/22/25 12:00,0.262,W
1/22/25 12:15,0.27,W
1/22/25 12:30,0.294,W
1/22/25 12:45,0.618,W
1/22/25 13:00,0.415,W
1/22/25 13:15,0.379,W
1/22/25 13:30,0.323,W
1/22/25 13:45,0.231,W
1/22/25 14:00,0.225,W
1/22/25 14:15,0.5,W
1/22/25 14:30,0.674,W
1/22/25 14:45,0.239,W
1/22/25 15:00,0.242,W
1/22/25 15:15,0.267,W
1/22/25 15:30,0.381,W
1/22/25 15:45,0.226,W
1/22/25 16:00,0.303,W
1/22/25 16:15,0.339,W
1/22/25 16:30,0.324,W
1/22/25 16:45,0.363,W
1/22/25 17:00,0.417,W
1/22/25 17:15,0.38,W
1/22/25 17:30,0.506,W
1/22/25 17:45,0.461,W
1/22/25 18:00,0.507,W
1/22/25 18:15,0.374,W
1/22/25 18:30,0.362,W
1/22/25 18:45,0.385,W
1/22/25 19:00,0.396,W
1/22/25 19:15,0.399,W
1/22/25 19:30,0.349,W
1/22/25 19:45,0.367,W
1/22/25 20:00,0.361,W
1/22/25 20:15,0.328,W
1/22/25 20:30,0.322,W
1/22/25 20:45,0.338,W
1/22/25 21:00,0.335,W
1/22/25 21:15,0.328,W
1/22/25 21:30,0.34,W
1/22/25 21:45,0.333,W
1/22/25 22:00,0.37,W
1/22/25 22:15,0.406,W
1/22/25 22:30,0.289,W
1/22/25 22:45,0.495,W
1/22/25 23:00,0.276,W
1/22/25 23:15,0.23,W
1/22/25 23:30,0.218,W
1/22/25 23:45,0.27,W
1/23/25 0:00,0.251,W
1/23/25 0:15,0.216,W
1/23/25 0:30,0.238,W
1/23/25 0:45,0.262,W
1/23/25 1:00,0.25,W
1/23/25 1:15,0.207,W
1/23/25 1:30,0.242,W
1/23/25 1:45,0.251,W
1/23/25 2:00,0.251,W
1/23/25 2:15,0.263,W
1/23/25 2:30,0.256,W
1/23/25 2:45,0.286,W
1/23/25 3:00,0.26,W
1/23/25 3:15,0.231,W
1/23/25 3:30,0.244,W
1/23/25 3:45,0.231,W
1/23/25 4:00,0.23,W
1/23/25 4:15,0.209,W
1/23/25 4:30,0.219,W
1/23/25 4:45,0.234,W
1/23/25 5:00,0.223,W
1/23/25 5:15,0.239,W
1/23/25 5:30,0.24,W
1/23/25 5:45,0.236,W
1/23/25 6:00,0.221,W
1/23/25 6:15,0.207,W
1/23/25 6:30,0.214,W
1/23/25 6:45,0.25,W
1/23/25 7:00,0.242,W
1/23/25 7:15,0.297,W
1/23/25 7:30,0.256,W
1/23/25 7:45,0.401,W
1/23/25 8:00,0.243,W
1/23/25 8:15,0.203,W
1/23/25 8:30,0.604,W
1/23/25 8:45,0.625,W
1/23/25 9:00,0.571,W
1/23/25 9:15,0.392,W
1/23/25 9:30,0.265,W
1/23/25 9:45,0.69,W
1/23/25 10:00,0.644,W
1/23/25 10:15,0.316,W
1/23/25 10:30,0.886,W
1/23/25 10:45,0.333,W
1/23/25 11:00,1.003,W
1/23/25 11:15,0.294,W
1/23/25 11:30,0.562,W
1/23/25 11:45,0.302,W
1/23/25 12:00,0.295,W
1/23/25 12:15,0.261,W
1/23/25 12:30,0.278,W
1/23/25 12:45,0.29,W
1/23/25 13:00,0.29,W
1/23/25 13:15,0.273,W
1/23/25 13:30,0.272,W
1/23/25 13:45,0.252,W
1/23/25 14:00,0.281,W
1/23/25 14:15,0.375,W
1/23/25 14:30,0.281,W
1/23/25 14:45,0.294,W
1/23/25 15:00,0.305,W
1/23/25 15:15,0.29,W
1/23/25 15:30,0.293,W
1/23/25 15:45,0.292,W
1/23/25 16:00,0.268,W
1/23/25 16:15,0.306,W
1/23/25 16:30,0.329,W
1/23/25 16:45,0.316,W
1/23/25 17:00,0.315,W
1/23/25 17:15,0.305,W
1/23/25 17:30,0.285,W
1/23/25 17:45,0.373,W
1/23/25 18:00,0.412,W
1/23/25 18:15,0.323,W
1/23/25 18:30,0.367,W
1/23/25 18:45,0.453,W
1/23/25 19:00,0.678,W
1/23/25 19:15,0.454,W
1/23/25 19:30,0.39,W
1/23/25 19:45,0.366,W
1/23/25 20:00,0.351,W
1/23/25 20:15,0.351,W
1/23/25 20:30,0.372,W
1/23/25 20:45,0.371,W
1/23/25 21:00,0.346,W
1/23/25 21:15,0.386,W
1/23/25 21:30,0.382,W
1/23/25 21:45,0.372,W
1/23/25 22:00,0.336,W
1/23/25 22:15,0.321,W
1/23/25 22:30,0.35,W
1/23/25 22:45,0.318,W
1/23/25 23:00,0.312,W
1/23/25 23:15,0.301,W
1/23/25 23:30,0.239,W
1/23/25 23:45,0.229,W
1/24/25 0:00,0.209,W
1/24/25 0:15,0.22,W
1/24/25 0:30,0.225,W
1/24/25 0:45,0.213,W
1/24/25 1:00,0.195,W
1/24/25 1:15,0.183,W
1/24/25 1:30,0.213,W
1/24/25 1:45,0.216,W
1/24/25 2:00,0.194,W
1/24/25 2:15,0.188,W
1/24/25 2:30,0.21,W
1/24/25 2:45,0.224,W
1/24/25 3:00,0.184,W
1/24/25 3:15,0.191,W
1/24/25 3:30,0.253,W
1/24/25 3:45,0.249,W
1/24/25 4:00,0.2,W
1/24/25 4:15,0.207,W
1/24/25 4:30,0.231,W
1/24/25 4:45,0.227,W
1/24/25 5:00,0.221,W
1/24/25 5:15,0.233,W
1/24/25 5:30,0.235,W
1/24/25 5:45,0.209,W
1/24/25 6:00,0.207,W
1/24/25 6:15,0.195,W
1/24/25 6:30,0.216,W
1/24/25 6:45,0.237,W
1/24/25 7:00,0.215,W
1/24/25 7:15,0.24,W
1/24/25 7:30,0.248,W
1/24/25 7:45,0.167,W
1/24/25 8:00,0.327,W
1/24/25 8:15,0.215,W
1/24/25 8:30,0.251,W
1/24/25 8:45,0.241,W
1/24/25 9:00,0.224,W
1/24/25 9:15,0.496,W
1/24/25 9:30,0.89,W
1/24/25 9:45,0.8,W
1/24/25 10:00,1.053,W
1/24/25 10:15,0.68,W
1/24/25 10:30,0.507,W
1/24/25 10:45,0.396,W
1/24/25 11:00,0.371,W
1/24/25 11:15,0.347,W
1/24/25 11:30,0.33,W
1/24/25 11:45,0.583,W
1/24/25 12:00,0.382,W
1/24/25 12:15,0.256,W
1/24/25 12:30,0.257,W
1/24/25 12:45,0.537,W
1/24/25 13:00,0.54,W
1/24/25 13:15,0.567,W
1/24/25 13:30,0.586,W
1/24/25 13:45,0.543,W
1/24/25 14:00,0.565,W
1/24/25 14:15,0.695,W
1/24/25 14:30,0.292,W
1/24/25 14:45,0.243,W
1/24/25 15:00,0.296,W
1/24/25 15:15,0.302,W
1/24/25 15:30,0.335,W
1/24/25 15:45,0.483,W
1/24/25 16:00,0.872,W
1/24/25 16:15,0.288,W
1/24/25 16:30,0.308,W
1/24/25 16:45,0.318,W
1/24/25 17:00,0.328,W
1/24/25 17:15,0.984,W
1/24/25 17:30,0.959,W
1/24/25 17:45,0.309,W
1/24/25 18:00,0.698,W
1/24/25 18:15,0.746,W
1/24/25 18:30,0.726,W
1/24/25 18:45,0.703,W
1/24/25 19:00,0.681,W
1/24/25 19:15,0.735,W
1/24/25 19:30,0.774,W
1/24/25 19:45,0.724,W
1/24/25 20:00,0.659,W
1/24/25 20:15,0.698,W
1/24/25 20:30,0.705,W
1/24/25 20:45,0.671,W
1/24/25 21:00,0.677,W
1/24/25 21:15,0.721,W
1/24/25 21:30,0.731,W
1/24/25 21:45,0.688,W
1/24/25 22:00,0.693,W
1/24/25 22:15,0.767,W
1/24/25 22:30,0.703,W
1/24/25 22:45,0.666,W
1/24/25 23:00,0.685,W
1/24/25 23:15,0.639,W
1/24/25 23:30,0.592,W
1/24/25 23:45,0.555,W
1/25/25 0:00,0.549,W
1/25/25 0:15,0.558,W
1/25/25 0:30,0.582,W
1/25/25 0:45,0.579,W
1/25/25 1:00,0.555,W
1/25/25 1:15,0.571,W
1/25/25 1:30,0.595,W
1/25/25 1:45,0.491,W
1/25/25 2:00,0.444,W
1/25/25 2:15,0.485,W
1/25/25 2:30,0.472,W
1/25/25 2:45,0.46,W
1/25/25 3:00,0.421,W
1/25/25 3:15,0.145,W
1/25/25 3:30,0.119,W
1/25/25 3:45,0.096,W
1/25/25 4:00,0.102,W
1/25/25 4:15,0.187,W
1/25/25 4:30,0.23,W
1/25/25 4:45,0.239,W
1/25/25 5:00,0.211,W
1/25/25 5:15,0.254,W
1/25/25 5:30,0.248,W
1/25/25 5:45,0.225,W
1/25/25 6:00,0.238,W
1/25/25 6:15,0.277,W
1/25/25 6:30,0.262,W
1/25/25 6:45,0.243,W
1/25/25 7:00,0.242,W
1/25/25 7:15,0.277,W
1/25/25 7:30,0.281,W
1/25/25 7:45,0.424,W
1/25/25 8:00,0.26,W
1/25/25 8:15,0.234,W
1/25/25 8:30,0.632,W
1/25/25 8:45,0.643,W
1/25/25 9:00,0.566,W
1/25/25 9:15,0.406,W
1/25/25 9:30,0.235,W
1/25/25 9:45,0.207,W
1/25/25 10:00,0.22,W
1/25/25 10:15,0.261,W
1/25/25 10:30,0.234,W
1/25/25 10:45,0.207,W
1/25/25 11:00,0.24,W
1/25/25 11:15,0.49,W
1/25/25 11:30,0.629,W
1/25/25 11:45,1.352,W
1/25/25 12:00,0.862,W
1/25/25 12:15,0.605,W
1/25/25 12:30,0.287,W
1/25/25 12:45,0.296,W
1/25/25 13:00,0.289,W
1/25/25 13:15,0.268,W
1/25/25 13:30,0.392,W
1/25/25 13:45,0.271,W
1/25/25 14:00,0.325,W
1/25/25 14:15,0.352,W
1/25/25 14:30,0.272,W
1/25/25 14:45,0.237,W
1/25/25 15:00,0.287,W
1/25/25 15:15,0.268,W
1/25/25 15:30,0.295,W
1/25/25 15:45,0.268,W
1/25/25 16:00,0.28,W
1/25/25 16:15,0.359,W
1/25/25 16:30,0.328,W
1/25/25 16:45,0.324,W
1/25/25 17:00,0.308,W
1/25/25 17:15,0.335,W
1/25/25 17:30,0.36,W
1/25/25 17:45,0.329,W
1/25/25 18:00,0.304,W
1/25/25 18:15,0.298,W
1/25/25 18:30,0.336,W
1/25/25 18:45,0.795,W
1/25/25 19:00,0.657,W
1/25/25 19:15,0.714,W
1/25/25 19:30,0.441,W
1/25/25 19:45,0.365,W
1/25/25 20:00,0.332,W
1/25/25 20:15,0.333,W
1/25/25 20:30,0.383,W
1/25/25 20:45,0.355,W
1/25/25 21:00,0.337,W
1/25/25 21:15,0.333,W
1/25/25 21:30,0.327,W
1/25/25 21:45,0.331,W
1/25/25 22:00,0.261,W
1/25/25 22:15,0.266,W
1/25/25 22:30,0.348,W
1/25/25 22:45,0.358,W
1/25/25 23:00,0.323,W
1/25/25 23:15,0.29,W
1/25/25 23:30,0.306,W
1/25/25 23:45,0.343,W
1/26/25 0:00,0.288,W
1/26/25 0:15,0.269,W
1/26/25 0:30,0.3,W
1/26/25 0:45,0.288,W
1/26/25 1:00,0.264,W
1/26/25 1:15,0.264,W
1/26/25 1:30,0.266,W
1/26/25 1:45,0.278,W
1/26/25 2:00,0.283,W
1/26/25 2:15,0.297,W
1/26/25 2:30,0.288,W
1/26/25 2:45,0.299,W
1/26/25 3:00,0.293,W
1/26/25 3:15,0.229,W
1/26/25 3:30,0.217,W
1/26/25 3:45,0.234,W
1/26/25 4:00,0.249,W
1/26/25 4:15,0.197,W
1/26/25 4:30,0.2,W
1/26/25 4:45,0.226,W
1/26/25 5:00,0.208,W
1/26/25 5:15,0.213,W
1/26/25 5:30,0.216,W
1/26/25 5:45,0.235,W
1/26/25 6:00,0.236,W
1/26/25 6:15,0.186,W
1/26/25 6:30,0.206,W
1/26/25 6:45,0.207,W
1/26/25 7:00,0.214,W
1/26/25 7:15,0.247,W
1/26/25 7:30,0.22,W
1/26/25 7:45,0.426,W
1/26/25 8:00,0.244,W
1/26/25 8:15,0.221,W
1/26/25 8:30,0.189,W
1/26/25 8:45,0.223,W
1/26/25 9:00,0.235,W
1/26/25 9:15,0.238,W
1/26/25 9:30,0.272,W
1/26/25 9:45,0.864,W
1/26/25 10:00,0.545,W
1/26/25 10:15,0.292,W
1/26/25 10:30,0.923,W
1/26/25 10:45,0.271,W
1/26/25 11:00,0.288,W
1/26/25 11:15,0.403,W
1/26/25 11:30,0.299,W
1/26/25 11:45,0.245,W
1/26/25 12:00,0.238,W
1/26/25 12:15,0.247,W
1/26/25 12:30,0.265,W
1/26/25 12:45,0.259,W
1/26/25 13:00,0.282,W
1/26/25 13:15,0.244,W
1/26/25 13:30,0.236,W
1/26/25 13:45,0.213,W
1/26/25 14:00,0.239,W
1/26/25 14:15,0.257,W
1/26/25 14:30,0.257,W
1/26/25 14:45,0.139,W
1/26/25 15:00,0.207,W
1/26/25 15:15,0.266,W
1/26/25 15:30,0.647,W
1/26/25 15:45,0.606,W
1/26/25 16:00,0.322,W
1/26/25 16:15,0.353,W
1/26/25 16:30,0.383,W
1/26/25 16:45,0.394,W
1/26/25 17:00,0.491,W
1/26/25 17:15,0.609,W
1/26/25 17:30,0.651,W
1/26/25 17:45,0.497,W
1/26/25 18:00,0.427,W
1/26/25 18:15,0.53,W
1/26/25 18:30,0.411,W
1/26/25 18:45,0.375,W
1/26/25 19:00,0.796,W
1/26/25 19:15,0.435,W
1/26/25 19:30,0.38,W
1/26/25 19:45,0.39,W
1/26/25 20:00,0.386,W
1/26/25 20:15,0.39,W
1/26/25 20:30,0.375,W
1/26/25 20:45,0.325,W
1/26/25 21:00,0.349,W
1/26/25 21:15,0.344,W
1/26/25 21:30,0.344,W
1/26/25 21:45,0.356,W
1/26/25 22:00,0.314,W
1/26/25 22:15,0.321,W
1/26/25 22:30,0.309,W
1/26/25 22:45,0.247,W
1/26/25 23:00,0.229,W
1/26/25 23:15,0.22,W
1/26/25 23:30,0.162,W
1/26/25 23:45,0.209,W
1/27/25 0:00,0.204,W
1/27/25 0:15,0.237,W
1/27/25 0:30,0.214,W
1/27/25 0:45,0.189,W
1/27/25 1:00,0.197,W
1/27/25 1:15,0.237,W
1/27/25 1:30,0.234,W
1/27/25 1:45,0.247,W
1/27/25 2:00,0.213,W
1/27/25 2:15,0.225,W
1/27/25 2:30,0.226,W
1/27/25 2:45,0.215,W
1/27/25 3:00,0.208,W
1/27/25 3:15,0.247,W
1/27/25 3:30,0.265,W
1/27/25 3:45,0.199,W
1/27/25 4:00,0.212,W
1/27/25 4:15,0.237,W
1/27/25 4:30,0.225,W
1/27/25 4:45,0.216,W
1/27/25 5:00,0.218,W
1/27/25 5:15,0.249,W
1/27/25 5:30,0.236,W
1/27/25 5:45,0.213,W
1/27/25 6:00,0.231,W
1/27/25 6:15,0.226,W
1/27/25 6:30,0.233,W
1/27/25 6:45,0.247,W
1/27/25 7:00,0.224,W
1/27/25 7:15,0.247,W
1/27/25 7:30,0.357,W
1/27/25 7:45,0.376,W
1/27/25 8:00,0.273,W
1/27/25 8:15,0.252,W
1/27/25 8:30,0.706,W
1/27/25 8:45,0.506,W
1/27/25 9:00,0.556,W
1/27/25 9:15,0.56,W
1/27/25 9:30,0.277,W
1/27/25 9:45,0.263,W
1/27/25 10:00,0.221,W
1/27/25 10:15,0.235,W
1/27/25 10:30,0.262,W
1/27/25 10:45,0.662,W
1/27/25 11:00,0.669,W
1/27/25 11:15,1.343,W
1/27/25 11:30,0.82,W
1/27/25 11:45,0.618,W
1/27/25 12:00,0.231,W
1/27/25 12:15,0.265,W
1/27/25 12:30,0.295,W
1/27/25 12:45,0.298,W
1/27/25 13:00,0.272,W
1/27/25 13:15,0.218,W
1/27/25 13:30,0.141,W
1/27/25 13:45,0.178,W
1/27/25 14:00,0.195,W
1/27/25 14:15,0.187,W
1/27/25 14:30,0.199,W
1/27/25 14:45,0.212,W
1/27/25 15:00,0.225,W
1/27/25 15:15,0.5,W
1/27/25 15:30,0.29,W
1/27/25 15:45,0.249,W
1/27/25 16:00,0.493,W
1/27/25 16:15,0.39,W
1/27/25 16:30,0.402,W
1/27/25 16:45,0.48,W
1/27/25 17:00,0.25,W
1/27/25 17:15,0.495,W
1/27/25 17:30,0.43,W
1/27/25 17:45,0.494,W
1/27/25 18:00,0.546,W
1/27/25 18:15,1.294,W
1/27/25 18:30,0.961,W
1/27/25 18:45,1.086,W
1/27/25 19:00,1.129,W
1/27/25 19:15,0.938,W
1/27/25 19:30,0.979,W
1/27/25 19:45,1.175,W
1/27/25 20:00,1.265,W
1/27/25 20:15,0.771,W
1/27/25 20:30,0.77,W
1/27/25 20:45,0.697,W
1/27/25 21:00,0.641,W
1/27/25 21:15,0.684,W
1/27/25 21:30,0.679,W
1/27/25 21:45,0.665,W
1/27/25 22:00,0.678,W
1/27/25 22:15,0.815,W
1/27/25 22:30,0.763,W
1/27/25 22:45,0.736,W
1/27/25 23:00,0.691,W
1/27/25 23:15,0.691,W
1/27/25 23:30,0.723,W
1/27/25 23:45,0.693,W
1/28/25 0:00,0.657,W
1/28/25 0:15,0.606,W
1/28/25 0:30,0.62,W
1/28/25 0:45,0.59,W
1/28/25 1:00,0.6,W
1/28/25 1:15,0.619,W
1/28/25 1:30,0.603,W
1/28/25 1:45,0.604,W
1/28/25 2:00,0.58,W
1/28/25 2:15,0.535,W
1/28/25 2:30,0.513,W
1/28/25 2:45,0.478,W
1/28/25 3:00,0.488,W
1/28/25 3:15,0.49,W
1/28/25 3:30,0.275,W
1/28/25 3:45,0.119,W
1/28/25 4:00,0.092,W
1/28/25 4:15,0.105,W
1/28/25 4:30,0.128,W
1/28/25 4:45,0.197,W
1/28/25 5:00,0.207,W
1/28/25 5:15,0.237,W
1/28/25 5:30,0.262,W
1/28/25 5:45,0.199,W
1/28/25 6:00,0.214,W
1/28/25 6:15,0.222,W
1/28/25 6:30,0.221,W
1/28/25 6:45,0.2,W
1/28/25 7:00,0.249,W
1/28/25 7:15,0.261,W
1/28/25 7:30,0.284,W
1/28/25 7:45,0.279,W
1/28/25 8:00,0.413,W
1/28/25 8:15,0.248,W
1/28/25 8:30,0.252,W
1/28/25 8:45,0.688,W
1/28/25 9:00,0.559,W
1/28/25 9:15,0.65,W
1/28/25 9:30,0.356,W
1/28/25 9:45,0.229,W
1/28/25 10:00,0.227,W
1/28/25 10:15,0.262,W
1/28/25 10:30,0.339,W
1/28/25 10:45,0.299,W
1/28/25 11:00,0.301,W
1/28/25 11:15,0.26,W
1/28/25 11:30,0.722,W
1/28/25 11:45,0.391,W
1/28/25 12:00,0.265,W
1/28/25 12:15,0.29,W
1/28/25 12:30,0.278,W
1/28/25 12:45,0.248,W
1/28/25 13:00,0.252,W
1/28/25 13:15,0.238,W
1/28/25 13:30,0.251,W
1/28/25 13:45,0.266,W
1/28/25 14:00,0.228,W
1/28/25 14:15,0.247,W
1/28/25 14:30,0.305,W
1/28/25 14:45,0.247,W
1/28/25 15:00,0.277,W
1/28/25 15:15,0.31,W
1/28/25 15:30,0.311,W
1/28/25 15:45,0.28,W
1/28/25 16:00,0.359,W
1/28/25 16:15,0.311,W
1/28/25 16:30,0.337,W
1/28/25 16:45,0.354,W
1/28/25 17:00,0.367,W
1/28/25 17:15,0.275,W
1/28/25 17:30,0.275,W
1/28/25 17:45,0.313,W
1/28/25 18:00,0.408,W
1/28/25 18:15,0.342,W
1/28/25 18:30,0.717,W
1/28/25 18:45,0.729,W
1/28/25 19:00,0.727,W
1/28/25 19:15,0.71,W
1/28/25 19:30,0.711,W
1/28/25 19:45,0.703,W
1/28/25 20:00,0.708,W
1/28/25 20:15,0.694,W
1/28/25 20:30,0.708,W
1/28/25 20:45,0.611,W
1/28/25 21:00,0.591,W
1/28/25 21:15,0.251,W
1/28/25 21:30,0.241,W
1/28/25 21:45,0.255,W
1/28/25 22:00,0.266,W
1/28/25 22:15,0.276,W
1/28/25 22:30,0.281,W
1/28/25 22:45,0.385,W
1/28/25 23:00,0.375,W
1/28/25 23:15,0.358,W
1/28/25 23:30,0.249,W
1/28/25 23:45,0.238,W
1/29/25 0:00,0.247,W
1/29/25 0:15,0.217,W
1/29/25 0:30,0.206,W
1/29/25 0:45,0.223,W
1/29/25 1:00,0.233,W
1/29/25 1:15,0.22,W
1/29/25 1:30,0.223,W
1/29/25 1:45,0.219,W
1/29/25 2:00,0.218,W
1/29/25 2:15,0.221,W
1/29/25 2:30,0.203,W
1/29/25 2:45,0.211,W
1/29/25 3:00,0.245,W
1/29/25 3:15,0.225,W
1/29/25 3:30,0.212,W
1/29/25 3:45,0.242,W
1/29/25 4:00,0.276,W
1/29/25 4:15,0.25,W
1/29/25 4:30,0.224,W
1/29/25 4:45,0.206,W
1/29/25 5:00,0.232,W
1/29/25 5:15,0.243,W
1/29/25 5:30,0.205,W
1/29/25 5:45,0.21,W
1/29/25 6:00,0.232,W
1/29/25 6:15,0.221,W
1/29/25 6:30,0.245,W
1/29/25 6:45,0.253,W
1/29/25 7:00,0.25,W
1/29/25 7:15,0.26,W
1/29/25 7:30,0.259,W
1/29/25 7:45,0.426,W
1/29/25 8:00,0.362,W
1/29/25 8:15,0.297,W
1/29/25 8:30,0.284,W
1/29/25 8:45,0.224,W
1/29/25 9:00,0.234,W
1/29/25 9:15,0.266,W
1/29/25 9:30,0.236,W
1/29/25 9:45,0.221,W
1/29/25 10:00,0.243,W
1/29/25 10:15,0.155,W
1/29/25 10:30,0.202,W
1/29/25 10:45,0.241,W
1/29/25 11:00,0.268,W
1/29/25 11:15,0.427,W
1/29/25 11:30,0.255,W
1/29/25 11:45,0.234,W
1/29/25 12:00,0.314,W
1/29/25 12:15,0.251,W
1/29/25 12:30,0.235,W
1/29/25 12:45,0.208,W
1/29/25 13:00,0.217,W
1/29/25 13:15,0.251,W
1/29/25 13:30,0.228,W
1/29/25 13:45,0.251,W
1/29/25 14:00,0.245,W
1/29/25 14:15,0.25,W
1/29/25 14:30,0.264,W
1/29/25 14:45,0.248,W
1/29/25 15:00,0.234,W
1/29/25 15:15,0.218,W
1/29/25 15:30,0.271,W
1/29/25 15:45,0.627,W
1/29/25 16:00,0.281,W
1/29/25 16:15,0.291,W
1/29/25 16:30,0.267,W
1/29/25 16:45,0.294,W
1/29/25 17:00,0.257,W
1/29/25 17:15,0.322,W
1/29/25 17:30,0.375,W
1/29/25 17:45,1.323,W
1/29/25 18:00,1.095,W
1/29/25 18:15,0.72,W
1/29/25 18:30,0.376,W
1/29/25 18:45,0.344,W
1/29/25 19:00,0.311,W
1/29/25 19:15,0.287,W
1/29/25 19:30,0.259,W
1/29/25 19:45,0.334,W
1/29/25 20:00,0.369,W
1/29/25 20:15,0.386,W
1/29/25 20:30,0.359,W
1/29/25 20:45,0.344,W
1/29/25 21:00,0.314,W
1/29/25 21:15,0.341,W
1/29/25 21:30,0.364,W
1/29/25 21:45,0.473,W
1/29/25 22:00,0.362,W
1/29/25 22:15,0.389,W
1/29/25 22:30,0.341,W
1/29/25 22:45,0.371,W
1/29/25 23:00,0.352,W
1/29/25 23:15,0.269,W
1/29/25 23:30,0.199,W
1/29/25 23:45,0.269,W
1/30/25 0:00,0.257,W
1/30/25 0:15,0.262,W
1/30/25 0:30,0.242,W
1/30/25 0:45,0.254,W
1/30/25 1:00,0.262,W
1/30/25 1:15,0.239,W
1/30/25 1:30,0.234,W
1/30/25 1:45,0.271,W
1/30/25 2:00,0.265,W
1/30/25 2:15,0.216,W
1/30/25 2:30,0.244,W
1/30/25 2:45,0.263,W
1/30/25 3:00,0.259,W
1/30/25 3:15,0.224,W
1/30/25 3:30,0.263,W
1/30/25 3:45,0.226,W
1/30/25 4:00,0.25,W
1/30/25 4:15,0.277,W
1/30/25 4:30,0.226,W
1/30/25 4:45,0.23,W
1/30/25 5:00,0.252,W
1/30/25 5:15,0.245,W
1/30/25 5:30,0.24,W
1/30/25 5:45,0.266,W
1/30/25 6:00,0.243,W
1/30/25 6:15,0.205,W
1/30/25 6:30,0.222,W
1/30/25 6:45,0.244,W
1/30/25 7:00,0.242,W
1/30/25 7:15,0.255,W
1/30/25 7:30,0.246,W
1/30/25 7:45,0.39,W
1/30/25 8:00,0.274,W
1/30/25 8:15,0.175,W
1/30/25 8:30,0.202,W
1/30/25 8:45,0.154,W
1/30/25 9:00,0.393,E
1/30/25 9:15,0.331,E
1/30/25 9:30,0.272,E
1/30/25 9:45,0.377,W
1/30/25 10:00,0.369,W
1/30/25 10:15,0.318,W
1/30/25 10:30,0.569,W
1/30/25 10:45,0.662,W
1/30/25 11:00,0.583,W
1/30/25 11:15,0.568,W
1/30/25 11:30,0.327,W
1/30/25 11:45,0.283,W
1/30/25 12:00,0.215,W
1/30/25 12:15,0.243,W
1/30/25 12:30,0.401,W
1/30/25 12:45,0.613,W
1/30/25 13:00,0.641,W
1/30/25 13:15,0.592,W
1/30/25 13:30,0.255,W
1/30/25 13:45,0.279,W
1/30/25 14:00,0.303,W
1/30/25 14:15,0.261,W
1/30/25 14:30,0.25,W
1/30/25 14:45,0.34,W
1/30/25 15:00,0.855,W
1/30/25 15:15,0.71,W
1/30/25 15:30,0.355,W
1/30/25 15:45,0.264,W
1/30/25 16:00,0.223,W
1/30/25 16:15,0.311,W
1/30/25 16:30,0.301,W
1/30/25 16:45,0.322,W
1/30/25 17:00,0.333,W
1/30/25 17:15,0.31,W
1/30/25 17:30,0.375,W
1/30/25 17:45,0.284,W
1/30/25 18:00,0.376,W
1/30/25 18:15,0.616,W
1/30/25 18:30,1.161,W
1/30/25 18:45,0.385,W
1/30/25 19:00,0.651,W
1/30/25 19:15,0.875,W
1/30/25 19:30,0.667,W
1/30/25 19:45,0.713,W
1/30/25 20:00,0.746,W
1/30/25 20:15,0.458,W
1/30/25 20:30,0.392,W
1/30/25 20:45,0.402,W
1/30/25 21:00,0.352,W
1/30/25 21:15,0.382,W
1/30/25 21:30,0.396,W
1/30/25 21:45,0.39,W
1/30/25 22:00,0.379,W
1/30/25 22:15,0.382,W
1/30/25 22:30,0.381,W
1/30/25 22:45,0.349,W
1/30/25 23:00,0.362,W
1/30/25 23:15,0.332,W
1/30/25 23:30,0.332,W
1/30/25 23:45,0.359,W
1/31/25 0:00,0.243,W
1/31/25 0:15,0.212,W
1/31/25 0:30,0.249,W
1/31/25 0:45,0.233,W
1/31/25 1:00,0.204,W
1/31/25 1:15,0.223,W
1/31/25 1:30,0.211,W
1/31/25 1:45,0.238,W
1/31/25 2:00,0.248,W
1/31/25 2:15,0.243,W
1/31/25 2:30,0.191,W
1/31/25 2:45,0.131,W
1/31/25 3:00,0.203,W
1/31/25 3:15,0.202,W
1/31/25 3:30,0.219,W
1/31/25 3:45,0.229,W
1/31/25 4:00,0.21,W
1/31/25 4:15,0.21,W
1/31/25 4:30,0.221,W
1/31/25 4:45,0.232,W
1/31/25 5:00,0.225,W
1/31/25 5:15,0.237,W
1/31/25 5:30,0.26,W
1/31/25 5:45,0.254,W
1/31/25 6:00,0.249,W
1/31/25 6:15,0.228,W
1/31/25 6:30,0.271,W
1/31/25 6:45,0.259,W
1/31/25 7:00,0.242,W
1/31/25 7:15,0.278,W
1/31/25 7:30,0.268,W
1/31/25 7:45,0.25,W
1/31/25 8:00,0.486,W
1/31/25 8:15,0.217,W
1/31/25 8:30,0.256,W
1/31/25 8:45,0.229,W
1/31/25 9:00,0.217,W
1/31/25 9:15,0.256,W
1/31/25 9:30,0.295,W
1/31/25 9:45,0.274,W
1/31/25 10:00,0.232,W
1/31/25 10:15,0.274,W
1/31/25 10:30,0.474,W
1/31/25 10:45,0.573,W
1/31/25 11:00,0.781,W
1/31/25 11:15,0.716,W
1/31/25 11:30,0.544,W
1/31/25 11:45,0.567,W
1/31/25 12:00,0.784,W
1/31/25 12:15,0.346,W
1/31/25 12:30,0.546,W
1/31/25 12:45,0.571,W
1/31/25 13:00,0.554,W
1/31/25 13:15,0.495,W
1/31/25 13:30,0.244,W
1/31/25 13:45,0.209,W
1/31/25 14:00,0.214,W
1/31/25 14:15,0.247,W
1/31/25 14:30,0.245,W
1/31/25 14:45,0.235,W
1/31/25 15:00,0.221,W
1/31/25 15:15,0.235,W
1/31/25 15:30,0.262,W
1/31/25 15:45,0.282,W
1/31/25 16:00,0.355,W
1/31/25 16:15,0.278,W
1/31/25 16:30,0.353,W
1/31/25 16:45,0.456,W
1/31/25 17:00,0.338,W
1/31/25 17:15,0.686,W
1/31/25 17:30,1.122,W
1/31/25 17:45,0.344,W
1/31/25 18:00,0.359,W
1/31/25 18:15,0.396,W
1/31/25 18:30,0.347,W
1/31/25 18:45,0.336,W
1/31/25 19:00,0.362,W
1/31/25 19:15,0.358,W
1/31/25 19:30,0.336,W
1/31/25 19:45,0.343,W
1/31/25 20:00,0.354,W
1/31/25 20:15,0.417,W
1/31/25 20:30,0.485,W
1/31/25 20:45,0.445,W
1/31/25 21:00,0.536,W
1/31/25 21:15,0.379,W
1/31/25 21:30,0.392,W
1/31/25 21:45,0.351,W
1/31/25 22:00,0.372,W
1/31/25 22:15,0.388,W
1/31/25 22:30,0.349,W
1/31/25 22:45,0.341,W
1/31/25 23:00,0.363,W
1/31/25 23:15,0.345,W
1/31/25 23:30,0.348,W
1/31/25 23:45,0.321,W
2/1/25 0:00,0.267,W
2/1/25 0:15,0.242,W
2/1/25 0:30,0.219,W
2/1/25 0:45,0.233,W
2/1/25 1:00,0.243,W
2/1/25 1:15,0.243,W
2/1/25 1:30,0.242,W
2/1/25 1:45,0.238,W
2/1/25 2:00,0.243,W
2/1/25 2:15,0.239,W
2/1/25 2:30,0.231,W
2/1/25 2:45,0.2,W
2/1/25 3:00,0.214,W
2/1/25 3:15,0.227,W
2/1/25 3:30,0.198,W
2/1/25 3:45,0.213,W
2/1/25 4:00,0.224,W
2/1/25 4:15,0.222,W
2/1/25 4:30,0.262,W
2/1/25 4:45,0.248,W
2/1/25 5:00,0.235,W
2/1/25 5:15,0.281,W
2/1/25 5:30,0.233,W
2/1/25 5:45,0.214,W
2/1/25 6:00,0.287,W
2/1/25 6:15,0.272,W
2/1/25 6:30,0.227,W
2/1/25 6:45,0.234,W
2/1/25 7:00,0.327,W
2/1/25 7:15,0.414,W
2/1/25 7:30,0.285,W
2/1/25 7:45,0.307,W
2/1/25 8:00,0.443,W
2/1/25 8:15,0.276,W
2/1/25 8:30,0.232,W
2/1/25 8:45,0.258,W
2/1/25 9:00,0.277,W
2/1/25 9:15,0.258,W
2/1/25 9:30,0.231,W
2/1/25 9:45,0.176,W
2/1/25 10:00,0.501,W
2/1/25 10:15,0.488,W
2/1/25 10:30,0.4,W
2/1/25 10:45,0.394,W
2/1/25 11:00,0.441,W
2/1/25 11:15,0.391,W
2/1/25 11:30,0.592,W
2/1/25 11:45,0.622,W
2/1/25 12:00,0.349,W
2/1/25 12:15,0.302,W
2/1/25 12:30,0.255,W
2/1/25 12:45,0.269,W
2/1/25 13:00,0.695,W
2/1/25 13:15,0.641,W
2/1/25 13:30,0.5,W
2/1/25 13:45,0.686,W
2/1/25 14:00,0.272,W
2/1/25 14:15,0.286,W
2/1/25 14:30,0.258,W
2/1/25 14:45,0.263,W
2/1/25 15:00,0.319,W
2/1/25 15:15,0.276,W
2/1/25 15:30,0.406,W
2/1/25 15:45,0.225,W
2/1/25 16:00,0.32,W
2/1/25 16:15,0.47,W
2/1/25 16:30,0.385,W
2/1/25 16:45,0.366,W
2/1/25 17:00,0.268,W
2/1/25 17:15,0.257,W
2/1/25 17:30,0.253,W
2/1/25 17:45,0.282,W
2/1/25 18:00,0.361,W
2/1/25 18:15,0.317,W
2/1/25 18:30,0.482,W
2/1/25 18:45,0.317,W
2/1/25 19:00,0.247,W
2/1/25 19:15,0.336,W
2/1/25 19:30,0.359,W
2/1/25 19:45,0.346,W
2/1/25 20:00,0.362,W
2/1/25 20:15,0.317,W
2/1/25 20:30,0.319,W
2/1/25 20:45,0.364,W
2/1/25 21:00,0.348,W
2/1/25 21:15,0.339,W
2/1/25 21:30,0.339,W
2/1/25 21:45,0.355,W
2/1/25 22:00,0.357,W
2/1/25 22:15,0.333,W
2/1/25 22:30,0.344,W
2/1/25 22:45,0.329,W
2/1/25 23:00,0.299,W
2/1/25 23:15,0.295,W
2/1/25 23:30,0.285,W
2/1/25 23:45,0.3,W
2/2/25 0:00,0.298,W
2/2/25 0:15,0.271,W
2/2/25 0:30,0.27,W
2/2/25 0:45,0.255,W
2/2/25 1:00,0.209,W
2/2/25 1:15,0.198,W
2/2/25 1:30,0.201,W
2/2/25 1:45,0.216,W
2/2/25 2:00,0.203,W
2/2/25 2:15,0.198,W
2/2/25 2:30,0.2,W
2/2/25 2:45,0.219,W
2/2/25 3:00,0.231,W
2/2/25 3:15,0.202,W
2/2/25 3:30,0.191,W
2/2/25 3:45,0.212,W
2/2/25 4:00,0.205,W
2/2/25 4:15,0.189,W
2/2/25 4:30,0.204,W
2/2/25 4:45,0.21,W
2/2/25 5:00,0.231,W
2/2/25 5:15,0.233,W
2/2/25 5:30,0.219,W
2/2/25 5:45,0.232,W
2/2/25 6:00,0.227,W
2/2/25 6:15,0.206,W
2/2/25 6:30,0.21,W
2/2/25 6:45,0.226,W
2/2/25 7:00,0.237,W
2/2/25 7:15,0.273,W
2/2/25 7:30,0.245,W
2/2/25 7:45,0.402,W
2/2/25 8:00,0.131,W
2/2/25 8:15,0.184,W
2/2/25 8:30,0.201,W
2/2/25 8:45,0.227,W
2/2/25 9:00,0.225,W
2/2/25 9:15,0.224,W
2/2/25 9:30,0.23,W
2/2/25 9:45,0.264,W
2/2/25 10:00,0.203,W
2/2/25 10:15,0.209,W
2/2/25 10:30,0.249,W
2/2/25 10:45,0.283,W
2/2/25 11:00,0.314,W
2/2/25 11:15,0.691,W
2/2/25 11:30,0.912,W
2/2/25 11:45,0.347,W
2/2/25 12:00,0.699,W
2/2/25 12:15,0.425,W
2/2/25 12:30,0.283,W
2/2/25 12:45,0.579,W
2/2/25 13:00,0.602,W
2/2/25 13:15,0.58,W
2/2/25 13:30,0.46,W
2/2/25 13:45,0.264,W
2/2/25 14:00,0.255,W
2/2/25 14:15,0.245,W
2/2/25 14:30,0.251,W
2/2/25 14:45,0.236,W
2/2/25 15:00,0.276,W
2/2/25 15:15,0.28,W
2/2/25 15:30,0.615,W
2/2/25 15:45,0.921,W
2/2/25 16:00,0.666,W
2/2/25 16:15,1.091,W
2/2/25 16:30,0.745,W
2/2/25 16:45,0.684,W
2/2/25 17:00,0.37,W
2/2/25 17:15,0.403,W
2/2/25 17:30,0.34,W
2/2/25 17:45,0.377,W
2/2/25 18:00,0.388,W
2/2/25 18:15,0.382,W
2/2/25 18:30,0.343,W
2/2/25 18:45,0.317,W
2/2/25 19:00,0.419,W
2/2/25 19:15,0.487,W
2/2/25 19:30,0.567,W
2/2/25 19:45,0.676,W
2/2/25 20:00,0.664,W
2/2/25 20:15,0.572,W
2/2/25 20:30,0.555,W
2/2/25 20:45,0.387,W
2/2/25 21:00,0.532,W
2/2/25 21:15,0.363,W
2/2/25 21:30,0.362,W
2/2/25 21:45,0.368,W
2/2/25 22:00,0.332,W
2/2/25 22:15,0.323,W
2/2/25 22:30,0.351,W
2/2/25 22:45,0.35,W
2/2/25 23:00,0.318,W
2/2/25 23:15,0.337,W
2/2/25 23:30,0.298,W
2/2/25 23:45,0.175,W
2/3/25 0:00,0.192,W
2/3/25 0:15,0.258,W
2/3/25 0:30,0.297,W
2/3/25 0:45,0.259,W
2/3/25 1:00,0.227,W
2/3/25 1:15,0.223,W
2/3/25 1:30,0.23,W
2/3/25 1:45,0.224,W
2/3/25 2:00,0.219,W
2/3/25 2:15,0.215,W
2/3/25 2:30,0.234,W
2/3/25 2:45,0.249,W
2/3/25 3:00,0.215,W
2/3/25 3:15,0.211,W
2/3/25 3:30,0.239,W
2/3/25 3:45,0.242,W
2/3/25 4:00,0.229,W
2/3/25 4:15,0.206,W
2/3/25 4:30,0.24,W
2/3/25 4:45,0.223,W
2/3/25 5:00,0.211,W
2/3/25 5:15,0.233,W
2/3/25 5:30,0.236,W
2/3/25 5:45,0.228,W
2/3/25 6:00,0.242,W
2/3/25 6:15,0.208,W
2/3/25 6:30,0.228,W
2/3/25 6:45,0.248,W
2/3/25 7:00,0.236,W
2/3/25 7:15,0.238,W
2/3/25 7:30,0.339,W
2/3/25 7:45,0.398,W
2/3/25 8:00,0.227,W
2/3/25 8:15,0.238,W
2/3/25 8:30,0.148,W
2/3/25 8:45,0.199,W
2/3/25 9:00,0.246,W
2/3/25 9:15,0.309,W
2/3/25 9:30,0.284,W
2/3/25 9:45,0.745,W
2/3/25 10:00,0.79,W
2/3/25 10:15,0.78,W
2/3/25 10:30,0.788,W
2/3/25 10:45,0.797,W
2/3/25 11:00,0.574,W
2/3/25 11:15,0.234,W
2/3/25 11:30,0.428,W
2/3/25 11:45,0.617,W
2/3/25 12:00,0.703,W
2/3/25 12:15,0.567,W
2/3/25 12:30,0.214,W
2/3/25 12:45,0.184,W
2/3/25 13:00,0.195,W
2/3/25 13:15,0.109,W
2/3/25 13:30,0.178,W
2/3/25 13:45,0.197,W
2/3/25 14:00,0.216,W
2/3/25 14:15,0.384,W
2/3/25 14:30,0.217,W
2/3/25 14:45,0.244,W
2/3/25 15:00,0.228,W
2/3/25 15:15,0.214,W
2/3/25 15:30,0.242,W
2/3/25 15:45,0.219,W
2/3/25 16:00,0.297,W
2/3/25 16:15,0.248,W
2/3/25 16:30,0.375,W
2/3/25 16:45,0.485,W
2/3/25 17:00,0.498,W
2/3/25 17:15,0.595,W
2/3/25 17:30,0.426,W
2/3/25 17:45,0.544,W
2/3/25 18:00,0.451,W
2/3/25 18:15,1.058,W
2/3/25 18:30,0.94,W
2/3/25 18:45,0.74,W
2/3/25 19:00,0.704,W
2/3/25 19:15,0.441,W
2/3/25 19:30,0.433,W
2/3/25 19:45,0.446,W
2/3/25 20:00,0.443,W
2/3/25 20:15,0.434,W
2/3/25 20:30,0.374,W
2/3/25 20:45,0.395,W
2/3/25 21:00,0.369,W
2/3/25 21:15,0.362,W
2/3/25 21:30,0.405,W
2/3/25 21:45,0.364,W
2/3/25 22:00,0.379,W
2/3/25 22:15,0.367,W
2/3/25 22:30,0.337,W
2/3/25 22:45,0.29,W
2/3/25 23:00,0.31,W
2/3/25 23:15,0.282,W
2/3/25 23:30,0.209,W
2/3/25 23:45,0.223,W
2/4/25 0:00,0.265,W
2/4/25 0:15,0.275,W
2/4/25 0:30,0.282,W
2/4/25 0:45,0.232,W
2/4/25 1:00,0.219,W
2/4/25 1:15,0.221,W
2/4/25 1:30,0.236,W
2/4/25 1:45,0.216,W
2/4/25 2:00,0.213,W
2/4/25 2:15,0.225,W
2/4/25 2:30,0.213,W
2/4/25 2:45,0.204,W
2/4/25 3:00,0.223,W
2/4/25 3:15,0.233,W
2/4/25 3:30,0.203,W
2/4/25 3:45,0.215,W
2/4/25 4:00,0.25,W
2/4/25 4:15,0.231,W
2/4/25 4:30,0.21,W
2/4/25 4:45,0.234,W
2/4/25 5:00,0.243,W
2/4/25 5:15,0.252,W
2/4/25 5:30,0.219,W
2/4/25 5:45,0.215,W
2/4/25 6:00,0.218,W
2/4/25 6:15,0.248,W
2/4/25 6:30,0.235,W
2/4/25 6:45,0.232,W
2/4/25 7:00,0.3,W
2/4/25 7:15,0.26,W
2/4/25 7:30,0.19,W
2/4/25 7:45,0.297,W
2/4/25 8:00,0.264,W
2/4/25 8:15,0.222,W
2/4/25 8:30,0.196,W
2/4/25 8:45,0.234,W
2/4/25 9:00,0.243,W
2/4/25 9:15,0.191,W
2/4/25 9:30,0.52,W
2/4/25 9:45,0.482,W
2/4/25 10:00,0.209,W
2/4/25 10:15,0.214,W
2/4/25 10:30,0.217,W
2/4/25 10:45,0.195,W
2/4/25 11:00,0.227,W
2/4/25 11:15,0.229,W
2/4/25 11:30,0.243,W
2/4/25 11:45,0.229,W
2/4/25 12:00,0.224,W
2/4/25 12:15,0.19,W
2/4/25 12:30,0.076,W
2/4/25 12:45,0.177,W
2/4/25 13:00,0.23,W
2/4/25 13:15,0.227,W
2/4/25 13:30,0.215,W
2/4/25 13:45,0.208,W
2/4/25 14:00,0.225,W
2/4/25 14:15,0.193,W
2/4/25 14:30,0.204,W
2/4/25 14:45,0.215,W
2/4/25 15:00,0.222,W
2/4/25 15:15,0.234,W
2/4/25 15:30,0.224,W
2/4/25 15:45,0.265,W
2/4/25 16:00,0.262,W
2/4/25 16:15,0.248,W
2/4/25 16:30,0.267,W
2/4/25 16:45,0.256,W
2/4/25 17:00,0.346,W
2/4/25 17:15,0.373,W
2/4/25 17:30,0.309,W
2/4/25 17:45,0.269,W
2/4/25 18:00,0.398,W
2/4/25 18:15,0.42,W
2/4/25 18:30,0.339,W
2/4/25 18:45,0.363,W
2/4/25 19:00,0.368,W
2/4/25 19:15,0.351,W
2/4/25 19:30,0.342,W
2/4/25 19:45,0.367,W
2/4/25 20:00,0.409,W
2/4/25 20:15,0.582,W
2/4/25 20:30,0.595,W
2/4/25 20:45,0.453,W
2/4/25 21:00,0.452,W
2/4/25 21:15,0.383,W
2/4/25 21:30,0.39,W
2/4/25 21:45,0.393,W
2/4/25 22:00,0.401,W
2/4/25 22:15,0.396,W
2/4/25 22:30,0.324,W
2/4/25 22:45,0.245,W
2/4/25 23:00,0.277,W
2/4/25 23:15,0.256,W
2/4/25 23:30,0.231,W
2/4/25 23:45,0.266,W
2/5/25 0:00,0.321,W
2/5/25 0:15,0.26,W
2/5/25 0:30,0.116,W
2/5/25 0:45,0.227,W
2/5/25 1:00,0.285,W
2/5/25 1:15,0.253,W
2/5/25 1:30,0.258,W
2/5/25 1:45,0.281,W
2/5/25 2:00,0.261,W
2/5/25 2:15,0.228,W
2/5/25 2:30,0.251,W
2/5/25 2:45,0.278,W
2/5/25 3:00,0.259,W
2/5/25 3:15,0.315,W
2/5/25 3:30,0.343,W
2/5/25 3:45,0.255,W
2/5/25 4:00,0.244,W
2/5/25 4:15,0.236,W
2/5/25 4:30,0.21,W
2/5/25 4:45,0.222,W
2/5/25 5:00,0.242,W
2/5/25 5:15,0.229,W
2/5/25 5:30,0.228,W
2/5/25 5:45,0.26,W
2/5/25 6:00,0.239,W
2/5/25 6:15,0.226,W
2/5/25 6:30,0.27,W
2/5/25 6:45,0.284,W
2/5/25 7:00,0.258,W
2/5/25 7:15,0.271,W
2/5/25 7:30,0.395,W
2/5/25 7:45,0.257,W
2/5/25 8:00,0.175,W
2/5/25 8:15,0.458,W
2/5/25 8:30,0.546,W
2/5/25 8:45,0.588,W
2/5/25 9:00,0.386,W
2/5/25 9:15,0.208,W
2/5/25 9:30,0.219,W
2/5/25 9:45,0.249,W
2/5/25 10:00,0.208,W
2/5/25 10:15,0.202,W
2/5/25 10:30,0.205,W
2/5/25 10:45,0.196,W
2/5/25 11:00,0.209,W
2/5/25 11:15,0.191,W
2/5/25 11:30,0.199,W
2/5/25 11:45,0.221,W
2/5/25 12:00,0.2,W
2/5/25 12:15,0.219,W
2/5/25 12:30,0.215,W
2/5/25 12:45,0.3,W
2/5/25 13:00,1.022,W
2/5/25 13:15,0.911,W
2/5/25 13:30,0.279,W
2/5/25 13:45,0.21,W
2/5/25 14:00,0.21,W
2/5/25 14:15,0.205,W
2/5/25 14:30,0.233,W
2/5/25 14:45,0.368,W
2/5/25 15:00,0.438,W
2/5/25 15:15,0.201,W
2/5/25 15:30,0.236,W
2/5/25 15:45,0.604,W
2/5/25 16:00,0.252,W
2/5/25 16:15,0.235,W
2/5/25 16:30,0.318,W
2/5/25 16:45,0.622,W
2/5/25 17:00,0.452,W
2/5/25 17:15,0.949,W
2/5/25 17:30,0.832,W
2/5/25 17:45,0.888,W
2/5/25 18:00,0.426,W
2/5/25 18:15,0.435,W
2/5/25 18:30,0.445,W
2/5/25 18:45,0.719,W
2/5/25 19:00,0.75,W
2/5/25 19:15,0.709,W
2/5/25 19:30,0.726,W
2/5/25 19:45,0.861,W
2/5/25 20:00,0.872,W
2/5/25 20:15,0.536,W
2/5/25 20:30,0.472,W
2/5/25 20:45,0.681,W
2/5/25 21:00,0.887,W
2/5/25 21:15,0.911,W
2/5/25 21:30,0.771,W
2/5/25 21:45,0.739,W
2/5/25 22:00,0.734,W
2/5/25 22:15,0.813,W
2/5/25 22:30,0.73,W
2/5/25 22:45,0.326,W
2/5/25 23:00,0.316,W
2/5/25 23:15,0.33,W
2/5/25 23:30,0.237,W
2/5/25 23:45,0.216,W
2/6/25 0:00,0.233,W
2/6/25 0:15,0.234,W
2/6/25 0:30,0.229,W
2/6/25 0:45,0.214,W
2/6/25 1:00,0.189,W
2/6/25 1:15,0.182,W
2/6/25 1:30,0.215,W
2/6/25 1:45,0.218,W
2/6/25 2:00,0.188,W
2/6/25 2:15,0.194,W
2/6/25 2:30,0.17,W
2/6/25 2:45,0.151,W
2/6/25 3:00,0.227,W
2/6/25 3:15,0.209,W
2/6/25 3:30,0.244,W
2/6/25 3:45,0.254,W
2/6/25 4:00,0.222,W
2/6/25 4:15,0.214,W
2/6/25 4:30,0.211,W
2/6/25 4:45,0.224,W
2/6/25 5:00,0.204,W
2/6/25 5:15,0.229,W
2/6/25 5:30,0.211,W
2/6/25 5:45,0.205,W
2/6/25 6:00,0.248,W
2/6/25 6:15,0.263,W
2/6/25 6:30,0.287,W
2/6/25 6:45,0.287,W
2/6/25 7:00,0.266,W
2/6/25 7:15,0.298,W
2/6/25 7:30,0.221,W
2/6/25 7:45,0.394,W
2/6/25 8:00,0.218,W
2/6/25 8:15,0.199,W
2/6/25 8:30,0.362,W
2/6/25 8:45,0.556,W
2/6/25 9:00,0.549,W
2/6/25 9:15,1.1,W
2/6/25 9:30,0.976,W
2/6/25 9:45,0.596,W
2/6/25 10:00,0.567,W
2/6/25 10:15,0.562,W
2/6/25 10:30,0.554,W
2/6/25 10:45,0.573,W
2/6/25 11:00,0.753,W
2/6/25 11:15,0.425,W
2/6/25 11:30,0.407,W
2/6/25 11:45,0.403,W
2/6/25 12:00,0.323,W
2/6/25 12:15,0.241,W
2/6/25 12:30,0.297,W
2/6/25 12:45,0.29,W
2/6/25 13:00,0.259,W
2/6/25 13:15,0.258,W
2/6/25 13:30,0.279,W
2/6/25 13:45,0.273,W
2/6/25 14:00,0.615,W
2/6/25 14:15,0.583,W
2/6/25 14:30,0.598,W
2/6/25 14:45,0.407,W
2/6/25 15:00,0.257,W
2/6/25 15:15,0.282,W
2/6/25 15:30,0.28,W
2/6/25 15:45,0.279,W
2/6/25 16:00,0.272,W
2/6/25 16:15,0.382,W
2/6/25 16:30,0.255,W
2/6/25 16:45,0.258,W
2/6/25 17:00,0.296,W
2/6/25 17:15,0.34,W
2/6/25 17:30,0.362,W
2/6/25 17:45,0.367,W
2/6/25 18:00,0.388,W
2/6/25 18:15,0.379,W
2/6/25 18:30,0.362,W
2/6/25 18:45,0.335,W
2/6/25 19:00,0.379,W
2/6/25 19:15,0.364,W
2/6/25 19:30,0.437,W
2/6/25 19:45,0.369,W
2/6/25 20:00,0.359,W
2/6/25 20:15,0.343,W
2/6/25 20:30,0.386,W
2/6/25 20:45,0.366,W
2/6/25 21:00,0.348,W
2/6/25 21:15,0.375,W
2/6/25 21:30,0.394,W
2/6/25 21:45,0.387,W
2/6/25 22:00,0.39,W
2/6/25 22:15,0.405,W
2/6/25 22:30,0.382,W
2/6/25 22:45,0.342,W
2/6/25 23:00,0.365,W
2/6/25 23:15,0.317,E
2/6/25 23:30,0.312,E
2/6/25 23:45,0.308,E
2/7/25 0:00,0.276,E
2/7/25 0:15,0.263,E
2/7/25 0:30,0.264,E
2/7/25 0:45,0.267,E
2/7/25 1:00,0.202,E
2/7/25 1:15,0.197,E
2/7/25 1:30,0.191,E
2/7/25 1:45,0.201,E
2/7/25 2:00,0.199,E
2/7/25 2:15,0.185,E
2/7/25 2:30,0.175,E
2/7/25 2:45,0.184,E
2/7/25 3:00,0.182,E
2/7/25 3:15,0.174,E
2/7/25 3:30,0.193,E
2/7/25 3:45,0.192,E
2/7/25 4:00,0.18,E
2/7/25 4:15,0.177,E
2/7/25 4:30,0.176,E
2/7/25 4:45,0.183,E
2/7/25 5:00,0.182,E
2/7/25 5:15,0.197,E
2/7/25 5:30,0.188,E
2/7/25 5:45,0.189,E
2/7/25 6:00,0.177,E
2/7/25 6:15,0.169,E
2/7/25 6:30,0.196,E
2/7/25 6:45,0.268,E
2/7/25 7:00,0.188,E
2/7/25 7:15,0.219,E
2/7/25 7:30,0.227,E
2/7/25 7:45,0.235,E
2/7/25 8:00,0.342,E
2/7/25 8:15,0.218,E
2/7/25 8:30,0.228,E
2/7/25 8:45,0.351,E
2/7/25 9:00,0.405,E
2/7/25 9:15,0.427,E
2/7/25 9:30,0.454,E
2/7/25 9:45,0.388,E
2/7/25 10:00,0.498,E
2/7/25 10:15,0.54,E
2/7/25 10:30,0.442,E
2/7/25 10:45,0.52,E
2/7/25 11:00,0.556,E
2/7/25 11:15,0.443,E
2/7/25 11:30,0.48,E
2/7/25 11:45,0.547,E
2/7/25 12:00,0.329,E
2/7/25 12:15,0.323,E
2/7/25 12:30,0.306,E
2/7/25 12:45,0.38,E
2/7/25 13:00,0.369,E
2/7/25 13:15,0.323,E
2/7/25 13:30,0.332,E
2/7/25 13:45,0.278,E
2/7/25 14:00,0.334,E
2/7/25 14:15,0.377,E
2/7/25 14:30,0.341,E
2/7/25 14:45,0.413,E
2/7/25 15:00,0.48,E
2/7/25 15:15,0.489,E
2/7/25 15:30,0.411,E
2/7/25 15:45,0.416,E
2/7/25 16:00,0.486,E
2/7/25 16:15,0.421,E
2/7/25 16:30,0.411,E
2/7/25 16:45,0.372,E
2/7/25 17:00,0.367,E
2/7/25 17:15,0.492,E
2/7/25 17:30,0.618,E
2/7/25 17:45,0.42,E
2/7/25 18:00,0.475,E
2/7/25 18:15,0.522,E
2/7/25 18:30,0.42,E
2/7/25 18:45,0.41,E
2/7/25 19:00,0.417,E
2/7/25 19:15,0.438,E
2/7/25 19:30,0.537,E
2/7/25 19:45,0.51,E
2/7/25 20:00,0.423,E
2/7/25 20:15,0.379,E
2/7/25 20:30,0.413,E
2/7/25 20:45,0.424,E
2/7/25 21:00,0.429,E
2/7/25 21:15,0.423,E
2/7/25 21:30,0.425,E
2/7/25 21:45,0.422,E
2/7/25 22:00,0.417,E
2/7/25 22:15,0.427,E
2/7/25 22:30,0.422,E
2/7/25 22:45,0.398,E
2/7/25 23:00,0.394,E
2/7/25 23:15,0.444,E
2/7/25 23:30,0.31,W
2/7/25 23:45,0.287,W
2/8/25 0:00,0.281,W
2/8/25 0:15,0.286,W
2/8/25 0:30,0.273,W
2/8/25 0:45,0.274,W
2/8/25 1:00,0.26,W
2/8/25 1:15,0.233,W
2/8/25 1:30,0.258,W
2/8/25 1:45,0.242,W
2/8/25 2:00,0.214,W
2/8/25 2:15,0.219,W
2/8/25 2:30,0.233,W
2/8/25 2:45,0.227,W
2/8/25 3:00,0.232,W
2/8/25 3:15,0.229,W
2/8/25 3:30,0.227,W
2/8/25 3:45,0.282,W
2/8/25 4:00,0.217,W
2/8/25 4:15,0.134,W
2/8/25 4:30,0.123,W
2/8/25 4:45,0.109,W
2/8/25 5:00,0.08,W
2/8/25 5:15,0.119,W
2/8/25 5:30,0.133,W
2/8/25 5:45,0.092,W
2/8/25 6:00,0.097,W
2/8/25 6:15,0.186,W
2/8/25 6:30,0.247,W
2/8/25 6:45,0.207,W
2/8/25 7:00,0.236,W
2/8/25 7:15,0.273,W
2/8/25 7:30,0.256,W
2/8/25 7:45,0.448,W
2/8/25 8:00,0.243,W
2/8/25 8:15,0.255,W
2/8/25 8:30,0.245,W
2/8/25 8:45,0.237,W
2/8/25 9:00,0.248,W
2/8/25 9:15,0.286,W
2/8/25 9:30,0.66,W
2/8/25 9:45,0.449,W
2/8/25 10:00,1.187,W
2/8/25 10:15,0.651,W
2/8/25 10:30,0.71,W
2/8/25 10:45,1.329,W
2/8/25 11:00,0.431,W
2/8/25 11:15,0.526,W
2/8/25 11:30,0.61,W
2/8/25 11:45,0.859,W
2/8/25 12:00,0.687,W
2/8/25 12:15,0.452,W
2/8/25 12:30,0.966,W
2/8/25 12:45,0.316,W
2/8/25 13:00,0.555,W
2/8/25 13:15,0.81,W
2/8/25 13:30,0.631,W
2/8/25 13:45,0.613,W
2/8/25 14:00,0.587,W
2/8/25 14:15,0.268,W
2/8/25 14:30,0.289,W
2/8/25 14:45,0.272,W
2/8/25 15:00,0.248,W
2/8/25 15:15,0.262,W
2/8/25 15:30,0.285,W
2/8/25 15:45,0.314,W
2/8/25 16:00,0.414,W
2/8/25 16:15,0.456,W
2/8/25 16:30,0.373,W
2/8/25 16:45,0.283,W
2/8/25 17:00,0.299,W
2/8/25 17:15,0.357,W
2/8/25 17:30,0.32,W
2/8/25 17:45,0.308,W
2/8/25 18:00,0.359,W
2/8/25 18:15,0.381,W
2/8/25 18:30,0.378,W
2/8/25 18:45,0.356,W
2/8/25 19:00,0.329,W
2/8/25 19:15,0.347,W
2/8/25 19:30,0.353,W
2/8/25 19:45,0.365,W
2/8/25 20:00,0.424,W
2/8/25 20:15,0.342,W
2/8/25 20:30,0.324,W
2/8/25 20:45,0.394,W
2/8/25 21:00,0.323,W
2/8/25 21:15,0.337,W
2/8/25 21:30,0.337,W
2/8/25 21:45,0.403,W
2/8/25 22:00,0.362,W
2/8/25 22:15,0.371,W
2/8/25 22:30,0.353,W
2/8/25 22:45,0.304,W
2/8/25 23:00,0.356,W
2/8/25 23:15,0.372,W
2/8/25 23:30,0.342,W
2/8/25 23:45,0.333,W
2/9/25 0:00,0.342,W
2/9/25 0:15,0.344,W
2/9/25 0:30,0.328,W
2/9/25 0:45,0.337,W
2/9/25 1:00,0.403,W
2/9/25 1:15,0.282,W
2/9/25 1:30,0.26,W
2/9/25 1:45,0.235,W
2/9/25 2:00,0.258,W
2/9/25 2:15,0.256,W
2/9/25 2:30,0.223,W
2/9/25 2:45,0.225,W
2/9/25 3:00,0.246,W
2/9/25 3:15,0.212,W
2/9/25 3:30,0.21,W
2/9/25 3:45,0.236,W
2/9/25 4:00,0.222,W
2/9/25 4:15,0.22,W
2/9/25 4:30,0.224,W
2/9/25 4:45,0.225,W
2/9/25 5:00,0.237,W
2/9/25 5:15,0.253,W
2/9/25 5:30,0.236,W
2/9/25 5:45,0.229,W
2/9/25 6:00,0.246,W
2/9/25 6:15,0.25,W
2/9/25 6:30,0.231,W
2/9/25 6:45,0.246,W
2/9/25 7:00,0.244,W
2/9/25 7:15,0.247,W
2/9/25 7:30,0.238,W
2/9/25 7:45,0.391,W
2/9/25 8:00,0.231,W
2/9/25 8:15,0.217,W
2/9/25 8:30,0.251,W
2/9/25 8:45,0.271,W
2/9/25 9:00,0.246,W
2/9/25 9:15,0.252,W
2/9/25 9:30,0.277,W
2/9/25 9:45,0.306,W
2/9/25 10:00,0.254,W
2/9/25 10:15,0.393,W
2/9/25 10:30,0.55,W
2/9/25 10:45,0.264,W
2/9/25 11:00,0.266,W
2/9/25 11:15,0.342,W
2/9/25 11:30,0.281,W
2/9/25 11:45,0.398,W
2/9/25 12:00,0.309,W
2/9/25 12:15,0.288,W
2/9/25 12:30,0.637,W
2/9/25 12:45,0.642,W
2/9/25 13:00,0.573,W
2/9/25 13:15,0.455,W
2/9/25 13:30,0.264,W
2/9/25 13:45,0.246,W
2/9/25 14:00,0.383,W
2/9/25 14:15,0.441,W
2/9/25 14:30,0.635,W
2/9/25 14:45,0.781,W
2/9/25 15:00,0.802,W
2/9/25 15:15,0.445,W
2/9/25 15:30,0.33,W
2/9/25 15:45,0.322,W
2/9/25 16:00,0.306,W
2/9/25 16:15,0.291,W
2/9/25 16:30,0.349,W
2/9/25 16:45,0.368,W
2/9/25 17:00,0.436,W
2/9/25 17:15,0.481,W
2/9/25 17:30,0.579,W
2/9/25 17:45,0.546,W
2/9/25 18:00,0.545,W
2/9/25 18:15,0.509,W
2/9/25 18:30,0.377,W
2/9/25 18:45,0.367,W
2/9/25 19:00,0.378,W
2/9/25 19:15,0.422,W
2/9/25 19:30,0.414,W
2/9/25 19:45,0.288,W
2/9/25 20:00,0.27,W
2/9/25 20:15,0.343,W
2/9/25 20:30,0.366,W
2/9/25 20:45,0.342,W
2/9/25 21:00,0.343,W
2/9/25 21:15,0.354,W
2/9/25 21:30,0.371,W
2/9/25 21:45,0.372,W
2/9/25 22:00,0.359,W
2/9/25 22:15,0.359,W
2/9/25 22:30,0.336,W
2/9/25 22:45,0.261,W
2/9/25 23:00,0.236,W
2/9/25 23:15,0.245,W
2/9/25 23:30,0.239,W
2/9/25 23:45,0.239,W
2/10/25 0:00,0.266,W
2/10/25 0:15,0.252,W
2/10/25 0:30,0.221,W
2/10/25 0:45,0.228,W
2/10/25 1:00,0.232,W
2/10/25 1:15,0.231,W
2/10/25 1:30,0.236,W
2/10/25 1:45,0.214,W
2/10/25 2:00,0.219,W
2/10/25 2:15,0.244,W
2/10/25 2:30,0.241,W
2/10/25 2:45,0.236,W
2/10/25 3:00,0.227,W
2/10/25 3:15,0.232,W
2/10/25 3:30,0.207,W
2/10/25 3:45,0.09,W
2/10/25 4:00,0.086,W
2/10/25 4:15,0.117,W
2/10/25 4:30,0.122,W
2/10/25 4:45,0.107,W
2/10/25 5:00,0.105,W
2/10/25 5:15,0.134,W
2/10/25 5:30,0.154,W
2/10/25 5:45,0.221,W
2/10/25 6:00,0.205,W
2/10/25 6:15,0.218,W
2/10/25 6:30,0.227,W
2/10/25 6:45,0.218,W
2/10/25 7:00,0.237,W
2/10/25 7:15,0.274,W
2/10/25 7:30,0.241,W
2/10/25 7:45,0.398,W
2/10/25 8:00,0.294,W
2/10/25 8:15,0.285,W
2/10/25 8:30,0.22,W
2/10/25 8:45,0.222,W
2/10/25 9:00,0.243,W
2/10/25 9:15,0.251,W
2/10/25 9:30,0.246,W
2/10/25 9:45,0.231,W
2/10/25 10:00,0.254,W
2/10/25 10:15,0.313,W
2/10/25 10:30,0.258,W
2/10/25 10:45,0.201,W
2/10/25 11:00,0.243,W
2/10/25 11:15,0.259,W
2/10/25 11:30,0.233,W
2/10/25 11:45,0.497,W
2/10/25 12:00,0.505,W
2/10/25 12:15,0.495,W
2/10/25 12:30,0.211,W
2/10/25 12:45,0.216,W
2/10/25 13:00,0.214,W
2/10/25 13:15,0.204,W
2/10/25 13:30,0.198,W
2/10/25 13:45,0.199,W
2/10/25 14:00,0.238,W
2/10/25 14:15,0.211,W
2/10/25 14:30,0.231,W
2/10/25 14:45,0.217,W
2/10/25 15:00,0.235,W
2/10/25 15:15,0.203,W
2/10/25 15:30,0.201,W
2/10/25 15:45,0.215,W
2/10/25 16:00,0.216,W
2/10/25 16:15,0.189,W
2/10/25 16:30,0.235,W
2/10/25 16:45,0.247,W
2/10/25 17:00,0.248,W
2/10/25 17:15,0.366,W
2/10/25 17:30,0.362,W
2/10/25 17:45,0.46,W
2/10/25 18:00,0.442,W
2/10/25 18:15,0.549,W
2/10/25 18:30,0.767,W
2/10/25 18:45,0.773,W
2/10/25 19:00,0.67,W
2/10/25 19:15,0.322,W
2/10/25 19:30,0.399,W
2/10/25 19:45,0.423,W
2/10/25 20:00,0.413,W
2/10/25 20:15,0.397,W
2/10/25 20:30,0.407,W
2/10/25 20:45,0.415,W
2/10/25 21:00,0.361,W
2/10/25 21:15,0.4,W
2/10/25 21:30,0.395,W
2/10/25 21:45,0.38,W
2/10/25 22:00,0.315,W
2/10/25 22:15,0.354,W
2/10/25 22:30,0.371,W
2/10/25 22:45,0.416,W
2/10/25 23:00,0.335,W
2/10/25 23:15,0.283,W
2/10/25 23:30,0.257,W
2/10/25 23:45,0.244,W
2/11/25 0:00,0.234,W
2/11/25 0:15,0.245,W
2/11/25 0:30,0.266,W
2/11/25 0:45,0.243,W
2/11/25 1:00,0.225,W
2/11/25 1:15,0.243,W
2/11/25 1:30,0.254,W
2/11/25 1:45,0.237,W
2/11/25 2:00,0.234,W
2/11/25 2:15,0.262,W
2/11/25 2:30,0.283,W
2/11/25 2:45,0.258,W
2/11/25 3:00,0.245,W
2/11/25 3:15,0.244,W
2/11/25 3:30,0.266,W
2/11/25 3:45,0.268,W
2/11/25 4:00,0.243,W
2/11/25 4:15,0.255,W
2/11/25 4:30,0.28,W
2/11/25 4:45,0.274,W
2/11/25 5:00,0.274,W
2/11/25 5:15,0.297,W
2/11/25 5:30,0.279,W
2/11/25 5:45,0.26,W
2/11/25 6:00,0.17,W
2/11/25 6:15,0.123,W
2/11/25 6:30,0.123,W
2/11/25 6:45,0.137,W
2/11/25 7:00,0.109,W
2/11/25 7:15,0.132,W
2/11/25 7:30,0.164,W
2/11/25 7:45,0.491,W
2/11/25 8:00,0.289,W
2/11/25 8:15,0.262,W
2/11/25 8:30,0.261,W
2/11/25 8:45,0.502,W
2/11/25 9:00,0.201,W
2/11/25 9:15,0.215,W
2/11/25 9:30,0.218,W
2/11/25 9:45,0.21,W
2/11/25 10:00,0.264,W
2/11/25 10:15,0.255,W
2/11/25 10:30,0.244,W
2/11/25 10:45,0.248,W
2/11/25 11:00,0.631,W
2/11/25 11:15,0.427,W
2/11/25 11:30,0.629,W
2/11/25 11:45,0.292,W
2/11/25 12:00,0.241,W
2/11/25 12:15,0.26,W
2/11/25 12:30,0.215,W
2/11/25 12:45,0.221,W
2/11/25 13:00,0.227,W
2/11/25 13:15,0.25,W
2/11/25 13:30,0.221,W
2/11/25 13:45,0.206,W
2/11/25 14:00,0.239,W
2/11/25 14:15,0.232,W
2/11/25 14:30,0.198,W
2/11/25 14:45,0.241,W
2/11/25 15:00,0.237,W
2/11/25 15:15,0.874,W
2/11/25 15:30,0.678,W
2/11/25 15:45,0.774,W
2/11/25 16:00,0.341,W
2/11/25 16:15,0.273,W
2/11/25 16:30,0.167,W
2/11/25 16:45,0.175,W
2/11/25 17:00,0.326,W
2/11/25 17:15,0.338,W
2/11/25 17:30,0.384,W
2/11/25 17:45,0.371,W
2/11/25 18:00,0.448,W
2/11/25 18:15,1.092,W
2/11/25 18:30,0.766,W
2/11/25 18:45,0.735,W
2/11/25 19:00,0.515,W
2/11/25 19:15,0.376,W
2/11/25 19:30,0.352,W
2/11/25 19:45,0.386,W
2/11/25 20:00,0.375,W
2/11/25 20:15,0.356,W
2/11/25 20:30,0.367,W
2/11/25 20:45,0.379,W
2/11/25 21:00,0.402,W
2/11/25 21:15,0.379,W
2/11/25 21:30,0.402,W
2/11/25 21:45,0.395,W
2/11/25 22:00,0.397,W
2/11/25 22:15,0.4,W
2/11/25 22:30,0.392,W
2/11/25 22:45,0.418,W
2/11/25 23:00,0.413,W
2/11/25 23:15,0.33,W
2/11/25 23:30,0.284,W
2/11/25 23:45,0.308,W
2/12/25 0:00,0.27,W
2/12/25 0:15,0.259,W
2/12/25 0:30,0.287,W
2/12/25 0:45,0.255,W
2/12/25 1:00,0.245,W
2/12/25 1:15,0.251,W
2/12/25 1:30,0.243,W
2/12/25 1:45,0.243,W
2/12/25 2:00,0.232,W
2/12/25 2:15,0.238,W
2/12/25 2:30,0.244,W
2/12/25 2:45,0.287,W
2/12/25 3:00,0.256,W
2/12/25 3:15,0.229,W
2/12/25 3:30,0.246,W
2/12/25 3:45,0.276,W
2/12/25 4:00,0.247,W
2/12/25 4:15,0.245,W
2/12/25 4:30,0.256,W
2/12/25 4:45,0.24,W
2/12/25 5:00,0.223,W
2/12/25 5:15,0.251,W
2/12/25 5:30,0.242,W
2/12/25 5:45,0.261,W
2/12/25 6:00,0.279,W
2/12/25 6:15,0.239,W
2/12/25 6:30,0.258,W
2/12/25 6:45,0.264,W
2/12/25 7:00,0.251,W
2/12/25 7:15,0.273,W
2/12/25 7:30,0.325,W
2/12/25 7:45,0.423,W
2/12/25 8:00,0.306,W
2/12/25 8:15,0.29,W
2/12/25 8:30,0.256,W
2/12/25 8:45,0.23,W
2/12/25 9:00,0.264,W
2/12/25 9:15,0.624,W
2/12/25 9:30,0.321,W
2/12/25 9:45,0.385,W
2/12/25 10:00,0.441,W
2/12/25 10:15,0.245,W
2/12/25 10:30,0.246,W
2/12/25 10:45,0.406,W
2/12/25 11:00,0.68,W
2/12/25 11:15,0.281,W
2/12/25 11:30,0.263,W
2/12/25 11:45,0.259,W
2/12/25 12:00,0.441,W
2/12/25 12:15,0.27,W
2/12/25 12:30,0.223,W
2/12/25 12:45,0.211,W
2/12/25 13:00,0.219,W
2/12/25 13:15,0.239,W
2/12/25 13:30,0.24,W
2/12/25 13:45,0.239,W
2/12/25 14:00,0.24,W
2/12/25 14:15,0.246,W
2/12/25 14:30,0.183,W
2/12/25 14:45,0.224,W
2/12/25 15:00,0.236,W
2/12/25 15:15,0.262,W
2/12/25 15:30,0.239,W
2/12/25 15:45,0.227,W
2/12/25 16:00,0.295,W
2/12/25 16:15,0.266,W
2/12/25 16:30,0.265,W
2/12/25 16:45,0.247,W
2/12/25 17:00,0.298,W
2/12/25 17:15,0.351,W
2/12/25 17:30,0.271,W
2/12/25 17:45,0.413,W
2/12/25 18:00,0.338,W
2/12/25 18:15,0.402,W
2/12/25 18:30,0.358,W
2/12/25 18:45,0.345,W
2/12/25 19:00,0.358,W
2/12/25 19:15,0.362,W
2/12/25 19:30,0.362,W
2/12/25 19:45,0.374,W
2/12/25 20:00,0.36,W
2/12/25 20:15,0.379,W
2/12/25 20:30,0.43,W
2/12/25 20:45,0.409,W
2/12/25 21:00,0.388,W
2/12/25 21:15,0.45,W
2/12/25 21:30,0.434,W
2/12/25 21:45,0.44,W
2/12/25 22:00,0.392,W
2/12/25 22:15,0.436,W
2/12/25 22:30,0.403,W
2/12/25 22:45,0.364,W
2/12/25 23:00,0.321,W
2/12/25 23:15,0.257,W
2/12/25 23:30,0.27,W
2/12/25 23:45,0.239,W
2/13/25 0:00,0.225,W
2/13/25 0:15,0.244,W
2/13/25 0:30,0.261,W
2/13/25 0:45,0.224,W
2/13/25 1:00,0.22,W
2/13/25 1:15,0.249,W
2/13/25 1:30,0.228,W
2/13/25 1:45,0.21,W
2/13/25 2:00,0.211,W
2/13/25 2:15,0.23,W
2/13/25 2:30,0.237,W
2/13/25 2:45,0.221,W
2/13/25 3:00,0.202,W
2/13/25 3:15,0.212,W
2/13/25 3:30,0.228,W
2/13/25 3:45,0.215,W
2/13/25 4:00,0.199,W
2/13/25 4:15,0.283,W
2/13/25 4:30,0.248,W
2/13/25 4:45,0.208,W
2/13/25 5:00,0.216,W
2/13/25 5:15,0.262,W
2/13/25 5:30,0.24,W
2/13/25 5:45,0.212,W
2/13/25 6:00,0.245,W
2/13/25 6:15,0.263,W
2/13/25 6:30,0.219,W
2/13/25 6:45,0.214,W
2/13/25 7:00,0.253,W
2/13/25 7:15,0.298,W
2/13/25 7:30,0.216,W
2/13/25 7:45,0.288,W
2/13/25 8:00,0.197,W
2/13/25 8:15,0.253,W
2/13/25 8:30,0.236,W
2/13/25 8:45,0.223,W
2/13/25 9:00,0.23,W
2/13/25 9:15,0.239,W
2/13/25 9:30,0.405,W
2/13/25 9:45,0.546,W
2/13/25 10:00,0.496,W
2/13/25 10:15,0.446,W
2/13/25 10:30,0.434,W
2/13/25 10:45,0.428,W
2/13/25 11:00,0.26,W
2/13/25 11:15,0.241,W
2/13/25 11:30,0.423,W
2/13/25 11:45,0.661,W
2/13/25 12:00,0.636,W
2/13/25 12:15,0.283,W
2/13/25 12:30,0.367,W
2/13/25 12:45,0.639,W
2/13/25 13:00,0.544,W
2/13/25 13:15,0.652,W
2/13/25 13:30,0.397,W
2/13/25 13:45,0.267,W
2/13/25 14:00,0.289,W
2/13/25 14:15,0.255,W
2/13/25 14:30,0.663,W
2/13/25 14:45,0.589,W
2/13/25 15:00,0.468,W
2/13/25 15:15,0.286,W
2/13/25 15:30,0.264,W
2/13/25 15:45,0.257,W
2/13/25 16:00,0.279,W
2/13/25 16:15,0.261,W
2/13/25 16:30,0.624,W
2/13/25 16:45,1.156,W
2/13/25 17:00,0.399,W
2/13/25 17:15,0.594,W
2/13/25 17:30,0.792,W
2/13/25 17:45,0.354,W
2/13/25 18:00,0.707,W
2/13/25 18:15,0.7,W
2/13/25 18:30,0.716,W
2/13/25 18:45,0.692,W
2/13/25 19:00,0.714,W
2/13/25 19:15,0.815,W
2/13/25 19:30,0.747,W
2/13/25 19:45,0.732,W
2/13/25 20:00,0.762,W
2/13/25 20:15,0.732,W
2/13/25 20:30,0.742,W
2/13/25 20:45,1.023,W
2/13/25 21:00,0.921,W
2/13/25 21:15,0.706,W
2/13/25 21:30,0.829,W
2/13/25 21:45,0.705,W
2/13/25 22:00,0.693,W
2/13/25 22:15,0.703,W
2/13/25 22:30,0.708,W
2/13/25 22:45,0.711,W
2/13/25 23:00,0.596,W
2/13/25 23:15,0.563,W
2/13/25 23:30,0.578,W
2/13/25 23:45,0.596,W
2/14/25 0:00,0.565,W
2/14/25 0:15,0.551,W
2/14/25 0:30,0.599,W
2/14/25 0:45,0.6,W
2/14/25 1:00,0.538,W
2/14/25 1:15,0.554,W
2/14/25 1:30,0.579,W
2/14/25 1:45,0.556,W
2/14/25 2:00,0.556,W
2/14/25 2:15,0.572,W
2/14/25 2:30,0.53,W
2/14/25 2:45,0.086,W
2/14/25 3:00,0.09,W
2/14/25 3:15,0.087,W
2/14/25 3:30,0.151,W
2/14/25 3:45,0.194,W
2/14/25 4:00,0.124,W
2/14/25 4:15,0.206,W
2/14/25 4:30,0.255,W
2/14/25 4:45,0.231,W
2/14/25 5:00,0.229,W
2/14/25 5:15,0.282,W
2/14/25 5:30,0.272,W
2/14/25 5:45,0.258,W
2/14/25 6:00,0.275,W
2/14/25 6:15,0.273,W
2/14/25 6:30,0.265,W
2/14/25 6:45,0.256,W
2/14/25 7:00,0.244,W
2/14/25 7:15,0.263,W
2/14/25 7:30,0.283,W
2/14/25 7:45,0.508,W
2/14/25 8:00,0.495,W
2/14/25 8:15,0.363,W
2/14/25 8:30,0.304,W
2/14/25 8:45,0.269,W
2/14/25 9:00,0.258,W
2/14/25 9:15,0.574,W
2/14/25 9:30,0.308,W
2/14/25 9:45,0.579,W
2/14/25 10:00,0.559,W
2/14/25 10:15,0.967,W
2/14/25 10:30,1.084,W
2/14/25 10:45,0.412,W
2/14/25 11:00,0.482,W
2/14/25 11:15,0.99,W
2/14/25 11:30,0.384,W
2/14/25 11:45,0.274,W
2/14/25 12:00,0.387,W
2/14/25 12:15,0.757,W
2/14/25 12:30,0.647,W
2/14/25 12:45,0.718,W
2/14/25 13:00,0.232,W
2/14/25 13:15,0.238,W
2/14/25 13:30,0.222,W
2/14/25 13:45,0.223,W
2/14/25 14:00,0.216,W
2/14/25 14:15,0.168,W
2/14/25 14:30,0.233,W
2/14/25 14:45,0.34,W
2/14/25 15:00,0.391,W
2/14/25 15:15,0.499,W
2/14/25 15:30,0.462,W
2/14/25 15:45,0.48,W
2/14/25 16:00,0.438,W
2/14/25 16:15,0.414,W
2/14/25 16:30,0.3,W
2/14/25 16:45,0.292,W
2/14/25 17:00,0.311,W
2/14/25 17:15,0.327,W
2/14/25 17:30,0.33,W
2/14/25 17:45,0.412,W
2/14/25 18:00,0.647,W
2/14/25 18:15,0.272,W
2/14/25 18:30,0.29,W
2/14/25 18:45,0.292,W
2/14/25 19:00,0.335,W
2/14/25 19:15,0.371,W
2/14/25 19:30,0.374,W
2/14/25 19:45,0.343,W
2/14/25 20:00,0.327,W
2/14/25 20:15,0.386,W
2/14/25 20:30,0.419,W
2/14/25 20:45,0.699,W
2/14/25 21:00,0.716,W
2/14/25 21:15,0.35,W
2/14/25 21:30,0.356,W
2/14/25 21:45,0.346,W
2/14/25 22:00,0.343,W
2/14/25 22:15,0.365,W
2/14/25 22:30,0.371,W
2/14/25 22:45,0.377,W
2/14/25 23:00,0.33,W
2/14/25 23:15,0.301,W
2/14/25 23:30,0.33,W
2/14/25 23:45,0.338,W
2/15/25 0:00,0.329,W
2/15/25 0:15,0.316,W
2/15/25 0:30,0.328,W
2/15/25 0:45,0.339,W
2/15/25 1:00,0.325,W
2/15/25 1:15,0.318,W
2/15/25 1:30,0.323,W
2/15/25 1:45,0.329,W
2/15/25 2:00,0.325,W
2/15/25 2:15,0.318,W
2/15/25 2:30,0.326,W
2/15/25 2:45,0.336,W
2/15/25 3:00,0.342,W
2/15/25 3:15,0.303,W
2/15/25 3:30,0.295,W
2/15/25 3:45,0.324,W
2/15/25 4:00,0.327,W
2/15/25 4:15,0.302,W
2/15/25 4:30,0.295,W
2/15/25 4:45,0.332,W
2/15/25 5:00,0.347,W
2/15/25 5:15,0.354,W
2/15/25 5:30,0.33,W
2/15/25 5:45,0.26,W
2/15/25 6:00,0.332,W
2/15/25 6:15,0.307,W
2/15/25 6:30,0.265,W
2/15/25 6:45,0.233,W
2/15/25 7:00,0.258,W
2/15/25 7:15,0.26,W
2/15/25 7:30,0.242,W
2/15/25 7:45,0.405,W
2/15/25 8:00,0.288,W
2/15/25 8:15,0.403,W
2/15/25 8:30,0.856,W
2/15/25 8:45,0.663,W
2/15/25 9:00,0.695,W
2/15/25 9:15,0.396,W
2/15/25 9:30,0.315,W
2/15/25 9:45,0.456,W
2/15/25 10:00,0.327,W
2/15/25 10:15,0.293,W
2/15/25 10:30,0.556,W
2/15/25 10:45,0.275,W
2/15/25 11:00,0.785,W
2/15/25 11:15,0.766,W
2/15/25 11:30,0.56,W
2/15/25 11:45,0.818,W
2/15/25 12:00,0.906,W
2/15/25 12:15,0.893,W
2/15/25 12:30,0.408,W
2/15/25 12:45,0.301,W
2/15/25 13:00,0.497,W
2/15/25 13:15,1.029,W
2/15/25 13:30,0.303,W
2/15/25 13:45,0.555,W
2/15/25 14:00,0.858,W
2/15/25 14:15,0.439,W
2/15/25 14:30,0.422,W
2/15/25 14:45,0.38,W
2/15/25 15:00,0.246,W
2/15/25 15:15,0.253,W
2/15/25 15:30,0.378,W
2/15/25 15:45,0.365,W
2/15/25 16:00,0.295,W
2/15/25 16:15,0.287,W
2/15/25 16:30,0.349,W
2/15/25 16:45,0.35,W
2/15/25 17:00,0.327,W
2/15/25 17:15,0.326,W
2/15/25 17:30,0.339,W
2/15/25 17:45,0.356,W
2/15/25 18:00,0.361,W
2/15/25 18:15,0.382,W
2/15/25 18:30,0.366,W
2/15/25 18:45,0.372,W
2/15/25 19:00,0.369,W
2/15/25 19:15,0.34,W
2/15/25 19:30,0.334,W
2/15/25 19:45,0.356,W
2/15/25 20:00,0.331,W
2/15/25 20:15,0.335,W
2/15/25 20:30,0.3,W
2/15/25 20:45,0.306,W
2/15/25 21:00,0.255,W
2/15/25 21:15,0.243,W
2/15/25 21:30,0.261,W
2/15/25 21:45,0.266,W
2/15/25 22:00,0.313,W
2/15/25 22:15,0.276,W
2/15/25 22:30,0.302,W
2/15/25 22:45,0.281,W
2/15/25 23:00,0.28,W
2/15/25 23:15,0.258,W
2/15/25 23:30,0.279,W
2/15/25 23:45,0.299,W
2/16/25 0:00,0.185,W
2/16/25 0:15,0.186,W
2/16/25 0:30,0.251,W
2/16/25 0:45,0.246,W
2/16/25 1:00,0.234,W
2/16/25 1:15,0.236,W
2/16/25 1:30,0.261,W
2/16/25 1:45,0.265,W
2/16/25 2:00,0.229,W
2/16/25 2:15,0.249,W
2/16/25 2:30,0.226,W
2/16/25 2:45,0.232,W
2/16/25 3:00,0.256,W
2/16/25 3:15,0.23,W
2/16/25 3:30,0.215,W
2/16/25 3:45,0.162,W
2/16/25 4:00,0.122,W
2/16/25 4:15,0.105,W
2/16/25 4:30,0.088,W
2/16/25 4:45,0.132,W
2/16/25 5:00,0.124,W
2/16/25 5:15,0.148,W
2/16/25 5:30,0.104,W
2/16/25 5:45,0.093,W
2/16/25 6:00,0.205,W
2/16/25 6:15,0.252,W
2/16/25 6:30,0.224,W
2/16/25 6:45,0.23,W
2/16/25 7:00,0.276,W
2/16/25 7:15,0.286,W
2/16/25 7:30,0.244,W
2/16/25 7:45,0.45,W
2/16/25 8:00,0.249,W
2/16/25 8:15,0.237,W
2/16/25 8:30,0.431,W
2/16/25 8:45,0.667,W
2/16/25 9:00,0.739,W
2/16/25 9:15,0.628,W
2/16/25 9:30,0.262,W
2/16/25 9:45,0.554,W
2/16/25 10:00,0.486,W
2/16/25 10:15,0.832,W
2/16/25 10:30,0.802,W
2/16/25 10:45,0.469,W
2/16/25 11:00,0.701,W
2/16/25 11:15,0.52,W
2/16/25 11:30,0.537,W
2/16/25 11:45,0.35,W
2/16/25 12:00,0.298,W
2/16/25 12:15,0.26,W
2/16/25 12:30,0.276,W
2/16/25 12:45,0.24,W
2/16/25 13:00,0.191,W
2/16/25 13:15,0.184,W
2/16/25 13:30,0.291,W
2/16/25 13:45,0.396,W
2/16/25 14:00,0.438,W
2/16/25 14:15,0.638,W
2/16/25 14:30,0.66,W
2/16/25 14:45,0.858,W
2/16/25 15:00,0.933,W
2/16/25 15:15,0.343,W
2/16/25 15:30,0.129,W
2/16/25 15:45,0.224,W
2/16/25 16:00,0.415,W
2/16/25 16:15,0.316,W
2/16/25 16:30,0.241,W
2/16/25 16:45,0.577,W
2/16/25 17:00,0.924,W
2/16/25 17:15,0.651,W
2/16/25 17:30,0.487,W
2/16/25 17:45,0.366,W
2/16/25 18:00,0.528,W
2/16/25 18:15,0.331,W
2/16/25 18:30,0.345,W
2/16/25 18:45,0.319,W
2/16/25 19:00,0.403,W
2/16/25 19:15,0.39,W
2/16/25 19:30,0.351,W
2/16/25 19:45,0.382,W
2/16/25 20:00,0.382,W
2/16/25 20:15,0.362,W
2/16/25 20:30,0.363,W
2/16/25 20:45,0.398,W
2/16/25 21:00,0.376,W
2/16/25 21:15,0.36,W
2/16/25 21:30,0.362,W
2/16/25 21:45,0.357,W
2/16/25 22:00,0.375,W
2/16/25 22:15,0.383,W
2/16/25 22:30,0.367,W
2/16/25 22:45,0.33,W
2/16/25 23:00,0.327,W
2/16/25 23:15,0.356,W
2/16/25 23:30,0.34,W
2/16/25 23:45,0.337,W
2/17/25 0:00,0.293,W
2/17/25 0:15,0.254,W
2/17/25 0:30,0.242,W
2/17/25 0:45,0.232,W
2/17/25 1:00,0.214,W
2/17/25 1:15,0.218,W
2/17/25 1:30,0.221,W
2/17/25 1:45,0.24,W
2/17/25 2:00,0.216,W
2/17/25 2:15,0.202,W
2/17/25 2:30,0.235,W
2/17/25 2:45,0.236,W
2/17/25 3:00,0.204,W
2/17/25 3:15,0.22,W
2/17/25 3:30,0.268,W
2/17/25 3:45,0.253,W
2/17/25 4:00,0.228,W
2/17/25 4:15,0.231,W
2/17/25 4:30,0.237,W
2/17/25 4:45,0.226,W
2/17/25 5:00,0.216,W
2/17/25 5:15,0.235,W
2/17/25 5:30,0.236,W
2/17/25 5:45,0.247,W
2/17/25 6:00,0.218,W
2/17/25 6:15,0.196,W
2/17/25 6:30,0.23,W
2/17/25 6:45,0.247,W
2/17/25 7:00,0.232,W
2/17/25 7:15,0.269,W
2/17/25 7:30,0.232,W
2/17/25 7:45,0.338,W
2/17/25 8:00,0.216,W
2/17/25 8:15,0.203,W
2/17/25 8:30,0.52,W
2/17/25 8:45,0.437,W
2/17/25 9:00,0.773,W
2/17/25 9:15,0.803,W
2/17/25 9:30,0.513,W
2/17/25 9:45,0.369,W
2/17/25 10:00,0.402,W
2/17/25 10:15,0.339,W
2/17/25 10:30,0.449,W
2/17/25 10:45,0.601,W
2/17/25 11:00,0.419,W
2/17/25 11:15,0.577,W
2/17/25 11:30,0.454,W
2/17/25 11:45,0.831,W
2/17/25 12:00,0.58,W
2/17/25 12:15,0.587,W
2/17/25 12:30,0.228,W
2/17/25 12:45,0.229,W
2/17/25 13:00,0.262,W
2/17/25 13:15,0.284,W
2/17/25 13:30,0.246,W
2/17/25 13:45,0.196,W
2/17/25 14:00,0.243,W
2/17/25 14:15,0.455,W
2/17/25 14:30,0.449,W
2/17/25 14:45,0.708,W
2/17/25 15:00,0.731,W
2/17/25 15:15,0.31,W
2/17/25 15:30,0.241,W
2/17/25 15:45,0.253,W
2/17/25 16:00,0.399,W
2/17/25 16:15,0.312,W
2/17/25 16:30,0.297,W
2/17/25 16:45,0.262,W
2/17/25 17:00,0.374,W
2/17/25 17:15,0.424,W
2/17/25 17:30,0.476,W
2/17/25 17:45,0.475,W
2/17/25 18:00,0.584,W
2/17/25 18:15,0.504,W
2/17/25 18:30,0.464,W
2/17/25 18:45,0.381,W
2/17/25 19:00,0.343,W
2/17/25 19:15,0.341,W
2/17/25 19:30,0.409,W
2/17/25 19:45,0.377,W
2/17/25 20:00,0.417,E
2/17/25 20:15,0.349,E
2/17/25 20:30,0.326,E
2/17/25 20:45,0.387,W
2/17/25 21:00,0.427,W
2/17/25 21:15,0.374,W
2/17/25 21:30,0.355,W
2/17/25 21:45,0.383,W
2/17/25 22:00,0.387,W
2/17/25 22:15,0.374,W
2/17/25 22:30,0.362,W
2/17/25 22:45,0.399,W
2/17/25 23:00,0.413,W
2/17/25 23:15,0.558,W
2/17/25 23:30,0.467,W
2/17/25 23:45,0.48,W
2/18/25 0:00,0.272,W
2/18/25 0:15,0.271,W
2/18/25 0:30,0.247,W
2/18/25 0:45,0.684,W
2/18/25 1:00,0.469,W
2/18/25 1:15,0.258,W
2/18/25 1:30,0.235,W
2/18/25 1:45,0.239,W
2/18/25 2:00,0.282,W
2/18/25 2:15,0.293,W
2/18/25 2:30,0.273,W
2/18/25 2:45,0.239,W
2/18/25 3:00,0.247,W
2/18/25 3:15,0.258,W
2/18/25 3:30,0.238,W
2/18/25 3:45,0.224,W
2/18/25 4:00,0.237,W
2/18/25 4:15,0.257,W
2/18/25 4:30,0.236,W
2/18/25 4:45,0.25,W
2/18/25 5:00,0.259,W
2/18/25 5:15,0.269,W
2/18/25 5:30,0.261,W
2/18/25 5:45,0.251,W
2/18/25 6:00,0.117,W
2/18/25 6:15,0.191,W
2/18/25 6:30,0.267,W
2/18/25 6:45,0.274,W
2/18/25 7:00,0.241,W
2/18/25 7:15,0.288,W
2/18/25 7:30,0.312,W
2/18/25 7:45,0.453,W
2/18/25 8:00,0.225,W
2/18/25 8:15,0.228,W
2/18/25 8:30,0.254,W
2/18/25 8:45,0.269,W
2/18/25 9:00,0.247,W
2/18/25 9:15,0.245,W
2/18/25 9:30,0.24,W
2/18/25 9:45,0.394,W
2/18/25 10:00,0.305,W
2/18/25 10:15,0.219,W
2/18/25 10:30,0.215,W
2/18/25 10:45,0.217,W
2/18/25 11:00,0.236,W
2/18/25 11:15,0.207,W
2/18/25 11:30,0.228,W
2/18/25 11:45,0.388,W
2/18/25 12:00,0.299,W
2/18/25 12:15,0.203,W
2/18/25 12:30,0.207,W
2/18/25 12:45,0.214,W
2/18/25 13:00,0.225,W
2/18/25 13:15,0.255,W
2/18/25 13:30,0.199,W
2/18/25 13:45,0.206,W
2/18/25 14:00,0.226,W
2/18/25 14:15,0.26,W
2/18/25 14:30,0.267,W
2/18/25 14:45,0.238,W
2/18/25 15:00,0.465,W
2/18/25 15:15,0.6,W
2/18/25 15:30,0.477,W
2/18/25 15:45,0.646,W
2/18/25 16:00,0.285,W
2/18/25 16:15,0.268,W
2/18/25 16:30,0.232,W
2/18/25 16:45,0.113,W
2/18/25 17:00,0.166,W
2/18/25 17:15,0.254,W
2/18/25 17:30,0.27,W
2/18/25 17:45,0.448,W
2/18/25 18:00,0.457,W
2/18/25 18:15,0.3,W
2/18/25 18:30,0.356,W
2/18/25 18:45,0.374,W
2/18/25 19:00,0.346,W
2/18/25 19:15,0.343,W
2/18/25 19:30,0.37,W
2/18/25 19:45,0.376,W
2/18/25 20:00,0.361,W
2/18/25 20:15,0.365,W
2/18/25 20:30,0.368,W
2/18/25 20:45,0.387,W
2/18/25 21:00,0.391,W
2/18/25 21:15,0.346,W
2/18/25 21:30,0.358,W
2/18/25 21:45,0.42,W
2/18/25 22:00,0.364,W
2/18/25 22:15,0.36,W
2/18/25 22:30,0.348,W
2/18/25 22:45,0.37,W
2/18/25 23:00,0.325,W
2/18/25 23:15,0.33,W
2/18/25 23:30,0.337,W
2/18/25 23:45,0.313,W
2/19/25 0:00,0.352,W
2/19/25 0:15,0.31,W
2/19/25 0:30,0.275,W
2/19/25 0:45,0.243,W
2/19/25 1:00,0.239,W
2/19/25 1:15,0.247,W
2/19/25 1:30,0.216,W
2/19/25 1:45,0.206,W
2/19/25 2:00,0.224,W
2/19/25 2:15,0.139,W
2/19/25 2:30,0.09,W
2/19/25 2:45,0.091,W
2/19/25 3:00,0.092,W
2/19/25 3:15,0.099,W
2/19/25 3:30,0.143,W
2/19/25 3:45,0.108,W
2/19/25 4:00,0.096,W
2/19/25 4:15,0.221,W
2/19/25 4:30,0.239,W
2/19/25 4:45,0.22,W
2/19/25 5:00,0.203,W
2/19/25 5:15,0.237,W
2/19/25 5:30,0.26,W
2/19/25 5:45,0.235,W
2/19/25 6:00,0.197,W
2/19/25 6:15,0.219,W
2/19/25 6:30,0.254,W
2/19/25 6:45,0.238,W
2/19/25 7:00,0.24,W
2/19/25 7:15,0.247,W
2/19/25 7:30,0.231,W
2/19/25 7:45,0.431,W
2/19/25 8:00,0.267,W
2/19/25 8:15,0.204,W
2/19/25 8:30,0.222,W
2/19/25 8:45,0.254,W
2/19/25 9:00,0.261,W
2/19/25 9:15,0.266,W
2/19/25 9:30,0.253,W
2/19/25 9:45,0.293,W
2/19/25 10:00,0.243,W
2/19/25 10:15,0.24,W
2/19/25 10:30,0.786,W
2/19/25 10:45,0.427,W
2/19/25 11:00,0.489,W
2/19/25 11:15,0.546,W
2/19/25 11:30,0.455,W
2/19/25 11:45,0.246,W
2/19/25 12:00,0.239,W
2/19/25 12:15,0.235,W
2/19/25 12:30,0.201,W
2/19/25 12:45,0.234,W
2/19/25 13:00,0.261,W
2/19/25 13:15,0.266,W
2/19/25 13:30,0.251,W
2/19/25 13:45,0.274,W
2/19/25 14:00,0.123,W
2/19/25 14:15,0.222,W
2/19/25 14:30,0.28,W
2/19/25 14:45,0.263,W
2/19/25 15:00,0.222,W
2/19/25 15:15,0.227,W
2/19/25 15:30,0.575,W
2/19/25 15:45,0.811,W
2/19/25 16:00,0.401,W
2/19/25 16:15,0.225,W
2/19/25 16:30,0.221,W
2/19/25 16:45,0.196,W
2/19/25 17:00,0.216,W
2/19/25 17:15,0.198,W
2/19/25 17:30,0.234,W
2/19/25 17:45,0.382,W
2/19/25 18:00,0.632,W
2/19/25 18:15,0.396,W
2/19/25 18:30,0.28,W
2/19/25 18:45,0.717,W
2/19/25 19:00,0.572,W
2/19/25 19:15,0.647,W
2/19/25 19:30,0.369,W
2/19/25 19:45,0.346,W
2/19/25 20:00,0.33,W
2/19/25 20:15,0.409,W
2/19/25 20:30,0.369,W
2/19/25 20:45,0.334,W
2/19/25 21:00,0.367,W
2/19/25 21:15,0.35,W
2/19/25 21:30,0.334,W
2/19/25 21:45,0.353,W
2/19/25 22:00,0.364,W
2/19/25 22:15,0.366,W
2/19/25 22:30,0.378,W
2/19/25 22:45,0.34,W
2/19/25 23:00,0.361,W
2/19/25 23:15,0.361,W
2/19/25 23:30,0.164,W
2/19/25 23:45,0.226,W
2/20/25 0:00,0.233,W
2/20/25 0:15,0.271,W
2/20/25 0:30,0.291,W
2/20/25 0:45,0.248,W
2/20/25 1:00,0.236,W
2/20/25 1:15,0.276,W
2/20/25 1:30,0.254,W
2/20/25 1:45,0.241,W
2/20/25 2:00,0.278,W
2/20/25 2:15,0.262,W
2/20/25 2:30,0.252,W
2/20/25 2:45,0.252,W
2/20/25 3:00,0.232,W
2/20/25 3:15,0.237,W
2/20/25 3:30,0.251,W
2/20/25 3:45,0.234,W
2/20/25 4:00,0.233,W
2/20/25 4:15,0.222,W
2/20/25 4:30,0.22,W
2/20/25 4:45,0.259,W
2/20/25 5:00,0.262,W
2/20/25 5:15,0.27,W
2/20/25 5:30,0.226,W
2/20/25 5:45,0.231,W
2/20/25 6:00,0.234,W
2/20/25 6:15,0.225,W
2/20/25 6:30,0.213,W
2/20/25 6:45,0.233,W
2/20/25 7:00,0.248,W
2/20/25 7:15,0.255,W
2/20/25 7:30,0.247,W
2/20/25 7:45,0.449,W
2/20/25 8:00,0.299,W
2/20/25 8:15,0.215,W
2/20/25 8:30,0.201,W
2/20/25 8:45,0.232,W
2/20/25 9:00,0.525,W
2/20/25 9:15,0.842,W
2/20/25 9:30,0.791,W
2/20/25 9:45,0.549,W
2/20/25 10:00,0.393,W
2/20/25 10:15,0.56,W
2/20/25 10:30,0.908,W
2/20/25 10:45,0.822,W
2/20/25 11:00,0.374,W
2/20/25 11:15,0.586,W
2/20/25 11:30,0.658,W
2/20/25 11:45,0.454,W
2/20/25 12:00,0.261,W
2/20/25 12:15,0.278,W
2/20/25 12:30,0.322,W
2/20/25 12:45,0.293,W
2/20/25 13:00,0.587,W
2/20/25 13:15,0.608,W
2/20/25 13:30,0.685,W
2/20/25 13:45,1.179,W
2/20/25 14:00,1.191,W
2/20/25 14:15,1.181,W
2/20/25 14:30,1.166,W
2/20/25 14:45,0.895,W
2/20/25 15:00,0.696,W
2/20/25 15:15,0.817,W
2/20/25 15:30,1.243,W
2/20/25 15:45,1.139,W
2/20/25 16:00,1.172,W
2/20/25 16:15,1.222,W
2/20/25 16:30,0.54,W
2/20/25 16:45,0.848,W
2/20/25 17:00,0.908,W
2/20/25 17:15,0.597,W
2/20/25 17:30,0.34,W
2/20/25 17:45,0.394,W
2/20/25 18:00,0.355,W
2/20/25 18:15,0.33,W
2/20/25 18:30,0.344,W
2/20/25 18:45,0.314,W
2/20/25 19:00,0.378,W
2/20/25 19:15,0.378,W
2/20/25 19:30,0.354,W
2/20/25 19:45,0.303,W
2/20/25 20:00,0.288,W
2/20/25 20:15,0.372,W
2/20/25 20:30,0.539,W
2/20/25 20:45,0.482,W
2/20/25 21:00,0.395,W
2/20/25 21:15,0.367,W
2/20/25 21:30,0.363,W
2/20/25 21:45,0.369,W
2/20/25 22:00,0.359,W
2/20/25 22:15,0.371,W
2/20/25 22:30,0.347,W
2/20/25 22:45,0.272,W
2/20/25 23:00,0.267,W
2/20/25 23:15,0.259,W
2/20/25 23:30,0.248,W
2/20/25 23:45,0.216,W
2/21/25 0:00,0.222,W
2/21/25 0:15,0.242,W
2/21/25 0:30,0.236,W
2/21/25 0:45,0.241,W
2/21/25 1:00,0.231,W
2/21/25 1:15,0.205,W
2/21/25 1:30,0.228,W
2/21/25 1:45,0.26,W
2/21/25 2:00,0.223,W
2/21/25 2:15,0.211,W
2/21/25 2:30,0.226,W
2/21/25 2:45,0.261,W
2/21/25 3:00,0.254,W
2/21/25 3:15,0.26,W
2/21/25 3:30,0.226,W
2/21/25 3:45,0.231,W
2/21/25 4:00,0.292,W
2/21/25 4:15,0.27,W
2/21/25 4:30,0.225,W
2/21/25 4:45,0.244,W
2/21/25 5:00,0.25,W
2/21/25 5:15,0.246,W
2/21/25 5:30,0.244,W
2/21/25 5:45,0.239,W
2/21/25 6:00,0.236,W
2/21/25 6:15,0.256,W
2/21/25 6:30,0.249,W
2/21/25 6:45,0.239,W
2/21/25 7:00,0.266,W
2/21/25 7:15,0.304,W
2/21/25 7:30,0.288,W
2/21/25 7:45,0.34,W
2/21/25 8:00,0.277,W
2/21/25 8:15,0.158,W
2/21/25 8:30,0.451,W
2/21/25 8:45,0.612,W
2/21/25 9:00,0.992,W
2/21/25 9:15,1.064,W
2/21/25 9:30,0.852,W
2/21/25 9:45,0.329,W
2/21/25 10:00,0.605,W
2/21/25 10:15,0.289,W
2/21/25 10:30,0.322,W
2/21/25 10:45,0.927,W
2/21/25 11:00,0.402,W
2/21/25 11:15,0.265,W
2/21/25 11:30,0.487,W
2/21/25 11:45,0.568,W
2/21/25 12:00,0.331,W
2/21/25 12:15,0.315,W
2/21/25 12:30,0.279,W
2/21/25 12:45,0.336,W
2/21/25 13:00,0.332,W
2/21/25 13:15,0.305,W
2/21/25 13:30,0.252,W
2/21/25 13:45,0.26,W
2/21/25 14:00,0.304,W
2/21/25 14:15,0.932,W
2/21/25 14:30,1.184,W
2/21/25 14:45,0.868,W
2/21/25 15:00,0.355,W
2/21/25 15:15,0.333,W
2/21/25 15:30,0.275,W
2/21/25 15:45,0.374,W
2/21/25 16:00,0.855,W
2/21/25 16:15,1.102,W
2/21/25 16:30,0.739,W
2/21/25 16:45,0.546,W
2/21/25 17:00,0.596,W
2/21/25 17:15,1.172,W
2/21/25 17:30,0.966,W
2/21/25 17:45,0.617,W
2/21/25 18:00,0.507,W
2/21/25 18:15,0.367,W
2/21/25 18:30,0.772,W
2/21/25 18:45,0.962,W
2/21/25 19:00,0.845,W
2/21/25 19:15,0.64,W
2/21/25 19:30,0.557,W
2/21/25 19:45,0.448,W
2/21/25 20:00,0.355,W
2/21/25 20:15,0.355,W
2/21/25 20:30,0.357,W
2/21/25 20:45,0.368,W
2/21/25 21:00,0.327,W
2/21/25 21:15,0.215,W
2/21/25 21:30,0.346,W
2/21/25 21:45,0.374,W
2/21/25 22:00,0.369,W
2/21/25 22:15,0.384,W
2/21/25 22:30,0.35,W
2/21/25 22:45,0.339,W
2/21/25 23:00,0.322,W
2/21/25 23:15,0.293,W
2/21/25 23:30,0.291,W
2/21/25 23:45,0.291,W
2/22/25 0:00,0.315,W
2/22/25 0:15,0.258,W
2/22/25 0:30,0.192,W
2/22/25 0:45,0.212,W
2/22/25 1:00,0.246,W
2/22/25 1:15,0.224,W
2/22/25 1:30,0.211,W
2/22/25 1:45,0.218,W
2/22/25 2:00,0.237,W
2/22/25 2:15,0.235,W
2/22/25 2:30,0.257,W
2/22/25 2:45,0.224,W
2/22/25 3:00,0.22,W
2/22/25 3:15,0.248,W
2/22/25 3:30,0.223,W
2/22/25 3:45,0.195,W
2/22/25 4:00,0.231,W
2/22/25 4:15,0.229,W
2/22/25 4:30,0.219,W
2/22/25 4:45,0.254,W
2/22/25 5:00,0.242,W
2/22/25 5:15,0.221,W
2/22/25 5:30,0.256,W
2/22/25 5:45,0.237,W
2/22/25 6:00,0.193,W
2/22/25 6:15,0.203,W
2/22/25 6:30,0.211,W
2/22/25 6:45,0.221,W
2/22/25 7:00,0.222,W
2/22/25 7:15,0.22,W
2/22/25 7:30,0.217,W
2/22/25 7:45,0.236,W
2/22/25 8:00,0.559,W
2/22/25 8:15,0.573,W
2/22/25 8:30,0.417,W
2/22/25 8:45,0.83,W
2/22/25 9:00,1.008,W
2/22/25 9:15,0.959,W
2/22/25 9:30,0.344,W
2/22/25 9:45,0.274,W
2/22/25 10:00,0.303,W
2/22/25 10:15,0.325,W
2/22/25 10:30,0.278,W
2/22/25 10:45,0.31,W
2/22/25 11:00,0.364,W
2/22/25 11:15,0.381,W
2/22/25 11:30,0.403,W
2/22/25 11:45,0.781,W
2/22/25 12:00,0.57,W
2/22/25 12:15,0.223,W
2/22/25 12:30,0.245,W
2/22/25 12:45,0.233,W
2/22/25 13:00,0.251,W
2/22/25 13:15,0.446,W
2/22/25 13:30,0.522,W
2/22/25 13:45,0.583,W
2/22/25 14:00,0.567,W
2/22/25 14:15,0.24,W
2/22/25 14:30,0.255,W
2/22/25 14:45,0.246,W
2/22/25 15:00,0.214,W
2/22/25 15:15,0.218,W
2/22/25 15:30,0.268,W
2/22/25 15:45,0.27,W
2/22/25 16:00,0.312,W
2/22/25 16:15,0.547,W
2/22/25 16:30,0.609,W
2/22/25 16:45,0.635,W
2/22/25 17:00,0.612,W
2/22/25 17:15,0.297,W
2/22/25 17:30,0.279,W
2/22/25 17:45,0.311,W
2/22/25 18:00,0.392,W
2/22/25 18:15,0.326,W
2/22/25 18:30,0.357,W
2/22/25 18:45,0.387,W
2/22/25 19:00,0.35,W
2/22/25 19:15,0.359,W
2/22/25 19:30,0.351,W
2/22/25 19:45,0.347,W
2/22/25 20:00,0.363,W
2/22/25 20:15,0.377,W
2/22/25 20:30,0.326,W
2/22/25 20:45,0.343,W
2/22/25 21:00,0.375,W
2/22/25 21:15,0.382,W
2/22/25 21:30,0.363,W
2/22/25 21:45,0.342,W
2/22/25 22:00,0.345,W
2/22/25 22:15,0.392,W
2/22/25 22:30,0.357,W
2/22/25 22:45,0.338,W
2/22/25 23:00,0.333,W
2/22/25 23:15,0.344,W
2/22/25 23:30,0.324,W
2/22/25 23:45,0.247,W
2/23/25 0:00,0.261,W
2/23/25 0:15,0.243,W
2/23/25 0:30,0.266,W
2/23/25 0:45,0.253,W
2/23/25 1:00,0.222,W
2/23/25 1:15,0.239,W
2/23/25 1:30,0.232,W
2/23/25 1:45,0.126,W
2/23/25 2:00,0.332,W
2/23/25 2:15,0.251,W
2/23/25 2:30,0.243,W
2/23/25 2:45,0.273,W
2/23/25 3:00,0.251,W
2/23/25 3:15,0.215,W
2/23/25 3:30,0.219,W
2/23/25 3:45,0.234,W
2/23/25 4:00,0.234,W
2/23/25 4:15,0.233,W
2/23/25 4:30,0.229,W
2/23/25 4:45,0.239,W
2/23/25 5:00,0.256,W
2/23/25 5:15,0.244,W
2/23/25 5:30,0.244,W
2/23/25 5:45,0.228,W
2/23/25 6:00,0.231,W
2/23/25 6:15,0.226,W
2/23/25 6:30,0.196,W
2/23/25 6:45,0.217,W
2/23/25 7:00,0.253,W
2/23/25 7:15,0.248,W
2/23/25 7:30,0.234,W
2/23/25 7:45,0.402,W
2/23/25 8:00,0.266,W
2/23/25 8:15,0.267,W
2/23/25 8:30,0.267,W
2/23/25 8:45,0.24,W
2/23/25 9:00,0.253,W
2/23/25 9:15,0.305,W
2/23/25 9:30,0.228,W
2/23/25 9:45,0.229,W
2/23/25 10:00,0.235,W
2/23/25 10:15,0.255,W
2/23/25 10:30,0.252,W
2/23/25 10:45,0.259,W
2/23/25 11:00,0.263,W
2/23/25 11:15,0.273,W
2/23/25 11:30,0.409,W
2/23/25 11:45,0.278,W
2/23/25 12:00,0.332,W
2/23/25 12:15,0.703,W
2/23/25 12:30,1.297,W
2/23/25 12:45,0.81,W
2/23/25 13:00,0.376,W
2/23/25 13:15,0.863,W
2/23/25 13:30,0.325,W
2/23/25 13:45,0.201,W
2/23/25 14:00,0.214,W
2/23/25 14:15,0.225,W
2/23/25 14:30,0.489,W
2/23/25 14:45,0.313,W
2/23/25 15:00,0.798,W
2/23/25 15:15,0.755,W
2/23/25 15:30,0.566,W
2/23/25 15:45,0.266,W
2/23/25 16:00,0.221,W
2/23/25 16:15,0.297,W
2/23/25 16:30,0.223,W
2/23/25 16:45,0.245,W
2/23/25 17:00,0.645,W
2/23/25 17:15,0.6,W
2/23/25 17:30,0.836,W
2/23/25 17:45,0.854,W
2/23/25 18:00,0.584,W
2/23/25 18:15,0.544,W
2/23/25 18:30,0.889,W
2/23/25 18:45,0.81,W
2/23/25 19:00,0.779,W
2/23/25 19:15,0.757,W
2/23/25 19:30,0.762,W
2/23/25 19:45,0.736,W
2/23/25 20:00,0.747,W
2/23/25 20:15,0.738,W
2/23/25 20:30,0.715,W
2/23/25 20:45,0.701,W
2/23/25 21:00,0.698,W
2/23/25 21:15,0.772,W
2/23/25 21:30,0.818,W
2/23/25 21:45,0.711,W
2/23/25 22:00,0.728,W
2/23/25 22:15,0.729,W
2/23/25 22:30,0.705,W
2/23/25 22:45,0.69,W
2/23/25 23:00,0.649,W
2/23/25 23:15,0.693,W
2/23/25 23:30,0.644,W
2/23/25 23:45,0.589,W
2/24/25 0:00,0.243,W
2/24/25 0:15,0.165,W
2/24/25 0:30,0.139,W
2/24/25 0:45,0.118,W
2/24/25 1:00,0.154,W
2/24/25 1:15,0.163,W
2/24/25 1:30,0.263,W
2/24/25 1:45,0.268,W
2/24/25 2:00,0.215,W
2/24/25 2:15,0.21,W
2/24/25 2:30,0.248,W
2/24/25 2:45,0.232,W
2/24/25 3:00,0.211,W
2/24/25 3:15,0.22,W
2/24/25 3:30,0.242,W
2/24/25 3:45,0.269,W
2/24/25 4:00,0.23,W
2/24/25 4:15,0.227,W
2/24/25 4:30,0.252,W
2/24/25 4:45,0.234,W
2/24/25 5:00,0.255,W
2/24/25 5:15,0.274,W
2/24/25 5:30,0.242,W
2/24/25 5:45,0.254,W
2/24/25 6:00,0.247,W
2/24/25 6:15,0.211,W
2/24/25 6:30,0.248,W
2/24/25 6:45,0.281,W
2/24/25 7:00,0.251,W
2/24/25 7:15,0.249,W
2/24/25 7:30,0.264,W
2/24/25 7:45,0.485,W
2/24/25 8:00,0.259,W
2/24/25 8:15,0.236,W
2/24/25 8:30,0.223,W
2/24/25 8:45,0.229,W
2/24/25 9:00,0.27,W
2/24/25 9:15,0.277,W
2/24/25 9:30,0.253,W
2/24/25 9:45,0.231,W
2/24/25 10:00,0.279,W
2/24/25 10:15,0.389,W
2/24/25 10:30,0.26,W
2/24/25 10:45,0.548,W
2/24/25 11:00,0.233,W
2/24/25 11:15,0.262,W
2/24/25 11:30,0.325,W
2/24/25 11:45,0.269,W
2/24/25 12:00,0.308,W
2/24/25 12:15,0.25,W
2/24/25 12:30,0.257,W
2/24/25 12:45,0.219,W
2/24/25 13:00,0.308,W
2/24/25 13:15,1.059,W
2/24/25 13:30,1.399,W
2/24/25 13:45,1.302,W
2/24/25 14:00,1.167,W
2/24/25 14:15,1.041,W
2/24/25 14:30,0.934,W
2/24/25 14:45,0.887,W
2/24/25 15:00,1.033,W
2/24/25 15:15,0.865,W
2/24/25 15:30,0.594,W
2/24/25 15:45,0.555,W
2/24/25 16:00,0.547,W
2/24/25 16:15,0.581,W
2/24/25 16:30,0.565,W
2/24/25 16:45,0.298,W
2/24/25 17:00,0.224,W
2/24/25 17:15,0.317,W
2/24/25 17:30,0.411,W
2/24/25 17:45,0.275,W
2/24/25 18:00,0.263,W
2/24/25 18:15,0.304,W
2/24/25 18:30,0.369,W
2/24/25 18:45,0.332,W
2/24/25 19:00,0.303,W
2/24/25 19:15,0.311,W
2/24/25 19:30,0.359,W
2/24/25 19:45,0.391,W
2/24/25 20:00,0.38,W
2/24/25 20:15,0.363,W
2/24/25 20:30,0.369,W
2/24/25 20:45,0.385,W
2/24/25 21:00,0.386,W
2/24/25 21:15,0.394,W
2/24/25 21:30,0.392,W
2/24/25 21:45,0.283,W
2/24/25 22:00,0.358,W
2/24/25 22:15,0.404,W
2/24/25 22:30,0.367,W
2/24/25 22:45,0.352,W
2/24/25 23:00,0.364,W
2/24/25 23:15,0.329,W
2/24/25 23:30,0.225,W
2/24/25 23:45,0.264,W
2/25/25 0:00,0.254,W
2/25/25 0:15,0.229,W
2/25/25 0:30,0.244,W
2/25/25 0:45,0.26,W
2/25/25 1:00,0.261,W
2/25/25 1:15,0.295,W
2/25/25 1:30,0.323,W
2/25/25 1:45,0.25,W
2/25/25 2:00,0.289,W
2/25/25 2:15,0.278,W
2/25/25 2:30,0.244,W
2/25/25 2:45,0.265,W
2/25/25 3:00,0.289,W
2/25/25 3:15,0.272,W
2/25/25 3:30,0.251,W
2/25/25 3:45,0.252,W
2/25/25 4:00,0.289,W
2/25/25 4:15,0.219,W
2/25/25 4:30,0.151,W
2/25/25 4:45,0.13,W
2/25/25 5:00,0.141,W
2/25/25 5:15,0.185,W
2/25/25 5:30,0.145,W
2/25/25 5:45,0.126,W
2/25/25 6:00,0.131,W
2/25/25 6:15,0.24,W
2/25/25 6:30,0.251,W
2/25/25 6:45,0.273,W
2/25/25 7:00,0.247,W
2/25/25 7:15,0.265,W
2/25/25 7:30,0.3,W
2/25/25 7:45,0.426,W
2/25/25 8:00,0.228,W
2/25/25 8:15,0.254,W
2/25/25 8:30,0.255,W
2/25/25 8:45,0.259,W
2/25/25 9:00,0.249,W
2/25/25 9:15,0.258,W
2/25/25 9:30,0.251,W
2/25/25 9:45,0.261,W
2/25/25 10:00,0.232,W
2/25/25 10:15,0.223,W
2/25/25 10:30,0.257,W
2/25/25 10:45,0.252,W
2/25/25 11:00,0.282,W
2/25/25 11:15,0.68,W
2/25/25 11:30,0.585,W
2/25/25 11:45,0.275,W
2/25/25 12:00,0.279,W
2/25/25 12:15,0.258,W
2/25/25 12:30,0.261,W
2/25/25 12:45,0.261,W
2/25/25 13:00,0.212,W
2/25/25 13:15,0.214,W
2/25/25 13:30,0.239,W
2/25/25 13:45,0.253,W
2/25/25 14:00,0.22,W
2/25/25 14:15,0.219,W
2/25/25 14:30,0.269,W
2/25/25 14:45,0.451,W
2/25/25 15:00,0.825,W
2/25/25 15:15,0.392,W
2/25/25 15:30,0.321,W
2/25/25 15:45,0.37,W
2/25/25 16:00,0.3,W
2/25/25 16:15,0.264,W
2/25/25 16:30,0.24,W
2/25/25 16:45,0.255,W
2/25/25 17:00,0.305,W
2/25/25 17:15,0.415,W
2/25/25 17:30,0.611,W
2/25/25 17:45,0.347,W
2/25/25 18:00,0.396,W
2/25/25 18:15,0.795,W
2/25/25 18:30,0.769,W
2/25/25 18:45,0.721,W
2/25/25 19:00,0.344,W
2/25/25 19:15,0.375,W
2/25/25 19:30,0.381,W
2/25/25 19:45,0.378,W
2/25/25 20:00,0.368,W
2/25/25 20:15,0.351,W
2/25/25 20:30,0.384,W
2/25/25 20:45,0.404,W
2/25/25 21:00,0.359,W
2/25/25 21:15,0.347,W
2/25/25 21:30,0.381,W
2/25/25 21:45,0.385,W
2/25/25 22:00,0.371,W
2/25/25 22:15,0.375,W
2/25/25 22:30,0.395,W
2/25/25 22:45,0.402,W
2/25/25 23:00,0.377,W
2/25/25 23:15,0.323,W
2/25/25 23:30,0.322,W
2/25/25 23:45,0.32,W
2/26/25 0:00,0.254,W
2/26/25 0:15,0.194,W
2/26/25 0:30,0.133,W
2/26/25 0:45,0.248,W
2/26/25 1:00,0.25,W
2/26/25 1:15,0.239,W
2/26/25 1:30,0.219,W
2/26/25 1:45,0.245,W
2/26/25 2:00,0.266,W
2/26/25 2:15,0.219,W
2/26/25 2:30,0.22,W
2/26/25 2:45,0.23,W
2/26/25 3:00,0.229,W
2/26/25 3:15,0.247,W
2/26/25 3:30,0.24,W
2/26/25 3:45,0.21,W
2/26/25 4:00,0.245,W
2/26/25 4:15,0.242,W
2/26/25 4:30,0.237,W
2/26/25 4:45,0.236,W
2/26/25 5:00,0.245,W
2/26/25 5:15,0.283,W
2/26/25 5:30,0.266,W
2/26/25 5:45,0.258,W
2/26/25 6:00,0.248,W
2/26/25 6:15,0.165,W
2/26/25 6:30,0.107,W
2/26/25 6:45,0.111,W
2/26/25 7:00,0.112,W
2/26/25 7:15,0.144,W
2/26/25 7:30,0.269,W
2/26/25 7:45,0.204,W
2/26/25 8:00,0.117,W
2/26/25 8:15,0.138,W
2/26/25 8:30,0.122,W
2/26/25 8:45,0.234,W
2/26/25 9:00,0.265,W
2/26/25 9:15,0.252,W
2/26/25 9:30,0.243,W
2/26/25 9:45,0.24,W
2/26/25 10:00,0.231,W
2/26/25 10:15,0.225,W
2/26/25 10:30,0.285,W
2/26/25 10:45,0.248,W
2/26/25 11:00,0.219,W
2/26/25 11:15,0.211,W
2/26/25 11:30,0.242,W
2/26/25 11:45,0.232,W
2/26/25 12:00,0.229,W
2/26/25 12:15,0.208,W
2/26/25 12:30,0.283,W
2/26/25 12:45,0.295,W
2/26/25 13:00,0.311,W
2/26/25 13:15,0.222,W
2/26/25 13:30,0.522,W
2/26/25 13:45,0.472,W
2/26/25 14:00,0.698,W
2/26/25 14:15,0.231,W
2/26/25 14:30,0.227,W
2/26/25 14:45,0.336,W
2/26/25 15:00,0.236,W
2/26/25 15:15,0.327,W
2/26/25 15:30,0.192,W
2/26/25 15:45,0.214,W
2/26/25 16:00,0.262,W
2/26/25 16:15,0.25,W
2/26/25 16:30,0.21,W
2/26/25 16:45,0.249,W
2/26/25 17:00,0.268,W
2/26/25 17:15,0.27,W
2/26/25 17:30,0.281,W
2/26/25 17:45,0.297,W
2/26/25 18:00,0.266,W
2/26/25 18:15,0.308,W
2/26/25 18:30,0.379,W
2/26/25 18:45,0.327,W
2/26/25 19:00,0.366,W
2/26/25 19:15,0.388,W
2/26/25 19:30,0.349,W
2/26/25 19:45,0.356,W
2/26/25 20:00,0.368,W
2/26/25 20:15,0.361,W
2/26/25 20:30,0.351,W
2/26/25 20:45,0.398,W
2/26/25 21:00,0.429,W
2/26/25 21:15,0.401,W
2/26/25 21:30,0.414,W
2/26/25 21:45,0.376,W
2/26/25 22:00,0.322,W
2/26/25 22:15,0.271,W
2/26/25 22:30,0.338,W
2/26/25 22:45,0.326,W
2/26/25 23:00,0.311,W
2/26/25 23:15,0.324,W
2/26/25 23:30,0.292,W
2/26/25 23:45,0.256,W
2/27/25 0:00,0.219,W
2/27/25 0:15,0.233,W
2/27/25 0:30,0.258,W
2/27/25 0:45,0.232,W
2/27/25 1:00,0.225,W
2/27/25 1:15,0.267,W
2/27/25 1:30,0.256,W
2/27/25 1:45,0.25,W
2/27/25 2:00,0.254,W
2/27/25 2:15,0.229,W
2/27/25 2:30,0.238,W
2/27/25 2:45,0.241,W
2/27/25 3:00,0.23,W
2/27/25 3:15,0.215,W
2/27/25 3:30,0.241,W
2/27/25 3:45,0.247,W
2/27/25 4:00,0.212,W
2/27/25 4:15,0.248,W
2/27/25 4:30,0.152,W
2/27/25 4:45,0.105,W
2/27/25 5:00,0.097,W
2/27/25 5:15,0.112,W
2/27/25 5:30,0.117,W
2/27/25 5:45,0.114,W
2/27/25 6:00,0.084,W
2/27/25 6:15,0.075,W
2/27/25 6:30,0.105,W
2/27/25 6:45,0.233,W
2/27/25 7:00,0.258,W
2/27/25 7:15,0.304,W
2/27/25 7:30,0.254,W
2/27/25 7:45,0.328,W
2/27/25 8:00,0.271,W
2/27/25 8:15,0.193,W
2/27/25 8:30,0.324,W
2/27/25 8:45,0.596,W
2/27/25 9:00,0.416,E
2/27/25 9:15,0.502,E
2/27/25 9:30,0.465,E
2/27/25 9:45,0.255,W
2/27/25 10:00,0.251,W
2/27/25 10:15,0.225,W
2/27/25 10:30,0.237,W
2/27/25 10:45,0.237,W
2/27/25 11:00,0.251,W
2/27/25 11:15,0.237,W
2/27/25 11:30,0.229,W
2/27/25 11:45,0.432,W
2/27/25 12:00,0.308,W
2/27/25 12:15,0.263,W
2/27/25 12:30,0.281,W
2/27/25 12:45,0.283,W
2/27/25 13:00,0.306,W
2/27/25 13:15,0.308,W
2/27/25 13:30,0.289,W
2/27/25 13:45,0.317,W
2/27/25 14:00,0.302,W
2/27/25 14:15,0.419,W
2/27/25 14:30,0.557,W
2/27/25 14:45,0.314,W
2/27/25 15:00,0.319,W
2/27/25 15:15,0.33,W
2/27/25 15:30,0.706,W
2/27/25 15:45,0.514,W
2/27/25 16:00,0.52,W
2/27/25 16:15,0.476,W
2/27/25 16:30,0.473,W
2/27/25 16:45,0.555,W
2/27/25 17:00,0.372,W
2/27/25 17:15,0.345,W
2/27/25 17:30,0.334,W
2/27/25 17:45,0.285,W
2/27/25 18:00,0.39,W
2/27/25 18:15,0.393,W
2/27/25 18:30,0.359,W
2/27/25 18:45,0.347,W
2/27/25 19:00,0.451,W
2/27/25 19:15,0.392,W
2/27/25 19:30,0.375,W
2/27/25 19:45,0.397,W
2/27/25 20:00,0.369,W
2/27/25 20:15,0.341,W
2/27/25 20:30,0.361,W
2/27/25 20:45,0.411,W
2/27/25 21:00,0.386,W
2/27/25 21:15,0.392,W
2/27/25 21:30,0.403,W
2/27/25 21:45,0.379,W
2/27/25 22:00,0.356,W
2/27/25 22:15,0.39,W
2/27/25 22:30,0.393,W
2/27/25 22:45,0.405,W
2/27/25 23:00,0.363,W
2/27/25 23:15,0.342,W
2/27/25 23:30,0.376,W
2/27/25 23:45,0.378,W
2/28/25 0:00,0.397,W
2/28/25 0:15,0.309,W
2/28/25 0:30,0.245,W
2/28/25 0:45,0.261,W
2/28/25 1:00,0.25,W
2/28/25 1:15,0.267,W
2/28/25 1:30,0.226,W
2/28/25 1:45,0.22,W
2/28/25 2:00,0.249,W
2/28/25 2:15,0.254,W
2/28/25 2:30,0.234,W
2/28/25 2:45,0.118,W
2/28/25 3:00,0.09,W
2/28/25 3:15,0.104,W
2/28/25 3:30,0.12,W
2/28/25 3:45,0.071,W
2/28/25 4:00,0.073,W
2/28/25 4:15,0.123,W
2/28/25 4:30,0.103,W
2/28/25 4:45,0.199,W
2/28/25 5:00,0.255,W
2/28/25 5:15,0.299,W
2/28/25 5:30,0.27,W
2/28/25 5:45,0.254,W
2/28/25 6:00,0.237,W
2/28/25 6:15,0.222,W
2/28/25 6:30,0.254,W
2/28/25 6:45,0.286,W
2/28/25 7:00,0.235,W
2/28/25 7:15,0.252,W
2/28/25 7:30,0.276,W
2/28/25 7:45,0.305,W
2/28/25 8:00,0.394,W
2/28/25 8:15,0.227,W
2/28/25 8:30,0.342,W
2/28/25 8:45,0.572,W
2/28/25 9:00,0.661,W
2/28/25 9:15,0.581,W
2/28/25 9:30,0.237,W
2/28/25 9:45,0.265,W
2/28/25 10:00,0.462,W
2/28/25 10:15,0.413,W
2/28/25 10:30,0.372,W
2/28/25 10:45,0.391,W
2/28/25 11:00,0.578,W
2/28/25 11:15,0.475,W
2/28/25 11:30,0.407,W
2/28/25 11:45,0.278,W
2/28/25 12:00,0.252,W
2/28/25 12:15,0.324,W
2/28/25 12:30,0.258,W
2/28/25 12:45,0.534,W
2/28/25 13:00,0.258,W
2/28/25 13:15,0.302,W
2/28/25 13:30,0.307,W
2/28/25 13:45,0.246,W
2/28/25 14:00,0.311,W
2/28/25 14:15,0.331,W
2/28/25 14:30,0.332,W
2/28/25 14:45,0.254,W
2/28/25 15:00,0.251,W
2/28/25 15:15,0.364,W
2/28/25 15:30,0.356,W
2/28/25 15:45,1.071,W
2/28/25 16:00,0.327,W
2/28/25 16:15,0.504,W
2/28/25 16:30,0.665,W
2/28/25 16:45,0.199,W
2/28/25 17:00,0.425,W
2/28/25 17:15,0.324,W
2/28/25 17:30,0.878,W
2/28/25 17:45,0.934,W
2/28/25 18:00,0.362,W
2/28/25 18:15,0.564,W
2/28/25 18:30,0.682,W
2/28/25 18:45,0.595,W
2/28/25 19:00,0.77,W
2/28/25 19:15,0.422,W
2/28/25 19:30,0.366,W
2/28/25 19:45,0.383,W
2/28/25 20:00,0.359,W
2/28/25 20:15,0.364,W
2/28/25 20:30,0.386,W
2/28/25 20:45,0.357,W
2/28/25 21:00,0.342,W
2/28/25 21:15,0.347,W
2/28/25 21:30,0.355,W
2/28/25 21:45,0.337,W
2/28/25 22:00,0.354,W
2/28/25 22:15,0.402,W
2/28/25 22:30,0.378,W
2/28/25 22:45,0.392,W
2/28/25 23:00,0.348,W
2/28/25 23:15,0.37,W
2/28/25 23:30,0.377,W
2/28/25 23:45,0.289,W
3/1/25 0:00,0.301,W
3/1/25 0:15,0.323,W
3/1/25 0:30,0.307,W
3/1/25 0:45,0.282,W
3/1/25 1:00,0.305,W
3/1/25 1:15,0.305,W
3/1/25 1:30,0.239,W
3/1/25 1:45,0.219,W
3/1/25 2:00,0.238,W
3/1/25 2:15,0.255,W
3/1/25 2:30,0.24,W
3/1/25 2:45,0.226,W
3/1/25 3:00,0.259,W
3/1/25 3:15,0.239,W
3/1/25 3:30,0.225,W
3/1/25 3:45,0.212,W
3/1/25 4:00,0.23,W
3/1/25 4:15,0.273,W
3/1/25 4:30,0.199,W
3/1/25 4:45,0.211,W
3/1/25 5:00,0.255,W
3/1/25 5:15,0.181,W
3/1/25 5:30,0.12,W
3/1/25 5:45,0.109,W
3/1/25 6:00,0.098,W
3/1/25 6:15,0.086,W
3/1/25 6:30,0.084,W
3/1/25 6:45,0.1,W
3/1/25 7:00,0.117,W
3/1/25 7:15,0.167,W
3/1/25 7:30,0.208,W
3/1/25 7:45,0.268,W
3/1/25 8:00,0.378,W
3/1/25 8:15,0.23,W
3/1/25 8:30,0.397,W
3/1/25 8:45,0.347,W
3/1/25 9:00,0.327,W
3/1/25 9:15,0.283,W
3/1/25 9:30,0.29,W
3/1/25 9:45,0.249,W
3/1/25 10:00,0.251,W
3/1/25 10:15,0.279,W
3/1/25 10:30,0.432,W
3/1/25 10:45,0.309,W
3/1/25 11:00,0.269,W
3/1/25 11:15,0.44,W
3/1/25 11:30,0.736,W
3/1/25 11:45,0.887,W
3/1/25 12:00,0.902,W
3/1/25 12:15,0.254,W
3/1/25 12:30,0.241,W
3/1/25 12:45,0.272,W
3/1/25 13:00,0.235,W
3/1/25 13:15,0.285,W
3/1/25 13:30,0.271,W
3/1/25 13:45,0.23,W
3/1/25 14:00,0.221,W
3/1/25 14:15,0.401,W
3/1/25 14:30,0.26,W
3/1/25 14:45,0.26,W
3/1/25 15:00,0.289,W
3/1/25 15:15,0.321,W
3/1/25 15:30,0.364,W
3/1/25 15:45,0.339,W
3/1/25 16:00,0.319,W
3/1/25 16:15,0.295,W
3/1/25 16:30,0.305,W
3/1/25 16:45,0.302,W
3/1/25 17:00,0.312,W
3/1/25 17:15,0.326,W
3/1/25 17:30,0.385,W
3/1/25 17:45,0.359,W
3/1/25 18:00,0.315,W
3/1/25 18:15,0.367,W
3/1/25 18:30,0.356,W
3/1/25 18:45,0.368,W
3/1/25 19:00,0.614,W
3/1/25 19:15,0.652,W
3/1/25 19:30,0.63,W
3/1/25 19:45,0.542,W
3/1/25 20:00,0.34,W
3/1/25 20:15,0.38,W
3/1/25 20:30,0.386,W
3/1/25 20:45,0.382,W
3/1/25 21:00,0.37,W
3/1/25 21:15,0.344,W
3/1/25 21:30,0.351,W
3/1/25 21:45,0.34,W
3/1/25 22:00,0.384,W
3/1/25 22:15,0.363,W
3/1/25 22:30,0.33,W
3/1/25 22:45,0.372,W
3/1/25 23:00,0.322,W
3/1/25 23:15,0.366,W
3/1/25 23:30,0.376,W
3/1/25 23:45,0.352,W
3/2/25 0:00,0.344,W
3/2/25 0:15,0.344,W
3/2/25 0:30,0.339,W
3/2/25 0:45,0.365,W
3/2/25 1:00,0.357,W
3/2/25 1:15,0.274,W
3/2/25 1:30,0.229,W
3/2/25 1:45,0.292,W
3/2/25 2:00,0.279,W
3/2/25 2:15,0.255,W
3/2/25 2:30,0.246,W
3/2/25 2:45,0.258,W
3/2/25 3:00,0.249,W
3/2/25 3:15,0.22,W
3/2/25 3:30,0.215,W
3/2/25 3:45,0.225,W
3/2/25 4:00,0.247,W
3/2/25 4:15,0.272,W
3/2/25 4:30,0.248,W
3/2/25 4:45,0.254,W
3/2/25 5:00,0.293,W
3/2/25 5:15,0.271,W
3/2/25 5:30,0.23,W
3/2/25 5:45,0.241,W
3/2/25 6:00,0.175,W
3/2/25 6:15,0.113,W
3/2/25 6:30,0.098,W
3/2/25 6:45,0.138,W
3/2/25 7:00,0.138,W
3/2/25 7:15,0.173,W
3/2/25 7:30,0.623,W
3/2/25 7:45,0.681,W
3/2/25 8:00,0.271,W
3/2/25 8:15,0.257,W
3/2/25 8:30,0.219,W
3/2/25 8:45,0.227,W
3/2/25 9:00,0.249,W
3/2/25 9:15,0.286,W
3/2/25 9:30,0.281,W
3/2/25 9:45,0.542,W
3/2/25 10:00,0.236,W
3/2/25 10:15,0.238,W
3/2/25 10:30,0.566,W
3/2/25 10:45,0.456,W
3/2/25 11:00,0.271,W
3/2/25 11:15,0.401,W
3/2/25 11:30,0.284,W
3/2/25 11:45,0.278,W
3/2/25 12:00,0.295,W
3/2/25 12:15,0.241,W
3/2/25 12:30,0.231,W
3/2/25 12:45,0.226,W
3/2/25 13:00,0.21,W
3/2/25 13:15,0.248,W
3/2/25 13:30,0.248,W
3/2/25 13:45,0.308,W
3/2/25 14:00,0.25,W
3/2/25 14:15,0.247,W
3/2/25 14:30,0.306,W
3/2/25 14:45,0.603,W
3/2/25 15:00,0.507,W
3/2/25 15:15,1.109,W
3/2/25 15:30,1.065,W
3/2/25 15:45,1.051,W
3/2/25 16:00,0.562,W
3/2/25 16:15,0.704,W
3/2/25 16:30,0.715,W
3/2/25 16:45,0.653,W
3/2/25 17:00,0.67,W
3/2/25 17:15,0.435,W
3/2/25 17:30,0.379,W
3/2/25 17:45,0.765,W
3/2/25 18:00,0.94,W
3/2/25 18:15,0.869,W
3/2/25 18:30,1.192,W
3/2/25 18:45,1.264,W
3/2/25 19:00,1.287,W
3/2/25 19:15,1.211,W
3/2/25 19:30,0.865,W
3/2/25 19:45,0.738,W
3/2/25 20:00,0.695,W
3/2/25 20:15,0.725,W
3/2/25 20:30,0.722,W
3/2/25 20:45,0.726,W
3/2/25 21:00,0.734,W
3/2/25 21:15,0.714,W
3/2/25 21:30,0.562,W
3/2/25 21:45,0.385,W
3/2/25 22:00,0.379,W
3/2/25 22:15,0.386,W
3/2/25 22:30,0.377,W
3/2/25 22:45,0.36,W
3/2/25 23:00,0.236,W
3/2/25 23:15,0.285,W
3/2/25 23:30,0.319,W
3/2/25 23:45,0.302,W
3/3/25 0:00,0.24,W
3/3/25 0:15,0.279,W
3/3/25 0:30,0.297,W
3/3/25 0:45,0.283,W
3/3/25 1:00,0.26,W
3/3/25 1:15,0.255,W
3/3/25 1:30,0.257,W
3/3/25 1:45,0.276,W
3/3/25 2:00,0.295,W
3/3/25 2:15,0.245,W
3/3/25 2:30,0.261,W
3/3/25 2:45,0.273,W
3/3/25 3:00,0.264,W
3/3/25 3:15,0.272,W
3/3/25 3:30,0.285,W
3/3/25 3:45,0.273,W
3/3/25 4:00,0.246,W
3/3/25 4:15,0.247,W
3/3/25 4:30,0.262,W
3/3/25 4:45,0.254,W
3/3/25 5:00,0.237,W
3/3/25 5:15,0.128,W
3/3/25 5:30,0.139,W
3/3/25 5:45,0.144,W
3/3/25 6:00,0.113,W
3/3/25 6:15,0.124,W
3/3/25 6:30,0.115,W
3/3/25 6:45,0.141,W
3/3/25 7:00,0.146,W
3/3/25 7:15,0.261,W
3/3/25 7:30,0.231,W
3/3/25 7:45,0.386,W
3/3/25 8:00,0.284,W
3/3/25 8:15,0.225,W
3/3/25 8:30,0.211,W
3/3/25 8:45,0.245,W
3/3/25 9:00,0.22,W
3/3/25 9:15,0.217,W
3/3/25 9:30,0.228,W
3/3/25 9:45,0.27,W
3/3/25 10:00,0.278,W
3/3/25 10:15,0.266,W
3/3/25 10:30,0.646,W
3/3/25 10:45,0.226,W
3/3/25 11:00,0.731,W
3/3/25 11:15,0.385,W
3/3/25 11:30,0.217,W
3/3/25 11:45,0.229,W
3/3/25 12:00,0.27,W
3/3/25 12:15,0.276,W
3/3/25 12:30,0.252,W
3/3/25 12:45,0.284,W
3/3/25 13:00,0.248,W
3/3/25 13:15,0.237,W
3/3/25 13:30,0.22,W
3/3/25 13:45,0.235,W
3/3/25 14:00,0.228,W
3/3/25 14:15,0.386,W
3/3/25 14:30,1.025,W
3/3/25 14:45,0.633,W
3/3/25 15:00,0.433,W
3/3/25 15:15,0.467,W
3/3/25 15:30,0.228,W
3/3/25 15:45,0.252,W
3/3/25 16:00,0.485,W
3/3/25 16:15,0.741,W
3/3/25 16:30,0.301,W
3/3/25 16:45,0.283,W
3/3/25 17:00,0.157,W
3/3/25 17:15,0.238,W
3/3/25 17:30,0.241,W
3/3/25 17:45,0.29,W
3/3/25 18:00,0.621,W
3/3/25 18:15,0.349,W
3/3/25 18:30,0.4,W
3/3/25 18:45,0.481,W
3/3/25 19:00,0.551,W
3/3/25 19:15,0.552,W
3/3/25 19:30,0.541,W
3/3/25 19:45,0.563,W
3/3/25 20:00,0.406,W
3/3/25 20:15,0.379,W
3/3/25 20:30,0.369,W
3/3/25 20:45,0.397,W
3/3/25 21:00,0.452,W
3/3/25 21:15,0.525,W
3/3/25 21:30,0.405,W
3/3/25 21:45,0.37,W
3/3/25 22:00,0.367,W
3/3/25 22:15,0.406,W
3/3/25 22:30,0.402,W
3/3/25 22:45,0.371,W
3/3/25 23:00,0.369,W
3/3/25 23:15,0.423,W
3/3/25 23:30,0.985,W
3/3/25 23:45,0.703,W
3/4/25 0:00,0.268,W
3/4/25 0:15,0.798,W
3/4/25 0:30,0.29,W
3/4/25 0:45,0.223,W
3/4/25 1:00,0.214,W
3/4/25 1:15,0.206,W
3/4/25 1:30,0.233,W
3/4/25 1:45,0.225,W
3/4/25 2:00,0.194,W
3/4/25 2:15,0.24,W
3/4/25 2:30,0.242,W
3/4/25 2:45,0.211,W
3/4/25 3:00,0.216,W
3/4/25 3:15,0.228,W
3/4/25 3:30,0.238,W
3/4/25 3:45,0.229,W
3/4/25 4:00,0.217,W
3/4/25 4:15,0.14,W
3/4/25 4:30,0.095,W
3/4/25 4:45,0.131,W
3/4/25 5:00,0.083,W
3/4/25 5:15,0.09,W
3/4/25 5:30,0.103,W
3/4/25 5:45,0.111,W
3/4/25 6:00,0.091,W
3/4/25 6:15,0.084,W
3/4/25 6:30,0.215,W
3/4/25 6:45,0.238,W
3/4/25 7:00,0.246,W
3/4/25 7:15,0.261,W
3/4/25 7:30,0.266,W
3/4/25 7:45,0.459,W
3/4/25 8:00,0.295,W
3/4/25 8:15,0.242,W
3/4/25 8:30,0.239,W
3/4/25 8:45,0.27,W
3/4/25 9:00,0.232,W
3/4/25 9:15,0.232,W
3/4/25 9:30,0.208,W
3/4/25 9:45,0.236,W
3/4/25 10:00,0.293,W
3/4/25 10:15,0.272,W
3/4/25 10:30,0.247,W
3/4/25 10:45,0.222,W
3/4/25 11:00,0.25,W
3/4/25 11:15,0.223,W
3/4/25 11:30,0.19,W
3/4/25 11:45,0.244,W
3/4/25 12:00,0.325,W
3/4/25 12:15,0.334,W
3/4/25 12:30,0.575,W
3/4/25 12:45,0.606,W
3/4/25 13:00,0.552,W
3/4/25 13:15,0.277,W
3/4/25 13:30,0.483,W
3/4/25 13:45,0.403,W
3/4/25 14:00,0.271,W
3/4/25 14:15,0.264,W
3/4/25 14:30,0.206,W
3/4/25 14:45,0.214,W
3/4/25 15:00,0.252,W
3/4/25 15:15,0.253,W
3/4/25 15:30,0.246,W
3/4/25 15:45,0.592,W
3/4/25 16:00,0.808,W
3/4/25 16:15,0.411,W
3/4/25 16:30,0.371,W
3/4/25 16:45,0.302,W
3/4/25 17:00,0.287,W
3/4/25 17:15,0.243,W
3/4/25 17:30,0.214,W
3/4/25 17:45,0.205,W
3/4/25 18:00,1.065,W
3/4/25 18:15,0.472,W
3/4/25 18:30,0.248,W
3/4/25 18:45,0.352,W
3/4/25 19:00,0.357,W
3/4/25 19:15,0.366,W
3/4/25 19:30,0.321,W
3/4/25 19:45,0.329,W
3/4/25 20:00,0.342,W
3/4/25 20:15,0.451,W
3/4/25 20:30,0.363,W
3/4/25 20:45,0.346,W
3/4/25 21:00,0.423,W
3/4/25 21:15,0.378,W
3/4/25 21:30,0.342,W
3/4/25 21:45,0.378,W
3/4/25 22:00,0.375,W
3/4/25 22:15,0.382,W
3/4/25 22:30,0.407,W
3/4/25 22:45,0.357,W
3/4/25 23:00,0.288,W
3/4/25 23:15,0.267,W
3/4/25 23:30,0.256,W
3/4/25 23:45,0.235,W
3/5/25 0:00,0.262,W
3/5/25 0:15,0.247,W
3/5/25 0:30,0.256,W
3/5/25 0:45,0.24,W
3/5/25 1:00,0.255,W
3/5/25 1:15,0.254,W
3/5/25 1:30,0.257,W
3/5/25 1:45,0.232,W
3/5/25 2:00,0.225,W
3/5/25 2:15,0.271,W
3/5/25 2:30,0.284,W
3/5/25 2:45,0.253,W
3/5/25 3:00,0.239,W
3/5/25 3:15,0.255,W
3/5/25 3:30,0.268,W
3/5/25 3:45,0.231,W
3/5/25 4:00,0.242,W
3/5/25 4:15,0.248,W
3/5/25 4:30,0.253,W
3/5/25 4:45,0.239,W
3/5/25 5:00,0.226,W
3/5/25 5:15,0.251,W
3/5/25 5:30,0.242,W
3/5/25 5:45,0.122,W
3/5/25 6:00,0.087,W
3/5/25 6:15,0.112,W
3/5/25 6:30,0.099,W
3/5/25 6:45,0.119,W
3/5/25 7:00,0.12,W
3/5/25 7:15,0.128,W
3/5/25 7:30,0.153,W
3/5/25 7:45,0.384,W
3/5/25 8:00,0.314,W
3/5/25 8:15,0.235,W
3/5/25 8:30,0.275,W
3/5/25 8:45,0.673,W
3/5/25 9:00,0.576,W
3/5/25 9:15,0.643,W
3/5/25 9:30,0.295,W
3/5/25 9:45,0.251,W
3/5/25 10:00,0.189,W
3/5/25 10:15,0.2,W
3/5/25 10:30,0.314,W
3/5/25 10:45,0.819,W
3/5/25 11:00,0.65,W
3/5/25 11:15,0.526,W
3/5/25 11:30,0.433,W
3/5/25 11:45,0.399,W
3/5/25 12:00,0.203,W
3/5/25 12:15,0.198,W
3/5/25 12:30,0.197,W
3/5/25 12:45,0.201,W
3/5/25 13:00,0.221,W
3/5/25 13:15,0.222,W
3/5/25 13:30,0.271,W
3/5/25 13:45,0.277,W
3/5/25 14:00,0.266,W
3/5/25 14:15,0.246,W
3/5/25 14:30,0.249,W
3/5/25 14:45,0.231,W
3/5/25 15:00,0.197,W
3/5/25 15:15,0.282,W
3/5/25 15:30,0.582,W
3/5/25 15:45,0.622,W
3/5/25 16:00,0.637,W
3/5/25 16:15,0.629,W
3/5/25 16:30,0.598,W
3/5/25 16:45,0.26,W
3/5/25 17:00,0.288,W
3/5/25 17:15,0.275,W
3/5/25 17:30,0.273,W
3/5/25 17:45,0.33,W
3/5/25 18:00,0.295,W
3/5/25 18:15,0.308,W
3/5/25 18:30,0.348,W
3/5/25 18:45,0.303,W
3/5/25 19:00,0.284,W
3/5/25 19:15,0.303,W
3/5/25 19:30,0.273,W
3/5/25 19:45,0.274,W
3/5/25 20:00,0.398,W
3/5/25 20:15,0.394,W
3/5/25 20:30,0.4,W
3/5/25 20:45,0.355,W
3/5/25 21:00,0.344,W
3/5/25 21:15,0.347,W
3/5/25 21:30,0.365,W
3/5/25 21:45,0.368,W
3/5/25 22:00,0.359,W
3/5/25 22:15,0.387,W
3/5/25 22:30,0.39,W
3/5/25 22:45,0.383,W
3/5/25 23:00,0.331,W
3/5/25 23:15,0.283,W
3/5/25 23:30,0.269,W
3/5/25 23:45,0.246,W
3/6/25 0:00,0.242,W
3/6/25 0:15,0.263,W
3/6/25 0:30,0.176,W
3/6/25 0:45,0.238,W
3/6/25 1:00,0.263,W
3/6/25 1:15,0.248,W
3/6/25 1:30,0.278,W
3/6/25 1:45,0.254,W
3/6/25 2:00,0.22,W
3/6/25 2:15,0.249,W
3/6/25 2:30,0.251,W
3/6/25 2:45,0.249,W
3/6/25 3:00,0.258,W
3/6/25 3:15,0.238,W
3/6/25 3:30,0.271,W
3/6/25 3:45,0.29,W
3/6/25 4:00,0.273,W
3/6/25 4:15,0.24,W
3/6/25 4:30,0.26,W
3/6/25 4:45,0.271,W
3/6/25 5:00,0.232,W
3/6/25 5:15,0.132,W
3/6/25 5:30,0.145,W
3/6/25 5:45,0.14,W
3/6/25 6:00,0.119,W
3/6/25 6:15,0.105,W
3/6/25 6:30,0.153,W
3/6/25 6:45,0.157,W
3/6/25 7:00,0.16,W
3/6/25 7:15,0.238,W
3/6/25 7:30,0.216,W
3/6/25 7:45,0.402,W
3/6/25 8:00,0.246,W
3/6/25 8:15,0.196,W
3/6/25 8:30,0.185,W
3/6/25 8:45,0.222,W
3/6/25 9:00,0.228,W
3/6/25 9:15,0.24,W
3/6/25 9:30,0.241,W
3/6/25 9:45,0.244,W
3/6/25 10:00,0.233,W
3/6/25 10:15,0.253,W
3/6/25 10:30,0.295,W
3/6/25 10:45,0.206,W
3/6/25 11:00,0.214,W
3/6/25 11:15,0.28,W
3/6/25 11:30,0.422,W
3/6/25 11:45,0.209,W
3/6/25 12:00,0.219,W
3/6/25 12:15,0.245,W
3/6/25 12:30,0.29,W
3/6/25 12:45,0.313,W
3/6/25 13:00,0.256,W
3/6/25 13:15,0.29,W
3/6/25 13:30,0.27,W
3/6/25 13:45,0.274,W
3/6/25 14:00,0.256,W
3/6/25 14:15,0.287,W
3/6/25 14:30,0.293,W
3/6/25 14:45,0.31,W
3/6/25 15:00,0.343,W
3/6/25 15:15,0.294,W
3/6/25 15:30,0.459,W
3/6/25 15:45,0.935,W
3/6/25 16:00,0.518,W
3/6/25 16:15,1.221,W
3/6/25 16:30,0.88,W
3/6/25 16:45,0.752,W
3/6/25 17:00,0.284,W
3/6/25 17:15,0.338,W
3/6/25 17:30,0.35,W
3/6/25 17:45,0.307,W
3/6/25 18:00,0.351,W
3/6/25 18:15,0.54,W
3/6/25 18:30,0.848,W
3/6/25 18:45,0.739,W
3/6/25 19:00,0.394,W
3/6/25 19:15,0.415,W
3/6/25 19:30,0.352,W
3/6/25 19:45,0.274,W
3/6/25 20:00,0.348,W
3/6/25 20:15,0.362,W
3/6/25 20:30,0.381,W
3/6/25 20:45,0.42,W
3/6/25 21:00,0.375,W
3/6/25 21:15,0.342,W
3/6/25 21:30,0.377,W
3/6/25 21:45,0.382,W
3/6/25 22:00,0.393,W
3/6/25 22:15,0.37,W
3/6/25 22:30,0.36,W
3/6/25 22:45,0.374,W
3/6/25 23:00,0.396,W
3/6/25 23:15,0.382,W
3/6/25 23:30,0.363,W
3/6/25 23:45,0.324,W
3/7/25 0:00,0.25,W
3/7/25 0:15,0.256,W
3/7/25 0:30,0.269,W
3/7/25 0:45,0.27,W
3/7/25 1:00,0.275,W
3/7/25 1:15,0.287,W
3/7/25 1:30,0.295,W
3/7/25 1:45,0.261,W
3/7/25 2:00,0.247,W
3/7/25 2:15,0.254,W
3/7/25 2:30,0.234,W
3/7/25 2:45,0.226,W
3/7/25 3:00,0.239,W
3/7/25 3:15,0.213,W
3/7/25 3:30,0.204,W
3/7/25 3:45,0.247,W
3/7/25 4:00,0.27,W
3/7/25 4:15,0.229,W
3/7/25 4:30,0.227,W
3/7/25 4:45,0.241,W
3/7/25 5:00,0.23,W
3/7/25 5:15,0.248,W
3/7/25 5:30,0.229,W
3/7/25 5:45,0.22,W
3/7/25 6:00,0.244,W
3/7/25 6:15,0.238,W
3/7/25 6:30,0.201,W
3/7/25 6:45,0.248,W
3/7/25 7:00,0.292,W
3/7/25 7:15,0.252,W
3/7/25 7:30,0.239,W
3/7/25 7:45,0.242,W
3/7/25 8:00,0.388,W
3/7/25 8:15,0.387,W
3/7/25 8:30,0.414,W
3/7/25 8:45,0.454,W
3/7/25 9:00,0.408,W
3/7/25 9:15,0.461,W
3/7/25 9:30,0.431,W
3/7/25 9:45,0.366,W
3/7/25 10:00,0.274,W
3/7/25 10:15,0.246,W
3/7/25 10:30,0.237,W
3/7/25 10:45,0.224,W
3/7/25 11:00,0.239,W
3/7/25 11:15,0.273,W
3/7/25 11:30,0.639,W
3/7/25 11:45,0.593,W
3/7/25 12:00,0.69,W
3/7/25 12:15,0.285,W
3/7/25 12:30,0.261,W
3/7/25 12:45,0.245,W
3/7/25 13:00,0.246,W
3/7/25 13:15,0.121,W
3/7/25 13:30,0.19,W
3/7/25 13:45,0.26,W
3/7/25 14:00,0.27,W
3/7/25 14:15,0.285,W
3/7/25 14:30,0.547,W
3/7/25 14:45,0.562,W
3/7/25 15:00,0.698,W
3/7/25 15:15,0.391,W
3/7/25 15:30,0.328,W
3/7/25 15:45,0.316,W
3/7/25 16:00,0.678,W
3/7/25 16:15,0.656,W
3/7/25 16:30,0.639,W
3/7/25 16:45,0.358,W
3/7/25 17:00,0.265,W
3/7/25 17:15,0.362,W
3/7/25 17:30,0.352,W
3/7/25 17:45,0.378,W
3/7/25 18:00,0.384,W
3/7/25 18:15,0.346,W
3/7/25 18:30,0.399,W
3/7/25 18:45,0.38,W
3/7/25 19:00,0.314,W
3/7/25 19:15,0.351,W
3/7/25 19:30,0.392,W
3/7/25 19:45,0.368,W
3/7/25 20:00,0.355,W
3/7/25 20:15,0.376,W
3/7/25 20:30,0.369,W
3/7/25 20:45,0.38,W
3/7/25 21:00,0.385,W
3/7/25 21:15,0.323,W
3/7/25 21:30,0.371,W
3/7/25 21:45,0.438,W
3/7/25 22:00,0.489,W
3/7/25 22:15,0.324,W
3/7/25 22:30,0.276,W
3/7/25 22:45,0.284,W
3/7/25 23:00,0.256,W
3/7/25 23:15,0.264,W
3/7/25 23:30,0.269,W
3/7/25 23:45,0.259,W
3/8/25 0:00,0.252,W
3/8/25 0:15,0.242,W
3/8/25 0:30,0.246,W
3/8/25 0:45,0.265,W
3/8/25 1:00,0.259,W
3/8/25 1:15,0.214,W
3/8/25 1:30,0.206,W
3/8/25 1:45,0.238,W
3/8/25 2:00,0.253,W
3/8/25 2:15,0.198,W
3/8/25 2:30,0.201,W
3/8/25 2:45,0.244,W
3/8/25 3:00,0.23,W
3/8/25 3:15,0.204,W
3/8/25 3:30,0.2,W
3/8/25 3:45,0.211,W
3/8/25 4:00,0.226,W
3/8/25 4:15,0.217,W
3/8/25 4:30,0.229,W
3/8/25 4:45,0.242,W
3/8/25 5:00,0.254,W
3/8/25 5:15,0.271,W
3/8/25 5:30,0.223,W
3/8/25 5:45,0.237,W
3/8/25 6:00,0.247,W
3/8/25 6:15,0.222,W
3/8/25 6:30,0.215,W
3/8/25 6:45,0.235,W
3/8/25 7:00,0.246,W
3/8/25 7:15,0.254,W
3/8/25 7:30,0.236,W
3/8/25 7:45,0.303,W
3/8/25 8:00,0.238,W
3/8/25 8:15,0.228,W
3/8/25 8:30,0.22,W
3/8/25 8:45,0.271,W
3/8/25 9:00,0.286,W
3/8/25 9:15,0.279,W
3/8/25 9:30,0.259,W
3/8/25 9:45,0.283,W
3/8/25 10:00,0.264,W
3/8/25 10:15,0.275,W
3/8/25 10:30,0.273,W
3/8/25 10:45,0.832,W
3/8/25 11:00,0.854,W
3/8/25 11:15,1.212,W
3/8/25 11:30,1.484,W
3/8/25 11:45,0.862,W
3/8/25 12:00,0.266,W
3/8/25 12:15,0.291,W
3/8/25 12:30,0.267,W
3/8/25 12:45,0.668,W
3/8/25 13:00,0.621,W
3/8/25 13:15,0.632,W
3/8/25 13:30,0.269,W
3/8/25 13:45,0.151,W
3/8/25 14:00,0.243,W
3/8/25 14:15,0.283,W
3/8/25 14:30,0.296,W
3/8/25 14:45,0.227,W
3/8/25 15:00,0.256,W
3/8/25 15:15,0.267,W
3/8/25 15:30,0.232,W
3/8/25 15:45,0.247,W
3/8/25 16:00,0.281,W
3/8/25 16:15,0.543,W
3/8/25 16:30,0.744,W
3/8/25 16:45,0.954,W
3/8/25 17:00,0.922,W
3/8/25 17:15,0.95,W
3/8/25 17:30,0.673,W
3/8/25 17:45,0.76,W
3/8/25 18:00,0.77,W
3/8/25 18:15,1.17,W
3/8/25 18:30,0.887,W
3/8/25 18:45,0.664,W
3/8/25 19:00,0.656,W
3/8/25 19:15,0.709,W
3/8/25 19:30,0.788,W
3/8/25 19:45,0.761,W
3/8/25 20:00,0.778,W
3/8/25 20:15,0.827,W
3/8/25 20:30,0.744,W
3/8/25 20:45,0.677,W
3/8/25 21:00,0.696,W
3/8/25 21:15,0.724,W
3/8/25 21:30,0.721,W
3/8/25 21:45,0.573,W
3/8/25 22:00,0.392,W
3/8/25 22:15,0.471,W
3/8/25 22:30,0.403,W
3/8/25 22:45,0.379,W
3/8/25 23:00,0.228,W
3/8/25 23:15,0.149,W
3/8/25 23:30,0.239,W
3/8/25 23:45,0.221,W
3/9/25 0:00,0.247,W
3/9/25 0:15,0.246,W
3/9/25 0:30,0.274,W
3/9/25 0:45,0.345,W
3/9/25 1:00,0.213,W
3/9/25 1:15,0.225,W
3/9/25 1:30,0.261,W
3/9/25 1:45,0.246,W
3/9/25 2:00,0.231,W
3/9/25 2:15,0.229,W
3/9/25 2:30,0.248,W
3/9/25 2:45,0.204,W
3/9/25 3:00,0.194,W
3/9/25 3:15,0.242,W
3/9/25 3:30,0.224,W
3/9/25 3:45,0.212,W
3/9/25 4:00,0.225,W
3/9/25 4:15,0.198,W
3/9/25 4:30,0.234,W
3/9/25 4:45,0.239,W
3/9/25 5:00,0.215,W
3/9/25 5:15,0.236,W
3/9/25 5:30,0.249,W
3/9/25 5:45,0.234,W
3/9/25 6:00,0.22,W
3/9/25 6:15,0.243,W
3/9/25 6:30,0.209,W
3/9/25 6:45,0.222,W
3/9/25 7:00,0.214,W
3/9/25 7:15,0.214,W
3/9/25 7:30,0.206,W
3/9/25 7:45,0.288,W
3/9/25 8:00,0.401,W
3/9/25 8:15,0.21,W
3/9/25 8:30,0.265,W
3/9/25 8:45,0.298,W
3/9/25 9:00,0.248,W
3/9/25 9:15,0.258,W
3/9/25 9:30,0.281,W
3/9/25 9:45,0.271,W
3/9/25 10:00,0.242,W
3/9/25 10:15,0.223,W
3/9/25 10:30,0.363,W
3/9/25 10:45,0.799,W
3/9/25 11:00,0.345,W
3/9/25 11:15,0.31,W
3/9/25 11:30,0.479,W
3/9/25 11:45,0.288,W
3/9/25 12:00,0.309,W
3/9/25 12:15,0.539,W
3/9/25 12:30,0.47,W
3/9/25 12:45,0.595,W
3/9/25 13:00,0.473,W
3/9/25 13:15,0.276,W
3/9/25 13:30,0.258,W
3/9/25 13:45,0.291,W
3/9/25 14:00,0.304,W
3/9/25 14:15,0.396,W
3/9/25 14:30,0.3,W
3/9/25 14:45,0.293,W
3/9/25 15:00,0.394,W
3/9/25 15:15,0.678,W
3/9/25 15:30,0.378,W
3/9/25 15:45,0.544,W
3/9/25 16:00,0.685,W
3/9/25 16:15,0.395,W
3/9/25 16:30,0.339,W
3/9/25 16:45,0.383,W
3/9/25 17:00,0.367,W
3/9/25 17:15,0.358,W
3/9/25 17:30,0.323,W
3/9/25 17:45,0.296,W
3/9/25 18:00,0.325,W
3/9/25 18:15,0.375,W
3/9/25 18:30,0.398,W
3/9/25 18:45,0.378,W
3/9/25 19:00,0.437,W
3/9/25 19:15,0.4,W
3/9/25 19:30,0.356,W
3/9/25 19:45,0.34,W
3/9/25 20:00,0.383,W
3/9/25 20:15,0.372,W
3/9/25 20:30,0.364,W
3/9/25 20:45,0.399,W
3/9/25 21:00,0.397,W
3/9/25 21:15,0.365,W
3/9/25 21:30,0.431,W
3/9/25 21:45,0.387,W
3/9/25 22:00,0.379,W
3/9/25 22:15,0.393,W
3/9/25 22:30,0.371,W
3/9/25 22:45,0.36,W
3/9/25 23:00,0.318,W
3/9/25 23:15,0.256,W
3/9/25 23:30,0.245,W
3/9/25 23:45,0.173,W
3/10/25 0:00,0.122,W
3/10/25 0:15,0.271,W
3/10/25 0:30,0.25,W
3/10/25 0:45,0.213,W
3/10/25 1:00,0.217,W
3/10/25 1:15,0.243,W
3/10/25 1:30,0.221,W
3/10/25 1:45,0.233,W
3/10/25 2:00,0.226,W
3/10/25 2:15,0.228,W
3/10/25 2:30,0.228,W
3/10/25 2:45,0.224,W
3/10/25 3:00,0.216,W
3/10/25 3:15,0.227,W
3/10/25 3:30,0.228,W
3/10/25 3:45,0.199,W
3/10/25 4:00,0.208,W
3/10/25 4:15,0.23,W
3/10/25 4:30,0.226,W
3/10/25 4:45,0.222,W
3/10/25 5:00,0.237,W
3/10/25 5:15,0.282,W
3/10/25 5:30,0.284,W
3/10/25 5:45,0.254,W
3/10/25 6:00,0.224,W
3/10/25 6:15,0.231,W
3/10/25 6:30,0.229,W
3/10/25 6:45,0.225,W
3/10/25 7:00,0.203,W
3/10/25 7:15,0.249,W
3/10/25 7:30,0.246,W
3/10/25 7:45,0.36,W
3/10/25 8:00,0.202,W
3/10/25 8:15,0.292,W
3/10/25 8:30,0.287,W
3/10/25 8:45,0.308,W
3/10/25 9:00,0.308,W
3/10/25 9:15,0.252,W
3/10/25 9:30,0.279,W
3/10/25 9:45,0.23,W
3/10/25 10:00,0.199,W
3/10/25 10:15,0.198,W
3/10/25 10:30,0.228,W
3/10/25 10:45,0.251,W
3/10/25 11:00,0.612,W
3/10/25 11:15,0.65,W
3/10/25 11:30,0.42,W
3/10/25 11:45,0.261,W
3/10/25 12:00,0.301,W
3/10/25 12:15,0.485,W
3/10/25 12:30,0.596,W
3/10/25 12:45,0.485,W
3/10/25 13:00,0.473,W
3/10/25 13:15,0.303,W
3/10/25 13:30,0.311,W
3/10/25 13:45,0.569,W
3/10/25 14:00,0.544,W
3/10/25 14:15,0.353,W
3/10/25 14:30,0.368,W
3/10/25 14:45,0.369,W
3/10/25 15:00,0.28,W
3/10/25 15:15,0.297,W
3/10/25 15:30,0.343,W
3/10/25 15:45,0.304,W
3/10/25 16:00,0.291,W
3/10/25 16:15,0.276,W
3/10/25 16:30,0.31,W
3/10/25 16:45,0.299,W
3/10/25 17:00,0.353,W
3/10/25 17:15,0.371,W
3/10/25 17:30,0.388,W
3/10/25 17:45,0.288,W
3/10/25 18:00,0.367,W
3/10/25 18:15,0.385,W
3/10/25 18:30,0.368,W
3/10/25 18:45,0.353,W
3/10/25 19:00,0.361,W
3/10/25 19:15,0.332,W
3/10/25 19:30,0.363,W
3/10/25 19:45,0.381,W
3/10/25 20:00,0.34,W
3/10/25 20:15,0.351,W
3/10/25 20:30,0.423,W
3/10/25 20:45,0.414,W
3/10/25 21:00,0.358,W
3/10/25 21:15,0.379,W
3/10/25 21:30,0.365,W
3/10/25 21:45,0.392,W
3/10/25 22:00,0.39,W
3/10/25 22:15,0.372,W
3/10/25 22:30,0.285,W
3/10/25 22:45,0.289,W
3/10/25 23:00,0.259,W
3/10/25 23:15,0.214,W
3/10/25 23:30,0.233,W
3/10/25 23:45,0.237,W
3/11/25 0:00,0.222,W
3/11/25 0:15,0.244,W
3/11/25 0:30,0.242,W
3/11/25 0:45,0.222,W
3/11/25 1:00,0.235,W
3/11/25 1:15,0.239,W
3/11/25 1:30,0.242,W
3/11/25 1:45,0.231,W
3/11/25 2:00,0.228,W
3/11/25 2:15,0.197,W
3/11/25 2:30,0.209,W
3/11/25 2:45,0.234,W
3/11/25 3:00,0.2,W
3/11/25 3:15,0.207,W
3/11/25 3:30,0.237,W
3/11/25 3:45,0.255,W
3/11/25 4:00,0.247,W
3/11/25 4:15,0.228,W
3/11/25 4:30,0.229,W
3/11/25 4:45,0.236,W
3/11/25 5:00,0.231,W
3/11/25 5:15,0.244,W
3/11/25 5:30,0.23,W
3/11/25 5:45,0.235,W
3/11/25 6:00,0.234,W
3/11/25 6:15,0.151,W
3/11/25 6:30,0.161,W
3/11/25 6:45,0.274,W
3/11/25 7:00,0.244,W
3/11/25 7:15,0.25,W
3/11/25 7:30,0.262,W
3/11/25 7:45,0.249,W
3/11/25 8:00,0.447,W
3/11/25 8:15,0.247,W
3/11/25 8:30,0.399,W
3/11/25 8:45,0.29,W
3/11/25 9:00,0.299,W
3/11/25 9:15,0.26,W
3/11/25 9:30,0.254,W
3/11/25 9:45,0.308,W
3/11/25 10:00,0.268,W
3/11/25 10:15,0.26,W
3/11/25 10:30,0.264,W
3/11/25 10:45,0.298,W
3/11/25 11:00,0.279,W
3/11/25 11:15,0.269,W
3/11/25 11:30,0.285,W
3/11/25 11:45,0.333,W
3/11/25 12:00,0.281,W
3/11/25 12:15,0.253,W
3/11/25 12:30,0.284,W
3/11/25 12:45,0.268,W
3/11/25 13:00,0.245,W
3/11/25 13:15,0.255,W
3/11/25 13:30,0.284,W
3/11/25 13:45,0.223,W
3/11/25 14:00,0.227,W
3/11/25 14:15,0.208,W
3/11/25 14:30,0.304,W
3/11/25 14:45,0.287,W
3/11/25 15:00,0.229,W
3/11/25 15:15,0.24,W
3/11/25 15:30,0.259,W
3/11/25 15:45,0.253,W
3/11/25 16:00,0.253,W
3/11/25 16:15,0.281,W
3/11/25 16:30,0.527,W
3/11/25 16:45,0.958,W
3/11/25 17:00,0.856,W
3/11/25 17:15,0.422,W
3/11/25 17:30,0.513,W
3/11/25 17:45,0.495,W
3/11/25 18:00,0.386,W
3/11/25 18:15,0.359,W
3/11/25 18:30,0.257,W
3/11/25 18:45,0.302,W
3/11/25 19:00,0.369,W
3/11/25 19:15,0.356,W
3/11/25 19:30,0.376,W
3/11/25 19:45,0.452,W
3/11/25 20:00,0.396,W
3/11/25 20:15,0.671,W
3/11/25 20:30,0.607,W
3/11/25 20:45,0.91,W
3/11/25 21:00,0.907,W
3/11/25 21:15,0.415,W
3/11/25 21:30,0.36,W
3/11/25 21:45,0.371,W
3/11/25 22:00,0.438,W
3/11/25 22:15,0.417,W
3/11/25 22:30,0.401,W
3/11/25 22:45,0.433,W
3/11/25 23:00,0.373,W
3/11/25 23:15,0.348,W
3/11/25 23:30,0.383,W
3/11/25 23:45,0.308,W
3/12/25 0:00,0.27,W
3/12/25 0:15,0.274,W
3/12/25 0:30,0.255,W
3/12/25 0:45,0.253,W
3/12/25 1:00,0.284,W
3/12/25 1:15,0.245,W
3/12/25 1:30,0.22,W
3/12/25 1:45,0.256,W
3/12/25 2:00,0.257,W
3/12/25 2:15,0.225,W
3/12/25 2:30,0.245,W
3/12/25 2:45,0.271,W
3/12/25 3:00,0.264,W
3/12/25 3:15,0.272,W
3/12/25 3:30,0.258,W
3/12/25 3:45,0.249,W
3/12/25 4:00,0.262,W
3/12/25 4:15,0.174,W
3/12/25 4:30,0.074,W
3/12/25 4:45,0.093,W
3/12/25 5:00,0.117,W
3/12/25 5:15,0.117,W
3/12/25 5:30,0.087,W
3/12/25 5:45,0.1,W
3/12/25 6:00,0.105,W
3/12/25 6:15,0.078,W
3/12/25 6:30,0.195,W
3/12/25 6:45,0.247,W
3/12/25 7:00,0.236,W
3/12/25 7:15,0.226,W
3/12/25 7:30,0.241,W
3/12/25 7:45,0.361,W
3/12/25 8:00,0.217,W
3/12/25 8:15,0.264,W
3/12/25 8:30,0.425,W
3/12/25 8:45,0.715,W
3/12/25 9:00,0.66,W
3/12/25 9:15,0.845,W
3/12/25 9:30,0.465,W
3/12/25 9:45,0.429,W
3/12/25 10:00,0.418,W
3/12/25 10:15,0.434,W
3/12/25 10:30,0.266,W
3/12/25 10:45,0.22,W
3/12/25 11:00,0.243,W
3/12/25 11:15,0.329,W
3/12/25 11:30,0.389,W
3/12/25 11:45,0.358,W
3/12/25 12:00,0.354,W
3/12/25 12:15,0.384,W
3/12/25 12:30,0.329,W
3/12/25 12:45,0.298,W
3/12/25 13:00,0.292,W
3/12/25 13:15,0.284,W
3/12/25 13:30,0.285,W
3/12/25 13:45,0.271,W
3/12/25 14:00,0.552,W
3/12/25 14:15,0.323,W
3/12/25 14:30,0.255,W
3/12/25 14:45,0.29,W
3/12/25 15:00,0.39,W
3/12/25 15:15,0.288,W
3/12/25 15:30,0.285,W
3/12/25 15:45,0.273,W
3/12/25 16:00,0.27,W
3/12/25 16:15,0.274,W
3/12/25 16:30,0.245,W
3/12/25 16:45,0.244,W
3/12/25 17:00,0.266,W
3/12/25 17:15,0.592,W
3/12/25 17:30,0.503,W
3/12/25 17:45,1.149,W
3/12/25 18:00,0.823,W
3/12/25 18:15,0.44,W
3/12/25 18:30,0.364,W
3/12/25 18:45,0.409,W
3/12/25 19:00,0.523,W
3/12/25 19:15,0.57,W
3/12/25 19:30,0.566,W
3/12/25 19:45,0.547,W
3/12/25 20:00,0.571,W
3/12/25 20:15,0.607,W
3/12/25 20:30,0.541,W
3/12/25 20:45,0.508,W
3/12/25 21:00,0.375,W
3/12/25 21:15,0.347,W
3/12/25 21:30,0.367,W
3/12/25 21:45,0.407,W
3/12/25 22:00,0.396,W
3/12/25 22:15,0.415,W
3/12/25 22:30,0.42,W
3/12/25 22:45,0.336,W
3/12/25 23:00,0.344,W
3/12/25 23:15,0.279,W
3/12/25 23:30,0.25,W
3/12/25 23:45,0.234,W
3/13/25 0:00,0.249,W
3/13/25 0:15,0.239,W
3/13/25 0:30,0.249,W
3/13/25 0:45,0.209,W
3/13/25 1:00,0.219,W
3/13/25 1:15,0.241,W
3/13/25 1:30,0.25,W
3/13/25 1:45,0.227,W
3/13/25 2:00,0.24,W
3/13/25 2:15,0.241,W
3/13/25 2:30,0.221,W
3/13/25 2:45,0.23,W
3/13/25 3:00,0.217,W
3/13/25 3:15,0.237,W
3/13/25 3:30,0.261,W
3/13/25 3:45,0.205,W
3/13/25 4:00,0.105,W
3/13/25 4:15,0.247,W
3/13/25 4:30,0.242,W
3/13/25 4:45,0.234,W
3/13/25 5:00,0.262,W
3/13/25 5:15,0.273,W
3/13/25 5:30,0.259,W
3/13/25 5:45,0.265,W
3/13/25 6:00,0.224,W
3/13/25 6:15,0.187,W
3/13/25 6:30,0.17,W
3/13/25 6:45,0.148,W
3/13/25 7:00,0.097,W
3/13/25 7:15,0.159,W
3/13/25 7:30,0.487,W
3/13/25 7:45,0.464,W
3/13/25 8:00,0.269,W
3/13/25 8:15,0.217,W
3/13/25 8:30,0.285,W
3/13/25 8:45,0.545,W
3/13/25 9:00,0.905,W
3/13/25 9:15,0.965,W
3/13/25 9:30,0.915,W
3/13/25 9:45,1.406,W
3/13/25 10:00,0.699,W
3/13/25 10:15,0.481,W
3/13/25 10:30,1.084,W
3/13/25 10:45,0.792,W
3/13/25 11:00,0.842,W
3/13/25 11:15,1.083,W
3/13/25 11:30,0.502,W
3/13/25 11:45,0.499,W
3/13/25 12:00,0.659,W
3/13/25 12:15,0.718,W
3/13/25 12:30,0.322,W
3/13/25 12:45,0.306,W
3/13/25 13:00,0.291,W
3/13/25 13:15,0.308,W
3/13/25 13:30,0.762,W
3/13/25 13:45,0.68,W
3/13/25 14:00,0.29,W
3/13/25 14:15,0.312,W
3/13/25 14:30,0.35,W
3/13/25 14:45,0.298,W
3/13/25 15:00,0.319,W
3/13/25 15:15,0.331,W
3/13/25 15:30,0.293,W
3/13/25 15:45,0.273,W
3/13/25 16:00,0.29,W
3/13/25 16:15,0.299,W
3/13/25 16:30,0.305,W
3/13/25 16:45,0.292,W
3/13/25 17:00,0.259,W
3/13/25 17:15,0.329,W
3/13/25 17:30,0.293,W
3/13/25 17:45,0.269,W
3/13/25 18:00,0.427,W
3/13/25 18:15,0.345,W
3/13/25 18:30,0.355,W
3/13/25 18:45,0.327,W
3/13/25 19:00,0.337,W
3/13/25 19:15,0.348,W
3/13/25 19:30,0.409,W
3/13/25 19:45,0.415,W
3/13/25 20:00,0.384,W
3/13/25 20:15,0.392,W
3/13/25 20:30,0.392,W
3/13/25 20:45,0.365,W
3/13/25 21:00,0.373,W
3/13/25 21:15,0.378,W
3/13/25 21:30,0.317,W
3/13/25 21:45,0.317,W
3/13/25 22:00,0.395,W
3/13/25 22:15,0.39,W
3/13/25 22:30,0.36,W
3/13/25 22:45,0.34,W
3/13/25 23:00,0.28,W
3/13/25 23:15,0.209,W
3/13/25 23:30,0.309,W
3/13/25 23:45,0.294,W
3/14/25 0:00,0.219,W
3/14/25 0:15,0.252,W
3/14/25 0:30,0.242,W
3/14/25 0:45,0.237,W
3/14/25 1:00,0.236,W
3/14/25 1:15,0.21,W
3/14/25 1:30,0.208,W
3/14/25 1:45,0.248,W
3/14/25 2:00,0.243,W
3/14/25 2:15,0.211,W
3/14/25 2:30,0.217,W
3/14/25 2:45,0.24,W
3/14/25 3:00,0.219,W
3/14/25 3:15,0.221,W
3/14/25 3:30,0.252,W
3/14/25 3:45,0.237,W
3/14/25 4:00,0.226,W
3/14/25 4:15,0.23,W
3/14/25 4:30,0.208,W
3/14/25 4:45,0.216,W
3/14/25 5:00,0.244,W
3/14/25 5:15,0.241,W
3/14/25 5:30,0.228,W
3/14/25 5:45,0.198,W
3/14/25 6:00,0.126,W
3/14/25 6:15,0.119,W
3/14/25 6:30,0.088,W
3/14/25 6:45,0.095,W
3/14/25 7:00,0.128,W
3/14/25 7:15,0.127,W
3/14/25 7:30,0.107,W
3/14/25 7:45,0.189,W
3/14/25 8:00,0.329,W
3/14/25 8:15,0.277,W
3/14/25 8:30,0.257,W
3/14/25 8:45,0.65,W
3/14/25 9:00,0.605,W
3/14/25 9:15,0.598,W
3/14/25 9:30,0.499,W
3/14/25 9:45,0.325,W
3/14/25 10:00,0.65,W
3/14/25 10:15,0.42,W
3/14/25 10:30,0.379,W
3/14/25 10:45,0.311,W
3/14/25 11:00,0.393,W
3/14/25 11:15,0.348,W
3/14/25 11:30,0.401,W
3/14/25 11:45,0.501,W
3/14/25 12:00,0.533,W
3/14/25 12:15,0.79,W
3/14/25 12:30,0.595,W
3/14/25 12:45,0.335,W
3/14/25 13:00,0.33,W
3/14/25 13:15,0.388,W
3/14/25 13:30,0.335,W
3/14/25 13:45,0.279,W
3/14/25 14:00,0.27,W
3/14/25 14:15,0.247,W
3/14/25 14:30,0.306,W
3/14/25 14:45,0.451,W
3/14/25 15:00,0.236,W
3/14/25 15:15,0.195,W
3/14/25 15:30,0.207,W
3/14/25 15:45,0.153,W
3/14/25 16:00,0.189,W
3/14/25 16:15,0.269,W
3/14/25 16:30,0.306,W
3/14/25 16:45,0.335,W
3/14/25 17:00,0.376,W
3/14/25 17:15,0.37,W
3/14/25 17:30,0.292,W
3/14/25 17:45,0.468,W
3/14/25 18:00,0.568,W
3/14/25 18:15,0.445,W
3/14/25 18:30,0.42,W
3/14/25 18:45,0.416,W
3/14/25 19:00,0.422,W
3/14/25 19:15,0.463,W
3/14/25 19:30,0.405,W
3/14/25 19:45,0.364,W
3/14/25 20:00,0.335,W
3/14/25 20:15,0.36,W
3/14/25 20:30,0.356,W
3/14/25 20:45,0.394,W
3/14/25 21:00,0.45,W
3/14/25 21:15,0.38,W
3/14/25 21:30,0.352,W
3/14/25 21:45,0.377,W
3/14/25 22:00,0.394,W
3/14/25 22:15,0.365,W
3/14/25 22:30,0.375,W
3/14/25 22:45,0.385,W
3/14/25 23:00,0.339,W
3/14/25 23:15,0.352,W
3/14/25 23:30,0.365,W
3/14/25 23:45,0.351,W
3/15/25 0:00,0.357,W
3/15/25 0:15,0.375,W
3/15/25 0:30,0.357,W
3/15/25 0:45,0.348,W
3/15/25 1:00,0.351,W
3/15/25 1:15,0.327,W
3/15/25 1:30,0.304,W
3/15/25 1:45,0.332,W
3/15/25 2:00,0.29,W
3/15/25 2:15,0.234,W
3/15/25 2:30,0.229,W
3/15/25 2:45,0.245,W
3/15/25 3:00,0.255,W
3/15/25 3:15,0.268,W
3/15/25 3:30,0.226,W
3/15/25 3:45,0.215,W
3/15/25 4:00,0.26,W
3/15/25 4:15,0.248,W
3/15/25 4:30,0.231,W
3/15/25 4:45,0.236,W
3/15/25 5:00,0.231,W
3/15/25 5:15,0.275,W
3/15/25 5:30,0.269,W
3/15/25 5:45,0.214,W
3/15/25 6:00,0.152,W
3/15/25 6:15,0.239,W
3/15/25 6:30,0.251,W
3/15/25 6:45,0.238,W
3/15/25 7:00,0.264,W
3/15/25 7:15,0.276,W
3/15/25 7:30,0.301,W
3/15/25 7:45,0.727,W
3/15/25 8:00,0.433,W
3/15/25 8:15,0.27,W
3/15/25 8:30,0.318,W
3/15/25 8:45,0.657,W
3/15/25 9:00,0.653,W
3/15/25 9:15,0.623,W
3/15/25 9:30,0.285,W
3/15/25 9:45,0.506,W
3/15/25 10:00,0.328,W
3/15/25 10:15,0.338,W
3/15/25 10:30,0.408,W
3/15/25 10:45,0.395,W
3/15/25 11:00,0.367,W
3/15/25 11:15,0.363,W
3/15/25 11:30,0.654,W
3/15/25 11:45,0.622,W
3/15/25 12:00,0.536,W
3/15/25 12:15,0.22,W
3/15/25 12:30,0.519,W
3/15/25 12:45,0.574,W
3/15/25 13:00,0.594,W
3/15/25 13:15,0.673,W
3/15/25 13:30,0.197,W
3/15/25 13:45,0.175,W
3/15/25 14:00,0.217,W
3/15/25 14:15,0.246,W
3/15/25 14:30,0.241,W
3/15/25 14:45,0.227,W
3/15/25 15:00,0.282,W
3/15/25 15:15,0.76,W
3/15/25 15:30,0.853,W
3/15/25 15:45,0.408,W
3/15/25 16:00,0.455,W
3/15/25 16:15,0.469,W
3/15/25 16:30,0.497,W
3/15/25 16:45,0.606,W
3/15/25 17:00,0.587,W
3/15/25 17:15,0.65,W
3/15/25 17:30,0.664,W
3/15/25 17:45,0.667,W
3/15/25 18:00,0.663,W
3/15/25 18:15,0.624,W
3/15/25 18:30,0.749,W
3/15/25 18:45,1.204,W
3/15/25 19:00,1.028,W
3/15/25 19:15,0.786,W
3/15/25 19:30,1.398,W
3/15/25 19:45,0.728,W
3/15/25 20:00,0.698,W
3/15/25 20:15,0.727,W
3/15/25 20:30,0.64,W
3/15/25 20:45,0.338,W
3/15/25 21:00,0.332,W
3/15/25 21:15,0.298,W
3/15/25 21:30,0.348,W
3/15/25 21:45,0.431,W
3/15/25 22:00,0.378,W
3/15/25 22:15,0.363,W
3/15/25 22:30,0.386,W
3/15/25 22:45,0.363,W
3/15/25 23:00,0.362,W
3/15/25 23:15,0.331,W
3/15/25 23:30,0.252,W
3/15/25 23:45,0.259,W
3/16/25 0:00,0.252,W
3/16/25 0:15,0.23,W
3/16/25 0:30,0.23,W
3/16/25 0:45,0.258,W
3/16/25 1:00,0.253,W
3/16/25 1:15,0.228,W
3/16/25 1:30,0.226,W
3/16/25 1:45,0.244,W
3/16/25 2:00,0.234,W
3/16/25 2:15,0.21,W
3/16/25 2:30,0.221,W
3/16/25 2:45,0.231,W
3/16/25 3:00,0.237,W
3/16/25 3:15,0.235,W
3/16/25 3:30,0.211,W
3/16/25 3:45,0.228,W
3/16/25 4:00,0.261,W
3/16/25 4:15,0.268,W
3/16/25 4:30,0.228,W
3/16/25 4:45,0.232,W
3/16/25 5:00,0.234,W
3/16/25 5:15,0.263,W
3/16/25 5:30,0.241,W
3/16/25 5:45,0.153,W
3/16/25 6:00,0.096,W
3/16/25 6:15,0.108,W
3/16/25 6:30,0.085,W
3/16/25 6:45,0.123,W
3/16/25 7:00,0.153,W
3/16/25 7:15,0.141,W
3/16/25 7:30,0.305,W
3/16/25 7:45,0.206,W
3/16/25 8:00,0.199,W
3/16/25 8:15,0.414,W
3/16/25 8:30,0.585,W
3/16/25 8:45,0.572,W
3/16/25 9:00,0.522,W
3/16/25 9:15,0.277,W
3/16/25 9:30,0.281,W
3/16/25 9:45,0.293,W
3/16/25 10:00,0.246,W
3/16/25 10:15,0.218,W
3/16/25 10:30,0.251,W
3/16/25 10:45,0.216,W
3/16/25 11:00,0.192,W
3/16/25 11:15,0.216,W
3/16/25 11:30,0.263,W
3/16/25 11:45,0.277,W
3/16/25 12:00,0.213,W
3/16/25 12:15,0.226,W
3/16/25 12:30,0.212,W
3/16/25 12:45,0.22,W
3/16/25 13:00,0.231,W
3/16/25 13:15,0.194,W
3/16/25 13:30,0.253,W
3/16/25 13:45,0.256,W
3/16/25 14:00,0.431,W
3/16/25 14:15,0.545,W
3/16/25 14:30,0.587,W
3/16/25 14:45,0.303,W
3/16/25 15:00,0.371,W
3/16/25 15:15,0.3,W
3/16/25 15:30,0.326,W
3/16/25 15:45,0.698,W
3/16/25 16:00,0.682,W
3/16/25 16:15,0.267,W
3/16/25 16:30,0.25,W
3/16/25 16:45,0.28,W
3/16/25 17:00,0.263,W
3/16/25 17:15,0.262,W
3/16/25 17:30,0.246,W
3/16/25 17:45,0.323,W
3/16/25 18:00,0.374,W
3/16/25 18:15,0.32,W
3/16/25 18:30,0.245,W
3/16/25 18:45,0.267,W
3/16/25 19:00,0.27,W
3/16/25 19:15,0.275,W
3/16/25 19:30,0.287,W
3/16/25 19:45,0.281,W
3/16/25 20:00,0.306,W
3/16/25 20:15,0.404,W
3/16/25 20:30,0.358,W
3/16/25 20:45,0.341,W
3/16/25 21:00,0.385,W
3/16/25 21:15,0.4,W
3/16/25 21:30,0.356,W
3/16/25 21:45,0.375,W
3/16/25 22:00,0.38,W
3/16/25 22:15,0.406,W
3/16/25 22:30,0.394,W
3/16/25 22:45,0.361,W
3/16/25 23:00,0.333,W
3/16/25 23:15,0.334,W
3/16/25 23:30,0.321,W
3/16/25 23:45,0.28,W
3/17/25 0:00,0.221,W
3/17/25 0:15,0.224,W
3/17/25 0:30,0.223,W
3/17/25 0:45,0.208,W
3/17/25 1:00,0.227,W
3/17/25 1:15,0.25,W
3/17/25 1:30,0.239,W
3/17/25 1:45,0.212,W
3/17/25 2:00,0.211,W
3/17/25 2:15,0.242,W
3/17/25 2:30,0.248,W
3/17/25 2:45,0.222,W
3/17/25 3:00,0.236,W
3/17/25 3:15,0.253,W
3/17/25 3:30,0.245,W
3/17/25 3:45,0.253,W
3/17/25 4:00,0.241,W
3/17/25 4:15,0.231,W
3/17/25 4:30,0.256,W
3/17/25 4:45,0.26,W
3/17/25 5:00,0.219,W
3/17/25 5:15,0.247,W
3/17/25 5:30,0.254,W
3/17/25 5:45,0.246,W
3/17/25 6:00,0.223,W
3/17/25 6:15,0.174,W
3/17/25 6:30,0.158,W
3/17/25 6:45,0.289,W
3/17/25 7:00,0.272,W
3/17/25 7:15,0.296,W
3/17/25 7:30,0.325,W
3/17/25 7:45,0.354,W
3/17/25 8:00,0.42,W
3/17/25 8:15,0.253,W
3/17/25 8:30,0.268,W
3/17/25 8:45,0.292,W
3/17/25 9:00,0.256,W
3/17/25 9:15,0.244,W
3/17/25 9:30,0.191,W
3/17/25 9:45,0.22,W
3/17/25 10:00,0.231,W
3/17/25 10:15,0.184,W
3/17/25 10:30,0.209,W
3/17/25 10:45,0.25,W
3/17/25 11:00,0.241,W
3/17/25 11:15,0.194,W
3/17/25 11:30,0.223,W
3/17/25 11:45,0.265,W
3/17/25 12:00,0.226,W
3/17/25 12:15,0.234,W
3/17/25 12:30,0.208,W
3/17/25 12:45,0.226,W
3/17/25 13:00,0.213,W
3/17/25 13:15,0.219,W
3/17/25 13:30,0.219,W
3/17/25 13:45,0.413,W
3/17/25 14:00,0.522,W
3/17/25 14:15,0.361,W
3/17/25 14:30,0.263,W
3/17/25 14:45,0.632,W
3/17/25 15:00,0.417,W
3/17/25 15:15,0.439,W
3/17/25 15:30,0.429,W
3/17/25 15:45,0.271,W
3/17/25 16:00,0.405,W
3/17/25 16:15,0.569,W
3/17/25 16:30,0.578,W
3/17/25 16:45,0.232,W
3/17/25 17:00,0.278,W
3/17/25 17:15,0.351,W
3/17/25 17:30,0.524,W
3/17/25 17:45,0.541,W
3/17/25 18:00,0.771,W
3/17/25 18:15,0.824,W
3/17/25 18:30,0.63,W
3/17/25 18:45,0.36,W
3/17/25 19:00,0.799,W
3/17/25 19:15,0.674,W
3/17/25 19:30,0.588,W
3/17/25 19:45,0.673,W
3/17/25 20:00,0.363,W
3/17/25 20:15,0.367,W
3/17/25 20:30,0.369,W
3/17/25 20:45,0.4,W
3/17/25 21:00,0.486,W
3/17/25 21:15,0.525,W
3/17/25 21:30,0.571,W
3/17/25 21:45,0.587,W
3/17/25 22:00,0.582,W
3/17/25 22:15,0.562,W
3/17/25 22:30,0.577,W
3/17/25 22:45,0.389,W
3/17/25 23:00,0.218,W
3/17/25 23:15,0.28,W
3/17/25 23:30,0.293,W
3/17/25 23:45,0.223,W
3/18/25 0:00,0.217,W
3/18/25 0:15,0.231,W
3/18/25 0:30,0.232,W
3/18/25 0:45,0.233,W
3/18/25 1:00,0.21,W
3/18/25 1:15,0.221,W
3/18/25 1:30,0.228,W
3/18/25 1:45,0.228,W
3/18/25 2:00,0.214,W
3/18/25 2:15,0.214,W
3/18/25 2:30,0.253,W
3/18/25 2:45,0.258,W
3/18/25 3:00,0.236,W
3/18/25 3:15,0.229,W
3/18/25 3:30,0.269,W
3/18/25 3:45,0.298,W
3/18/25 4:00,0.253,W
3/18/25 4:15,0.245,W
3/18/25 4:30,0.25,W
3/18/25 4:45,0.244,W
3/18/25 5:00,0.247,W
3/18/25 5:15,0.271,W
3/18/25 5:30,0.236,W
3/18/25 5:45,0.158,W
3/18/25 6:00,0.133,W
3/18/25 6:15,0.105,W
3/18/25 6:30,0.113,W
3/18/25 6:45,0.142,W
3/18/25 7:00,0.135,W
3/18/25 7:15,0.117,W
3/18/25 7:30,0.145,W
3/18/25 7:45,0.424,W
3/18/25 8:00,0.247,W
3/18/25 8:15,0.212,W
3/18/25 8:30,0.271,W
3/18/25 8:45,0.386,W
3/18/25 9:00,0.326,W
3/18/25 9:15,0.26,W
3/18/25 9:30,0.222,W
3/18/25 9:45,0.343,W
3/18/25 10:00,0.292,W
3/18/25 10:15,0.305,W
3/18/25 10:30,0.267,W
3/18/25 10:45,0.219,W
3/18/25 11:00,0.226,W
3/18/25 11:15,0.266,W
3/18/25 11:30,0.223,W
3/18/25 11:45,0.408,W
3/18/25 12:00,0.382,W
3/18/25 12:15,0.265,W
3/18/25 12:30,0.214,W
3/18/25 12:45,0.206,W
3/18/25 13:00,0.24,W
3/18/25 13:15,0.224,W
3/18/25 13:30,0.216,W
3/18/25 13:45,0.222,W
3/18/25 14:00,0.242,W
3/18/25 14:15,0.344,W
3/18/25 14:30,0.256,W
3/18/25 14:45,0.238,W
3/18/25 15:00,0.272,W
3/18/25 15:15,0.284,W
3/18/25 15:30,0.243,W
3/18/25 15:45,0.268,W
3/18/25 16:00,0.267,W
3/18/25 16:15,0.283,W
3/18/25 16:30,0.259,W
3/18/25 16:45,0.244,W
3/18/25 17:00,0.248,W
3/18/25 17:15,0.267,W
3/18/25 17:30,0.266,W
3/18/25 17:45,0.226,W
3/18/25 18:00,0.664,W
3/18/25 18:15,0.338,W
3/18/25 18:30,0.386,W
3/18/25 18:45,0.314,W
3/18/25 19:00,0.345,W
3/18/25 19:15,0.399,W
3/18/25 19:30,0.368,W
3/18/25 19:45,0.354,W
3/18/25 20:00,0.379,W
3/18/25 20:15,0.415,W
3/18/25 20:30,0.38,W
3/18/25 20:45,0.459,W
3/18/25 21:00,0.365,W
3/18/25 21:15,0.356,W
3/18/25 21:30,0.378,W
3/18/25 21:45,0.372,W
3/18/25 22:00,0.374,W
3/18/25 22:15,0.4,W
3/18/25 22:30,0.371,W
3/18/25 22:45,0.34,W
3/18/25 23:00,0.324,W
3/18/25 23:15,0.331,W
3/18/25 23:30,0.343,W
3/18/25 23:45,0.328,W
3/19/25 0:00,0.345,W
3/19/25 0:15,0.281,W
3/19/25 0:30,0.244,W
3/19/25 0:45,0.256,W
3/19/25 1:00,0.242,W
3/19/25 1:15,0.205,W
3/19/25 1:30,0.222,W
3/19/25 1:45,0.239,W
3/19/25 2:00,0.236,W
3/19/25 2:15,0.238,W
3/19/25 2:30,0.258,W
3/19/25 2:45,0.28,W
3/19/25 3:00,0.256,W
3/19/25 3:15,0.236,W
3/19/25 3:30,0.242,W
3/19/25 3:45,0.261,W
3/19/25 4:00,0.255,W
3/19/25 4:15,0.241,W
3/19/25 4:30,0.24,W
3/19/25 4:45,0.247,W
3/19/25 5:00,0.258,W
3/19/25 5:15,0.284,W
3/19/25 5:30,0.269,W
3/19/25 5:45,0.204,W
3/19/25 6:00,0.135,W
3/19/25 6:15,0.079,W
3/19/25 6:30,0.072,W
3/19/25 6:45,0.114,W
3/19/25 7:00,0.11,W
3/19/25 7:15,0.095,W
3/19/25 7:30,0.091,W
3/19/25 7:45,0.378,W
3/19/25 8:00,0.292,W
3/19/25 8:15,0.934,W
3/19/25 8:30,0.588,W
3/19/25 8:45,0.681,W
3/19/25 9:00,1.227,W
3/19/25 9:15,0.692,W
3/19/25 9:30,0.282,W
3/19/25 9:45,0.396,W
3/19/25 10:00,0.289,W
3/19/25 10:15,0.283,W
3/19/25 10:30,0.252,W
3/19/25 10:45,0.243,W
3/19/25 11:00,0.233,W
3/19/25 11:15,0.234,W
3/19/25 11:30,0.194,W
3/19/25 11:45,0.208,W
3/19/25 12:00,0.313,W
3/19/25 12:15,0.219,W
3/19/25 12:30,0.216,W
3/19/25 12:45,0.206,W
3/19/25 13:00,0.211,W
3/19/25 13:15,0.257,W
3/19/25 13:30,0.281,W
3/19/25 13:45,0.265,W
3/19/25 14:00,0.28,W
3/19/25 14:15,0.227,W
3/19/25 14:30,0.244,W
3/19/25 14:45,0.216,W
3/19/25 15:00,0.187,W
3/19/25 15:15,0.228,W
3/19/25 15:30,0.31,W
3/19/25 15:45,0.212,W
3/19/25 16:00,0.246,W
3/19/25 16:15,0.235,W
3/19/25 16:30,0.206,W
3/19/25 16:45,0.259,W
3/19/25 17:00,0.231,W
3/19/25 17:15,0.356,W
3/19/25 17:30,0.77,W
3/19/25 17:45,0.335,W
3/19/25 18:00,0.4,W
3/19/25 18:15,0.385,W
3/19/25 18:30,0.386,W
3/19/25 18:45,0.579,W
3/19/25 19:00,0.344,W
3/19/25 19:15,0.359,W
3/19/25 19:30,0.386,W
3/19/25 19:45,0.432,W
3/19/25 20:00,0.398,W
3/19/25 20:15,0.37,W
3/19/25 20:30,0.377,W
3/19/25 20:45,0.404,W
3/19/25 21:00,0.424,W
3/19/25 21:15,0.53,W
3/19/25 21:30,0.399,W
3/19/25 21:45,0.287,W
3/19/25 22:00,0.357,W
3/19/25 22:15,0.4,W
3/19/25 22:30,0.365,W
3/19/25 22:45,0.334,W
3/19/25 23:00,0.351,W
3/19/25 23:15,0.334,W
3/19/25 23:30,0.286,W
3/19/25 23:45,0.318,W
3/20/25 0:00,0.299,W
3/20/25 0:15,0.281,W
3/20/25 0:30,0.293,W
3/20/25 0:45,0.295,W
3/20/25 1:00,0.277,W
3/20/25 1:15,0.283,W
3/20/25 1:30,0.312,W
3/20/25 1:45,0.292,W
3/20/25 2:00,0.295,W
3/20/25 2:15,0.284,W
3/20/25 2:30,0.31,W
3/20/25 2:45,0.313,W
3/20/25 3:00,0.291,W
3/20/25 3:15,0.281,W
3/20/25 3:30,0.291,W
3/20/25 3:45,0.257,W
3/20/25 4:00,0.269,W
3/20/25 4:15,0.279,W
3/20/25 4:30,0.271,W
3/20/25 4:45,0.257,W
3/20/25 5:00,0.292,W
3/20/25 5:15,0.313,W
3/20/25 5:30,0.294,W
3/20/25 5:45,0.266,W
3/20/25 6:00,0.256,W
3/20/25 6:15,0.25,W
3/20/25 6:30,0.263,W
3/20/25 6:45,0.202,W
3/20/25 7:00,0.154,W
3/20/25 7:15,0.155,W
3/20/25 7:30,0.146,W
3/20/25 7:45,0.322,W
3/20/25 8:00,0.133,W
3/20/25 8:15,0.105,W
3/20/25 8:30,0.086,W
3/20/25 8:45,0.141,W
3/20/25 9:00,0.231,W
3/20/25 9:15,0.201,W
3/20/25 9:30,0.189,W
3/20/25 9:45,0.214,W
3/20/25 10:00,0.24,W
3/20/25 10:15,0.224,W
3/20/25 10:30,0.247,W
3/20/25 10:45,0.224,W
3/20/25 11:00,0.21,W
3/20/25 11:15,0.41,W
3/20/25 11:30,0.351,W
3/20/25 11:45,0.274,W
3/20/25 12:00,0.23,W
3/20/25 12:15,0.508,W
3/20/25 12:30,0.299,W
3/20/25 12:45,0.328,W
3/20/25 13:00,0.326,W
3/20/25 13:15,0.3,W
3/20/25 13:30,0.291,W
3/20/25 13:45,0.565,W
3/20/25 14:00,0.847,W
3/20/25 14:15,0.881,W
3/20/25 14:30,0.988,W
3/20/25 14:45,0.686,W
3/20/25 15:00,0.55,W
3/20/25 15:15,0.326,W
3/20/25 15:30,0.314,W
3/20/25 15:45,0.296,W
3/20/25 16:00,0.321,W
3/20/25 16:15,0.288,W
3/20/25 16:30,0.279,W
3/20/25 16:45,0.281,W
3/20/25 17:00,0.275,W
3/20/25 17:15,0.529,W
3/20/25 17:30,1.176,W
3/20/25 17:45,0.589,W
3/20/25 18:00,0.329,W
3/20/25 18:15,0.467,W
3/20/25 18:30,1.254,W
3/20/25 18:45,1.068,W
3/20/25 19:00,1.072,W
3/20/25 19:15,0.815,W
3/20/25 19:30,0.657,W
3/20/25 19:45,0.67,W
3/20/25 20:00,0.727,W
3/20/25 20:15,0.708,W
3/20/25 20:30,0.684,W
3/20/25 20:45,0.819,W
3/20/25 21:00,0.767,W
3/20/25 21:15,0.774,W
3/20/25 21:30,0.682,W
3/20/25 21:45,0.685,W
3/20/25 22:00,0.729,W
3/20/25 22:15,0.734,W
3/20/25 22:30,0.723,W
3/20/25 22:45,0.478,W
3/20/25 23:00,0.35,W
3/20/25 23:15,0.347,W
3/20/25 23:30,0.387,W
3/20/25 23:45,0.346,W
3/21/25 0:00,0.275,W
3/21/25 0:15,0.271,W
3/21/25 0:30,0.239,W
3/21/25 0:45,0.253,W
3/21/25 1:00,0.242,W
3/21/25 1:15,0.212,W
3/21/25 1:30,0.184,W
3/21/25 1:45,0.21,W
3/21/25 2:00,0.244,W
3/21/25 2:15,0.207,W
3/21/25 2:30,0.185,W
3/21/25 2:45,0.243,W
3/21/25 3:00,0.232,W
3/21/25 3:15,0.212,W
3/21/25 3:30,0.216,W
3/21/25 3:45,0.217,W
3/21/25 4:00,0.206,W
3/21/25 4:15,0.216,W
3/21/25 4:30,0.234,W
3/21/25 4:45,0.226,W
3/21/25 5:00,0.209,W
3/21/25 5:15,0.241,W
3/21/25 5:30,0.257,W
3/21/25 5:45,0.244,W
3/21/25 6:00,0.222,W
3/21/25 6:15,0.195,W
3/21/25 6:30,0.2,W
3/21/25 6:45,0.237,W
3/21/25 7:00,0.24,W
3/21/25 7:15,0.223,W
3/21/25 7:30,0.281,W
3/21/25 7:45,0.307,W
3/21/25 8:00,0.268,W
3/21/25 8:15,0.253,W
3/21/25 8:30,0.234,W
3/21/25 8:45,0.274,W
3/21/25 9:00,0.402,W
3/21/25 9:15,0.302,W
3/21/25 9:30,0.36,W
3/21/25 9:45,0.391,W
3/21/25 10:00,0.365,W
3/21/25 10:15,0.632,W
3/21/25 10:30,0.624,W
3/21/25 10:45,0.641,W
3/21/25 11:00,1.093,W
3/21/25 11:15,0.913,W
3/21/25 11:30,0.512,W
3/21/25 11:45,0.357,W
3/21/25 12:00,0.294,W
3/21/25 12:15,0.267,W
3/21/25 12:30,0.324,W
3/21/25 12:45,0.307,W
3/21/25 13:00,0.281,W
3/21/25 13:15,0.245,W
3/21/25 13:30,0.249,W
3/21/25 13:45,0.635,W
3/21/25 14:00,0.792,W
3/21/25 14:15,0.396,W
3/21/25 14:30,0.402,W
3/21/25 14:45,0.408,W
3/21/25 15:00,0.378,W
3/21/25 15:15,0.201,W
3/21/25 15:30,0.179,W
3/21/25 15:45,0.221,W
3/21/25 16:00,0.235,W
3/21/25 16:15,0.559,W
3/21/25 16:30,0.627,W
3/21/25 16:45,0.232,W
3/21/25 17:00,0.254,W
3/21/25 17:15,0.304,W
3/21/25 17:30,0.985,W
3/21/25 17:45,0.879,W
3/21/25 18:00,0.241,W
3/21/25 18:15,0.38,W
3/21/25 18:30,0.296,W
3/21/25 18:45,0.258,W
3/21/25 19:00,0.326,W
3/21/25 19:15,0.351,W
3/21/25 19:30,0.367,W
3/21/25 19:45,0.357,W
3/21/25 20:00,0.368,W
3/21/25 20:15,0.341,W
3/21/25 20:30,0.351,W
3/21/25 20:45,0.393,W
3/21/25 21:00,0.38,W
3/21/25 21:15,0.323,W
3/21/25 21:30,0.314,W
3/21/25 21:45,0.366,W
3/21/25 22:00,0.36,W
3/21/25 22:15,0.366,W
3/21/25 22:30,0.333,W
3/21/25 22:45,0.372,W
3/21/25 23:00,0.378,W
3/21/25 23:15,0.344,W
3/21/25 23:30,0.328,W
3/21/25 23:45,0.326,W
3/22/25 0:00,0.326,W
3/22/25 0:15,0.327,W
3/22/25 0:30,0.34,W
3/22/25 0:45,0.315,W
3/22/25 1:00,0.314,W
3/22/25 1:15,0.347,W
3/22/25 1:30,0.329,W
3/22/25 1:45,0.236,W
3/22/25 2:00,0.238,W
3/22/25 2:15,0.243,W
3/22/25 2:30,0.232,W
3/22/25 2:45,0.233,W
3/22/25 3:00,0.241,W
3/22/25 3:15,0.251,W
3/22/25 3:30,0.256,W
3/22/25 3:45,0.263,W
3/22/25 4:00,0.206,W
3/22/25 4:15,0.225,W
3/22/25 4:30,0.269,W
3/22/25 4:45,0.222,W
3/22/25 5:00,0.236,W
3/22/25 5:15,0.282,W
3/22/25 5:30,0.267,W
3/22/25 5:45,0.26,W
3/22/25 6:00,0.254,W
3/22/25 6:15,0.22,W
3/22/25 6:30,0.219,W
3/22/25 6:45,0.242,W
3/22/25 7:00,0.244,W
3/22/25 7:15,0.213,W
3/22/25 7:30,0.322,W
3/22/25 7:45,0.961,W
3/22/25 8:00,0.474,W
3/22/25 8:15,0.519,W
3/22/25 8:30,0.226,W
3/22/25 8:45,0.564,W
3/22/25 9:00,0.597,W
3/22/25 9:15,0.606,W
3/22/25 9:30,0.409,W
3/22/25 9:45,0.266,W
3/22/25 10:00,0.26,W
3/22/25 10:15,0.281,W
3/22/25 10:30,0.383,W
3/22/25 10:45,0.355,W
3/22/25 11:00,0.282,W
3/22/25 11:15,0.38,W
3/22/25 11:30,0.431,W
3/22/25 11:45,0.506,W
3/22/25 12:00,0.749,W
3/22/25 12:15,0.738,W
3/22/25 12:30,0.256,W
3/22/25 12:45,0.308,W
3/22/25 13:00,0.255,W
3/22/25 13:15,0.276,W
3/22/25 13:30,0.641,W
3/22/25 13:45,0.56,W
3/22/25 14:00,0.837,W
3/22/25 14:15,0.617,W
3/22/25 14:30,0.766,W
3/22/25 14:45,0.471,W
3/22/25 15:00,0.366,W
3/22/25 15:15,0.346,W
3/22/25 15:30,0.338,W
3/22/25 15:45,0.338,W
3/22/25 16:00,0.293,W
3/22/25 16:15,0.298,W
3/22/25 16:30,0.316,W
3/22/25 16:45,0.275,W
3/22/25 17:00,0.267,W
3/22/25 17:15,0.282,W
3/22/25 17:30,0.317,W
3/22/25 17:45,0.603,W
3/22/25 18:00,1.028,W
3/22/25 18:15,0.42,W
3/22/25 18:30,0.403,W
3/22/25 18:45,0.417,W
3/22/25 19:00,0.375,W
3/22/25 19:15,0.367,W
3/22/25 19:30,0.307,W
3/22/25 19:45,0.285,W
3/22/25 20:00,0.381,W
3/22/25 20:15,0.712,W
3/22/25 20:30,0.371,W
3/22/25 20:45,0.384,W
3/22/25 21:00,0.365,W
3/22/25 21:15,0.406,W
3/22/25 21:30,0.353,W
3/22/25 21:45,0.358,W
3/22/25 22:00,0.396,W
3/22/25 22:15,0.344,W
3/22/25 22:30,0.328,W
3/22/25 22:45,0.345,W
3/22/25 23:00,0.317,W
3/22/25 23:15,0.344,W
3/22/25 23:30,0.263,W
3/22/25 23:45,0.264,W
3/23/25 0:00,0.246,W
3/23/25 0:15,0.244,W
3/23/25 0:30,0.22,W
3/23/25 0:45,0.2,W
3/23/25 1:00,0.229,W
3/23/25 1:15,0.246,W
3/23/25 1:30,0.214,W
3/23/25 1:45,0.215,W
3/23/25 2:00,0.246,W
3/23/25 2:15,0.261,W
3/23/25 2:30,0.25,W
3/23/25 2:45,0.22,W
3/23/25 3:00,0.208,W
3/23/25 3:15,0.218,W
3/23/25 3:30,0.245,W
3/23/25 3:45,0.223,W
3/23/25 4:00,0.198,W
3/23/25 4:15,0.234,W
3/23/25 4:30,0.244,W
3/23/25 4:45,0.217,W
3/23/25 5:00,0.255,W
3/23/25 5:15,0.281,W
3/23/25 5:30,0.268,W
3/23/25 5:45,0.247,W
3/23/25 6:00,0.262,W
3/23/25 6:15,0.237,W
3/23/25 6:30,0.238,W
3/23/25 6:45,0.256,W
3/23/25 7:00,0.256,W
3/23/25 7:15,0.256,W
3/23/25 7:30,0.29,W
3/23/25 7:45,0.43,W
3/23/25 8:00,0.257,W
3/23/25 8:15,0.256,W
3/23/25 8:30,0.253,W
3/23/25 8:45,0.233,W
3/23/25 9:00,0.233,W
3/23/25 9:15,0.236,W
3/23/25 9:30,0.224,W
3/23/25 9:45,0.24,W
3/23/25 10:00,0.25,W
3/23/25 10:15,0.257,W
3/23/25 10:30,0.333,W
3/23/25 10:45,0.321,W
3/23/25 11:00,0.28,W
3/23/25 11:15,0.318,W
3/23/25 11:30,0.201,W
3/23/25 11:45,0.524,W
3/23/25 12:00,0.519,W
3/23/25 12:15,0.288,W
3/23/25 12:30,0.477,W
3/23/25 12:45,0.794,W
3/23/25 13:00,0.808,W
3/23/25 13:15,0.727,W
3/23/25 13:30,0.47,W
3/23/25 13:45,0.442,W
3/23/25 14:00,0.48,W
3/23/25 14:15,0.308,W
3/23/25 14:30,0.247,W
3/23/25 14:45,0.73,W
3/23/25 15:00,0.976,W
3/23/25 15:15,0.363,W
3/23/25 15:30,0.36,W
3/23/25 15:45,0.617,W
3/23/25 16:00,0.611,W
3/23/25 16:15,0.954,W
3/23/25 16:30,0.801,W
3/23/25 16:45,1.137,W
3/23/25 17:00,1.156,W
3/23/25 17:15,0.871,W
3/23/25 17:30,0.726,W
3/23/25 17:45,0.583,W
3/23/25 18:00,0.351,W
3/23/25 18:15,0.394,W
3/23/25 18:30,0.785,W
3/23/25 18:45,1.102,W
3/23/25 19:00,0.523,W
3/23/25 19:15,0.896,W
3/23/25 19:30,0.887,W
3/23/25 19:45,0.435,W
3/23/25 20:00,0.513,W
3/23/25 20:15,0.553,W
3/23/25 20:30,0.511,W
3/23/25 20:45,0.349,W
3/23/25 21:00,0.357,W
3/23/25 21:15,0.351,W
3/23/25 21:30,0.363,W
3/23/25 21:45,0.396,W
3/23/25 22:00,0.417,W
3/23/25 22:15,0.394,W
3/23/25 22:30,0.391,W
3/23/25 22:45,0.373,W
3/23/25 23:00,0.333,W
3/23/25 23:15,0.332,W
3/23/25 23:30,0.309,W
3/23/25 23:45,0.26,W
3/24/25 0:00,0.263,W
3/24/25 0:15,0.276,W
3/24/25 0:30,0.267,W
3/24/25 0:45,0.263,W
3/24/25 1:00,0.265,W
3/24/25 1:15,0.24,W
3/24/25 1:30,0.221,W
3/24/25 1:45,0.255,W
3/24/25 2:00,0.251,W
3/24/25 2:15,0.222,W
3/24/25 2:30,0.246,W
3/24/25 2:45,0.264,W
3/24/25 3:00,0.223,W
3/24/25 3:15,0.224,W
3/24/25 3:30,0.233,W
3/24/25 3:45,0.229,W
3/24/25 4:00,0.142,W
3/24/25 4:15,0.118,W
3/24/25 4:30,0.107,W
3/24/25 4:45,0.128,W
3/24/25 5:00,0.156,W
3/24/25 5:15,0.162,W
3/24/25 5:30,0.115,W
3/24/25 5:45,0.142,W
3/24/25 6:00,0.145,W
3/24/25 6:15,0.218,W
3/24/25 6:30,0.23,W
3/24/25 6:45,0.265,W
3/24/25 7:00,0.272,W
3/24/25 7:15,0.247,W
3/24/25 7:30,0.24,W
3/24/25 7:45,0.451,W
3/24/25 8:00,0.278,W
3/24/25 8:15,0.272,W
3/24/25 8:30,0.244,W
3/24/25 8:45,0.227,W
3/24/25 9:00,0.196,W
3/24/25 9:15,0.223,W
3/24/25 9:30,0.193,W
3/24/25 9:45,0.207,W
3/24/25 10:00,0.216,W
3/24/25 10:15,0.241,W
3/24/25 10:30,0.208,W
3/24/25 10:45,0.463,W
3/24/25 11:00,0.353,W
3/24/25 11:15,0.465,W
3/24/25 11:30,0.453,W
3/24/25 11:45,0.253,W
3/24/25 12:00,0.526,W
3/24/25 12:15,0.543,W
3/24/25 12:30,0.933,W
3/24/25 12:45,0.915,W
3/24/25 13:00,0.26,W
3/24/25 13:15,0.258,W
3/24/25 13:30,0.265,W
3/24/25 13:45,0.248,W
3/24/25 14:00,0.207,W
3/24/25 14:15,0.406,W
3/24/25 14:30,0.299,W
3/24/25 14:45,0.193,W
3/24/25 15:00,0.251,W
3/24/25 15:15,0.26,W
3/24/25 15:30,0.218,W
3/24/25 15:45,0.234,W
3/24/25 16:00,0.254,W
3/24/25 16:15,0.238,W
3/24/25 16:30,0.276,W
3/24/25 16:45,0.237,W
3/24/25 17:00,0.333,W
3/24/25 17:15,0.197,W
3/24/25 17:30,0.165,W
3/24/25 17:45,0.366,W
3/24/25 18:00,0.273,W
3/24/25 18:15,0.403,W
3/24/25 18:30,0.352,W
3/24/25 18:45,0.347,W
3/24/25 19:00,0.345,W
3/24/25 19:15,0.395,W
3/24/25 19:30,0.372,W
3/24/25 19:45,0.363,W
3/24/25 20:00,0.36,W
3/24/25 20:15,0.374,W
3/24/25 20:30,0.406,W
3/24/25 20:45,0.431,W
3/24/25 21:00,0.388,W
3/24/25 21:15,0.37,W
3/24/25 21:30,0.414,W
3/24/25 21:45,0.389,W
3/24/25 22:00,0.357,W
3/24/25 22:15,0.41,W
3/24/25 22:30,0.385,W
3/24/25 22:45,0.336,W
3/24/25 23:00,0.303,W
3/24/25 23:15,0.305,W
3/24/25 23:30,0.262,W
3/24/25 23:45,0.25,W
3/25/25 0:00,0.237,W
3/25/25 0:15,0.222,W
3/25/25 0:30,0.218,W
3/25/25 0:45,0.237,W
3/25/25 1:00,0.223,W
3/25/25 1:15,0.249,W
3/25/25 1:30,0.242,W
3/25/25 1:45,0.238,W
3/25/25 2:00,0.208,W
3/25/25 2:15,0.215,W
3/25/25 2:30,0.259,W
3/25/25 2:45,0.275,W
3/25/25 3:00,0.214,W
3/25/25 3:15,0.094,W
3/25/25 3:30,0.112,W
3/25/25 3:45,0.135,W
3/25/25 4:00,0.178,W
3/25/25 4:15,0.146,W
3/25/25 4:30,0.132,W
3/25/25 4:45,0.177,W
3/25/25 5:00,0.171,W
3/25/25 5:15,0.214,W
3/25/25 5:30,0.242,W
3/25/25 5:45,0.258,W
3/25/25 6:00,0.255,W
3/25/25 6:15,0.23,W
3/25/25 6:30,0.234,W
3/25/25 6:45,0.251,W
3/25/25 7:00,0.245,W
3/25/25 7:15,0.245,W
3/25/25 7:30,0.227,W
3/25/25 7:45,0.398,W
3/25/25 8:00,0.294,W
3/25/25 8:15,0.272,W
3/25/25 8:30,0.213,W
3/25/25 8:45,0.264,W
3/25/25 9:00,0.236,W
3/25/25 9:15,0.239,W
3/25/25 9:30,0.255,W
3/25/25 9:45,0.267,W
3/25/25 10:00,0.268,W
3/25/25 10:15,0.241,W
3/25/25 10:30,0.245,W
3/25/25 10:45,0.241,W
3/25/25 11:00,0.244,W
3/25/25 11:15,0.279,W
3/25/25 11:30,0.247,W
3/25/25 11:45,0.307,W
3/25/25 12:00,0.311,W
3/25/25 12:15,0.305,W
3/25/25 12:30,0.573,W
3/25/25 12:45,0.316,W
3/25/25 13:00,0.706,W
3/25/25 13:15,0.258,W
3/25/25 13:30,0.264,W
3/25/25 13:45,0.217,W
3/25/25 14:00,0.398,W
3/25/25 14:15,0.616,W
3/25/25 14:30,0.585,W
3/25/25 14:45,0.587,W
3/25/25 15:00,0.557,W
3/25/25 15:15,1.014,W
3/25/25 15:30,0.849,W
3/25/25 15:45,0.912,W
3/25/25 16:00,0.817,W
3/25/25 16:15,0.424,W
3/25/25 16:30,0.748,W
3/25/25 16:45,0.364,W
3/25/25 17:00,0.461,W
3/25/25 17:15,0.255,W
3/25/25 17:30,0.268,W
3/25/25 17:45,0.234,W
3/25/25 18:00,0.228,W
3/25/25 18:15,0.616,W
3/25/25 18:30,0.632,W
3/25/25 18:45,0.601,W
3/25/25 19:00,0.331,W
3/25/25 19:15,0.356,W
3/25/25 19:30,0.397,W
3/25/25 19:45,0.38,W
3/25/25 20:00,0.376,W
3/25/25 20:15,0.352,W
3/25/25 20:30,0.356,W
3/25/25 20:45,0.356,W
3/25/25 21:00,0.359,W
3/25/25 21:15,0.385,W
3/25/25 21:30,0.358,W
3/25/25 21:45,0.351,W
3/25/25 22:00,0.412,W
3/25/25 22:15,0.456,W
3/25/25 22:30,0.42,W
3/25/25 22:45,0.385,W
3/25/25 23:00,0.341,W
3/25/25 23:15,0.317,W
3/25/25 23:30,0.356,W
3/25/25 23:45,0.367,W
3/26/25 0:00,0.516,W
3/26/25 0:15,0.267,W
3/26/25 0:30,0.27,W
3/26/25 0:45,0.278,W
3/26/25 1:00,0.271,W
3/26/25 1:15,0.207,W
3/26/25 1:30,0.132,W
3/26/25 1:45,0.216,W
3/26/25 2:00,0.244,W
3/26/25 2:15,0.217,W
3/26/25 2:30,0.251,W
3/26/25 2:45,0.268,W
3/26/25 3:00,0.27,W
3/26/25 3:15,0.254,W
3/26/25 3:30,0.252,W
3/26/25 3:45,0.235,W
3/26/25 4:00,0.232,W
3/26/25 4:15,0.223,W
3/26/25 4:30,0.22,W
3/26/25 4:45,0.22,W
3/26/25 5:00,0.231,W
3/26/25 5:15,0.237,W
3/26/25 5:30,0.217,W
3/26/25 5:45,0.262,W
3/26/25 6:00,0.24,W
3/26/25 6:15,0.203,W
3/26/25 6:30,0.207,W
3/26/25 6:45,0.26,W
3/26/25 7:00,0.236,W
3/26/25 7:15,0.211,W
3/26/25 7:30,0.217,W
3/26/25 7:45,0.383,W
3/26/25 8:00,0.257,W
3/26/25 8:15,0.261,W
3/26/25 8:30,0.322,W
3/26/25 8:45,0.304,W
3/26/25 9:00,0.22,W
3/26/25 9:15,0.216,W
3/26/25 9:30,0.309,W
3/26/25 9:45,0.284,W
3/26/25 10:00,0.321,W
3/26/25 10:15,0.297,W
3/26/25 10:30,0.233,W
3/26/25 10:45,0.248,W
3/26/25 11:00,0.277,W
3/26/25 11:15,0.241,W
3/26/25 11:30,0.233,W
3/26/25 11:45,0.241,W
3/26/25 12:00,0.26,W
3/26/25 12:15,0.264,W
3/26/25 12:30,0.232,W
3/26/25 12:45,0.566,W
3/26/25 13:00,0.457,W
3/26/25 13:15,0.352,W
3/26/25 13:30,0.249,W
3/26/25 13:45,0.22,W
3/26/25 14:00,0.266,W
3/26/25 14:15,0.291,W
3/26/25 14:30,0.291,W
3/26/25 14:45,0.297,W
3/26/25 15:00,0.535,W
3/26/25 15:15,0.561,W
3/26/25 15:30,0.564,W
3/26/25 15:45,0.45,W
3/26/25 16:00,0.214,W
3/26/25 16:15,0.241,W
3/26/25 16:30,0.237,W
3/26/25 16:45,0.21,W
3/26/25 17:00,0.208,W
3/26/25 17:15,0.216,W
3/26/25 17:30,0.223,W
3/26/25 17:45,0.367,W
3/26/25 18:00,0.279,W
3/26/25 18:15,0.342,W
3/26/25 18:30,0.332,W
3/26/25 18:45,0.278,W
3/26/25 19:00,0.53,W
3/26/25 19:15,0.486,W
3/26/25 19:30,0.41,W
3/26/25 19:45,0.458,W
3/26/25 20:00,0.366,W
3/26/25 20:15,0.372,W
3/26/25 20:30,0.392,W
3/26/25 20:45,0.368,W
3/26/25 21:00,0.37,W
3/26/25 21:15,0.353,W
3/26/25 21:30,0.436,W
3/26/25 21:45,0.375,W
3/26/25 22:00,0.354,W
3/26/25 22:15,0.377,W
3/26/25 22:30,0.389,W
3/26/25 22:45,0.39,W
3/26/25 23:00,0.348,W
3/26/25 23:15,0.336,W
3/26/25 23:30,0.338,W
3/26/25 23:45,0.243,W
3/27/25 0:00,0.218,W
3/27/25 0:15,0.201,W
3/27/25 0:30,0.216,W
3/27/25 0:45,0.219,W
3/27/25 1:00,0.235,W
3/27/25 1:15,0.225,W
3/27/25 1:30,0.212,W
3/27/25 1:45,0.233,W
3/27/25 2:00,0.235,W
3/27/25 2:15,0.213,W
3/27/25 2:30,0.202,W
3/27/25 2:45,0.235,W
3/27/25 3:00,0.269,W
3/27/25 3:15,0.212,W
3/27/25 3:30,0.217,W
3/27/25 3:45,0.243,W
3/27/25 4:00,0.224,W
3/27/25 4:15,0.221,W
3/27/25 4:30,0.218,W
3/27/25 4:45,0.239,W
3/27/25 5:00,0.23,W
3/27/25 5:15,0.218,W
3/27/25 5:30,0.094,W
3/27/25 5:45,0.198,W
3/27/25 6:00,0.252,W
3/27/25 6:15,0.244,W
3/27/25 6:30,0.223,W
3/27/25 6:45,0.25,W
3/27/25 7:00,0.306,W
3/27/25 7:15,0.294,W
3/27/25 7:30,0.234,W
3/27/25 7:45,0.327,W
3/27/25 8:00,0.265,W
3/27/25 8:15,0.222,W
3/27/25 8:30,0.219,W
3/27/25 8:45,0.237,W
3/27/25 9:00,0.221,W
3/27/25 9:15,0.254,W
3/27/25 9:30,0.241,W
3/27/25 9:45,0.224,W
3/27/25 10:00,0.335,W
3/27/25 10:15,0.625,W
3/27/25 10:30,0.903,W
3/27/25 10:45,0.447,W
3/27/25 11:00,0.407,W
3/27/25 11:15,0.292,W
3/27/25 11:30,0.448,W
3/27/25 11:45,0.533,W
3/27/25 12:00,0.45,W
3/27/25 12:15,0.662,W
3/27/25 12:30,0.472,W
3/27/25 12:45,0.314,W
3/27/25 13:00,0.288,W
3/27/25 13:15,0.34,W
3/27/25 13:30,0.307,W
3/27/25 13:45,0.271,W
3/27/25 14:00,0.28,W
3/27/25 14:15,0.265,W
3/27/25 14:30,0.248,W
3/27/25 14:45,0.26,W
3/27/25 15:00,0.468,W
3/27/25 15:15,0.643,W
3/27/25 15:30,0.985,W
3/27/25 15:45,0.623,W
3/27/25 16:00,0.815,W
3/27/25 16:15,0.751,W
3/27/25 16:30,0.717,W
3/27/25 16:45,0.304,W
3/27/25 17:00,0.321,W
3/27/25 17:15,0.315,W
3/27/25 17:30,0.408,W
3/27/25 17:45,0.307,W
3/27/25 18:00,0.429,W
3/27/25 18:15,0.405,W
3/27/25 18:30,0.389,W
3/27/25 18:45,0.432,W
3/27/25 19:00,0.366,W
3/27/25 19:15,0.345,W
3/27/25 19:30,0.401,W
3/27/25 19:45,0.625,W
3/27/25 20:00,0.379,W
3/27/25 20:15,0.451,W
3/27/25 20:30,0.39,W
3/27/25 20:45,0.41,W
3/27/25 21:00,0.42,W
3/27/25 21:15,0.376,W
3/27/25 21:30,0.36,W
3/27/25 21:45,0.388,W
3/27/25 22:00,0.35,W
3/27/25 22:15,0.336,W
3/27/25 22:30,0.371,W
3/27/25 22:45,0.365,W
3/27/25 23:00,0.34,W
3/27/25 23:15,0.329,W
3/27/25 23:30,0.335,W
3/27/25 23:45,0.322,W
3/28/25 0:00,0.258,W
3/28/25 0:15,0.225,W
3/28/25 0:30,0.242,W
3/28/25 0:45,0.254,W
3/28/25 1:00,0.234,W
3/28/25 1:15,0.228,W
3/28/25 1:30,0.234,W
3/28/25 1:45,0.237,W
3/28/25 2:00,0.255,W
3/28/25 2:15,0.239,W
3/28/25 2:30,0.201,W
3/28/25 2:45,0.135,W
3/28/25 3:00,0.158,W
3/28/25 3:15,0.127,W
3/28/25 3:30,0.111,W
3/28/25 3:45,0.12,W
3/28/25 4:00,0.12,W
3/28/25 4:15,0.124,W
3/28/25 4:30,0.133,W
3/28/25 4:45,0.17,W
3/28/25 5:00,0.25,W
3/28/25 5:15,0.305,W
3/28/25 5:30,0.28,W
3/28/25 5:45,0.251,W
3/28/25 6:00,0.27,W
3/28/25 6:15,0.25,W
3/28/25 6:30,0.276,W
3/28/25 6:45,1.035,W
3/28/25 7:00,0.931,W
3/28/25 7:15,0.491,W
3/28/25 7:30,0.279,W
3/28/25 7:45,0.428,W
3/28/25 8:00,0.481,W
3/28/25 8:15,0.46,W
3/28/25 8:30,0.458,W
3/28/25 8:45,0.426,W
3/28/25 9:00,0.433,W
3/28/25 9:15,0.485,W
3/28/25 9:30,0.477,W
3/28/25 9:45,0.327,W
3/28/25 10:00,0.287,W
3/28/25 10:15,0.283,W
3/28/25 10:30,0.527,W
3/28/25 10:45,1.017,W
3/28/25 11:00,1.2,W
3/28/25 11:15,1.637,W
3/28/25 11:30,0.655,W
3/28/25 11:45,0.822,W
3/28/25 12:00,0.77,W
3/28/25 12:15,0.265,W
3/28/25 12:30,0.267,W
3/28/25 12:45,0.272,W
3/28/25 13:00,0.27,W
3/28/25 13:15,0.414,W
3/28/25 13:30,0.44,W
3/28/25 13:45,0.469,W
3/28/25 14:00,0.514,W
3/28/25 14:15,0.775,W
3/28/25 14:30,0.518,W
3/28/25 14:45,0.61,W
3/28/25 15:00,1.16,W
3/28/25 15:15,0.744,W
3/28/25 15:30,0.712,W
3/28/25 15:45,0.686,W
3/28/25 16:00,1.077,W
3/28/25 16:15,0.961,W
3/28/25 16:30,0.792,W
3/28/25 16:45,0.402,W
3/28/25 17:00,0.457,W
3/28/25 17:15,0.807,W
3/28/25 17:30,0.753,W
3/28/25 17:45,0.569,W
3/28/25 18:00,1.315,W
3/28/25 18:15,1.335,W
3/28/25 18:30,0.632,W
3/28/25 18:45,0.393,W
3/28/25 19:00,0.395,W
3/28/25 19:15,0.409,W
3/28/25 19:30,0.509,W
3/28/25 19:45,0.934,W
3/28/25 20:00,1.543,W
3/28/25 20:15,1.138,W
3/28/25 20:30,0.81,W
3/28/25 20:45,1.408,W
3/28/25 21:00,0.789,W
3/28/25 21:15,0.731,W
3/28/25 21:30,0.718,W
3/28/25 21:45,0.719,W
3/28/25 22:00,1.103,W
3/28/25 22:15,1.216,W
3/28/25 22:30,0.941,W
3/28/25 22:45,0.64,W
3/28/25 23:00,0.36,W
3/28/25 23:15,0.343,W
3/28/25 23:30,0.331,W
3/28/25 23:45,0.252,W
3/29/25 0:00,0.181,W
3/29/25 0:15,0.237,W
3/29/25 0:30,0.213,W
3/29/25 0:45,0.193,W
3/29/25 1:00,0.219,W
3/29/25 1:15,0.226,W
3/29/25 1:30,0.219,W
3/29/25 1:45,0.235,W
3/29/25 2:00,0.218,W
3/29/25 2:15,0.225,W
3/29/25 2:30,0.217,W
3/29/25 2:45,0.193,W
3/29/25 3:00,0.21,W
3/29/25 3:15,0.225,W
3/29/25 3:30,0.213,W
3/29/25 3:45,0.212,W
3/29/25 4:00,0.227,W
3/29/25 4:15,0.257,W
3/29/25 4:30,0.24,W
3/29/25 4:45,0.215,W
3/29/25 5:00,0.217,W
3/29/25 5:15,0.257,W
3/29/25 5:30,0.252,W
3/29/25 5:45,0.24,W
3/29/25 6:00,0.231,W
3/29/25 6:15,0.256,W
3/29/25 6:30,0.279,W
3/29/25 6:45,0.272,W
3/29/25 7:00,0.297,W
3/29/25 7:15,0.27,W
3/29/25 7:30,0.265,W
3/29/25 7:45,0.397,W
3/29/25 8:00,0.243,W
3/29/25 8:15,0.262,W
3/29/25 8:30,0.243,W
3/29/25 8:45,0.259,W
3/29/25 9:00,0.384,W
3/29/25 9:15,0.31,W
3/29/25 9:30,0.437,W
3/29/25 9:45,0.383,W
3/29/25 10:00,0.48,W
3/29/25 10:15,0.508,W
3/29/25 10:30,0.488,W
3/29/25 10:45,0.341,W
3/29/25 11:00,0.336,W
3/29/25 11:15,0.399,W
3/29/25 11:30,1.219,W
3/29/25 11:45,0.868,W
3/29/25 12:00,0.266,W
3/29/25 12:15,0.253,W
3/29/25 12:30,0.306,W
3/29/25 12:45,0.393,W
3/29/25 13:00,0.533,W
3/29/25 13:15,0.518,W
3/29/25 13:30,0.716,W
3/29/25 13:45,0.375,W
3/29/25 14:00,0.292,W
3/29/25 14:15,0.291,W
3/29/25 14:30,0.272,W
3/29/25 14:45,0.269,W
3/29/25 15:00,0.284,W
3/29/25 15:15,0.286,W
3/29/25 15:30,0.328,W
3/29/25 15:45,0.468,W
3/29/25 16:00,0.226,W
3/29/25 16:15,0.39,W
3/29/25 16:30,0.419,W
3/29/25 16:45,0.284,W
3/29/25 17:00,0.258,W
3/29/25 17:15,0.255,W
3/29/25 17:30,0.296,W
3/29/25 17:45,0.338,W
3/29/25 18:00,0.369,W
3/29/25 18:15,0.43,W
3/29/25 18:30,0.342,W
3/29/25 18:45,0.344,W
3/29/25 19:00,0.367,W
3/29/25 19:15,0.367,W
3/29/25 19:30,0.352,W
3/29/25 19:45,0.378,W
3/29/25 20:00,0.378,W
3/29/25 20:15,0.338,W
3/29/25 20:30,0.352,W
3/29/25 20:45,0.286,W
3/29/25 21:00,0.308,W
3/29/25 21:15,0.337,W
3/29/25 21:30,0.358,W
3/29/25 21:45,0.345,W
3/29/25 22:00,0.341,W
3/29/25 22:15,0.382,W
3/29/25 22:30,0.362,W
3/29/25 22:45,0.368,W
3/29/25 23:00,0.333,W
3/29/25 23:15,0.285,W
3/29/25 23:30,0.284,W
3/29/25 23:45,0.249,W
3/30/25 0:00,0.255,W
3/30/25 0:15,0.244,W
3/30/25 0:30,0.246,W
3/30/25 0:45,0.229,W
3/30/25 1:00,0.23,W
3/30/25 1:15,0.25,W
3/30/25 1:30,0.219,W
3/30/25 1:45,0.21,W
3/30/25 2:00,0.224,W
3/30/25 2:15,0.237,W
3/30/25 2:30,0.226,W
3/30/25 2:45,0.237,W
3/30/25 3:00,0.229,W
3/30/25 3:15,0.224,W
3/30/25 3:30,0.218,W
3/30/25 3:45,0.209,W
3/30/25 4:00,0.23,W
3/30/25 4:15,0.248,W
3/30/25 4:30,0.237,W
3/30/25 4:45,0.208,W
3/30/25 5:00,0.24,W
3/30/25 5:15,0.265,W
3/30/25 5:30,0.225,W
3/30/25 5:45,0.236,W
3/30/25 6:00,0.241,W
3/30/25 6:15,0.246,W
3/30/25 6:30,0.239,W
3/30/25 6:45,0.24,W
3/30/25 7:00,0.248,W
3/30/25 7:15,0.304,W
3/30/25 7:30,0.327,W
3/30/25 7:45,0.406,W
3/30/25 8:00,0.242,W
3/30/25 8:15,0.274,W
3/30/25 8:30,0.256,W
3/30/25 8:45,0.234,W
3/30/25 9:00,0.233,W
3/30/25 9:15,0.286,W
3/30/25 9:30,0.264,W
3/30/25 9:45,0.249,W
3/30/25 10:00,0.286,W
3/30/25 10:15,0.293,W
3/30/25 10:30,0.291,W
3/30/25 10:45,0.257,W
3/30/25 11:00,0.239,W
3/30/25 11:15,0.29,W
3/30/25 11:30,0.306,W
3/30/25 11:45,0.358,W
3/30/25 12:00,0.307,W
3/30/25 12:15,0.345,W
3/30/25 12:30,0.614,W
3/30/25 12:45,0.646,W
3/30/25 13:00,0.559,W
3/30/25 13:15,0.248,W
3/30/25 13:30,0.261,W
3/30/25 13:45,0.229,W
3/30/25 14:00,0.203,W
3/30/25 14:15,0.221,W
3/30/25 14:30,0.218,W
3/30/25 14:45,0.211,W
3/30/25 15:00,0.226,W
3/30/25 15:15,0.254,W
3/30/25 15:30,0.23,W
3/30/25 15:45,0.363,W
3/30/25 16:00,0.347,W
3/30/25 16:15,0.261,W
3/30/25 16:30,0.291,W
3/30/25 16:45,0.305,W
3/30/25 17:00,0.416,W
3/30/25 17:15,0.39,W
3/30/25 17:30,0.34,W
3/30/25 17:45,0.361,W
3/30/25 18:00,0.336,W
3/30/25 18:15,0.381,W
3/30/25 18:30,0.346,W
3/30/25 18:45,0.358,W
3/30/25 19:00,0.347,W
3/30/25 19:15,0.333,W
3/30/25 19:30,0.371,W
3/30/25 19:45,0.416,W
3/30/25 20:00,0.39,W
3/30/25 20:15,0.375,W
3/30/25 20:30,0.391,W
3/30/25 20:45,0.397,W
3/30/25 21:00,0.377,W
3/30/25 21:15,0.365,W
3/30/25 21:30,0.442,W
3/30/25 21:45,0.406,W
3/30/25 22:00,0.414,W
3/30/25 22:15,0.403,W
3/30/25 22:30,0.382,W
3/30/25 22:45,0.395,W
3/30/25 23:00,0.394,W
3/30/25 23:15,0.338,W
3/30/25 23:30,0.263,W
3/30/25 23:45,0.259,W
3/31/25 0:00,0.246,W
3/31/25 0:15,0.265,W
3/31/25 0:30,0.233,W
3/31/25 0:45,0.231,W
3/31/25 1:00,0.239,W
3/31/25 1:15,0.237,W
3/31/25 1:30,0.207,W
3/31/25 1:45,0.118,W
3/31/25 2:00,0.153,W
3/31/25 2:15,0.113,W
3/31/25 2:30,0.108,W
3/31/25 2:45,0.127,W
3/31/25 3:00,0.125,W
3/31/25 3:15,0.111,W
3/31/25 3:30,0.171,W
3/31/25 3:45,0.229,W
3/31/25 4:00,0.25,W
3/31/25 4:15,0.243,W
3/31/25 4:30,0.247,W
3/31/25 4:45,0.252,W
3/31/25 5:00,0.295,W
3/31/25 5:15,0.322,W
3/31/25 5:30,0.28,W
3/31/25 5:45,0.259,W
3/31/25 6:00,0.291,W
3/31/25 6:15,0.266,W
3/31/25 6:30,0.227,W
3/31/25 6:45,0.244,W
3/31/25 7:00,0.265,W
3/31/25 7:15,0.272,W
3/31/25 7:30,0.278,W
3/31/25 7:45,0.388,W
3/31/25 8:00,0.245,W
3/31/25 8:15,0.27,W
3/31/25 8:30,0.229,W
3/31/25 8:45,0.248,W
3/31/25 9:00,0.242,W
3/31/25 9:15,0.252,W
3/31/25 9:30,0.244,W
3/31/25 9:45,0.246,W
3/31/25 10:00,0.261,W
3/31/25 10:15,0.244,W
3/31/25 10:30,0.255,W
3/31/25 10:45,0.322,W
3/31/25 11:00,0.291,W
3/31/25 11:15,0.507,W
3/31/25 11:30,0.585,W
3/31/25 11:45,0.332,W
3/31/25 12:00,0.221,W
3/31/25 12:15,0.684,W
3/31/25 12:30,0.517,W
3/31/25 12:45,0.603,W
3/31/25 13:00,0.272,W
3/31/25 13:15,0.217,W
3/31/25 13:30,0.252,W
3/31/25 13:45,0.208,W
3/31/25 14:00,0.199,W
3/31/25 14:15,0.236,W
3/31/25 14:30,0.236,W
3/31/25 14:45,0.219,W
3/31/25 15:00,0.247,W
3/31/25 15:15,0.257,W
3/31/25 15:30,0.212,W
3/31/25 15:45,0.249,W
3/31/25 16:00,0.277,W
3/31/25 16:15,0.235,W
3/31/25 16:30,0.234,W
3/31/25 16:45,0.22,W
3/31/25 17:00,0.221,W
3/31/25 17:15,0.266,W
3/31/25 17:30,0.309,W
3/31/25 17:45,0.318,W
3/31/25 18:00,0.335,W
3/31/25 18:15,0.269,W
3/31/25 18:30,0.436,W
3/31/25 18:45,0.402,W
3/31/25 19:00,0.391,W
3/31/25 19:15,0.394,W
3/31/25 19:30,0.395,W
3/31/25 19:45,0.36,W
3/31/25 20:00,0.361,W
3/31/25 20:15,0.374,W
3/31/25 20:30,0.409,W
3/31/25 20:45,0.458,W
3/31/25 21:00,0.604,W
3/31/25 21:15,0.559,W
3/31/25 21:30,0.656,W
3/31/25 21:45,0.475,W
3/31/25 22:00,0.389,W
3/31/25 22:15,0.363,W
3/31/25 22:30,0.408,W
3/31/25 22:45,0.361,W
3/31/25 23:00,0.266,W
3/31/25 23:15,0.294,W
3/31/25 23:30,0.309,W
3/31/25 23:45,0.284,W
4/1/25 0:00,0.307,W
4/1/25 0:15,0.288,W
4/1/25 0:30,0.288,W
4/1/25 0:45,0.276,W
4/1/25 1:00,0.29,W
4/1/25 1:15,0.274,W
4/1/25 1:30,0.264,W
4/1/25 1:45,0.293,W
4/1/25 2:00,0.215,W
4/1/25 2:15,0.147,W
4/1/25 2:30,0.164,W
4/1/25 2:45,0.158,W
4/1/25 3:00,0.144,W
4/1/25 3:15,0.144,W
4/1/25 3:30,0.148,W
4/1/25 3:45,0.173,W
4/1/25 4:00,0.306,W
4/1/25 4:15,0.257,W
4/1/25 4:30,0.259,W
4/1/25 4:45,0.311,W
4/1/25 5:00,0.275,W
4/1/25 5:15,0.283,W
4/1/25 5:30,0.268,W
4/1/25 5:45,0.275,W
4/1/25 6:00,0.272,W
4/1/25 6:15,0.264,W
4/1/25 6:30,0.261,W
4/1/25 6:45,0.268,W
4/1/25 7:00,0.307,W
4/1/25 7:15,0.297,W
4/1/25 7:30,0.26,W
4/1/25 7:45,0.439,W
4/1/25 8:00,0.279,W
4/1/25 8:15,0.296,W
4/1/25 8:30,0.25,W
4/1/25 8:45,0.273,W
4/1/25 9:00,0.295,W
4/1/25 9:15,0.199,W
4/1/25 9:30,0.217,W
4/1/25 9:45,0.334,W
4/1/25 10:00,0.336,W
4/1/25 10:15,0.279,W
4/1/25 10:30,0.265,W
4/1/25 10:45,0.242,W
4/1/25 11:00,0.263,W
4/1/25 11:15,0.4,W
4/1/25 11:30,0.322,W
4/1/25 11:45,0.343,W
4/1/25 12:00,0.774,W
4/1/25 12:15,0.694,W
4/1/25 12:30,0.66,W
4/1/25 12:45,0.317,W
4/1/25 13:00,0.235,W
4/1/25 13:15,0.244,W
4/1/25 13:30,0.253,W
4/1/25 13:45,0.222,W
4/1/25 14:00,0.25,W
4/1/25 14:15,0.278,W
4/1/25 14:30,0.266,W
4/1/25 14:45,0.264,W
4/1/25 15:00,0.299,W
4/1/25 15:15,0.274,W
4/1/25 15:30,0.3,W
4/1/25 15:45,0.415,W
4/1/25 16:00,0.361,W
4/1/25 16:15,0.442,W
4/1/25 16:30,0.44,W
4/1/25 16:45,0.359,W
4/1/25 17:00,0.397,W
4/1/25 17:15,0.836,W
4/1/25 17:30,0.822,W
4/1/25 17:45,0.334,W
4/1/25 18:00,0.308,W
4/1/25 18:15,0.348,W
4/1/25 18:30,0.368,W
4/1/25 18:45,0.337,W
4/1/25 19:00,0.336,W
4/1/25 19:15,0.383,W
4/1/25 19:30,0.39,W
4/1/25 19:45,0.334,W
4/1/25 20:00,0.385,W
4/1/25 20:15,0.411,W
4/1/25 20:30,0.392,W
4/1/25 20:45,0.392,W
4/1/25 21:00,0.366,W
4/1/25 21:15,0.345,W
4/1/25 21:30,0.368,W
4/1/25 21:45,0.378,W
4/1/25 22:00,0.39,W
4/1/25 22:15,0.369,W
4/1/25 22:30,0.368,W
4/1/25 22:45,0.36,W
4/1/25 23:00,0.266,W
4/1/25 23:15,0.229,W
4/1/25 23:30,0.256,W
4/1/25 23:45,0.247,W
4/2/25 0:00,0.213,W
4/2/25 0:15,0.243,W
4/2/25 0:30,0.272,W
4/2/25 0:45,0.261,W
4/2/25 1:00,0.16,W
4/2/25 1:15,0.095,W
4/2/25 1:30,0.082,W
4/2/25 1:45,0.096,W
4/2/25 2:00,0.102,W
4/2/25 2:15,0.081,W
4/2/25 2:30,0.097,W
4/2/25 2:45,0.137,W
4/2/25 3:00,0.206,W
4/2/25 3:15,0.226,W
4/2/25 3:30,0.221,W
4/2/25 3:45,0.227,W
4/2/25 4:00,0.223,W
4/2/25 4:15,0.22,W
4/2/25 4:30,0.207,W
4/2/25 4:45,0.216,W
4/2/25 5:00,0.243,W
4/2/25 5:15,0.25,W
4/2/25 5:30,0.238,W
4/2/25 5:45,0.257,W
4/2/25 6:00,0.25,W
4/2/25 6:15,0.206,W
4/2/25 6:30,0.212,W
4/2/25 6:45,0.213,W
4/2/25 7:00,0.102,W
4/2/25 7:15,0.087,W
4/2/25 7:30,0.103,W
4/2/25 7:45,0.638,W
4/2/25 8:00,0.953,W
4/2/25 8:15,0.222,W
4/2/25 8:30,0.397,W
4/2/25 8:45,0.61,W
4/2/25 9:00,0.164,W
4/2/25 9:15,0.201,W
4/2/25 9:30,0.228,W
4/2/25 9:45,0.252,W
4/2/25 10:00,0.262,W
4/2/25 10:15,0.279,W
4/2/25 10:30,0.41,W
4/2/25 10:45,0.49,W
4/2/25 11:00,0.633,W
4/2/25 11:15,0.765,W
4/2/25 11:30,0.748,W
4/2/25 11:45,0.417,W
4/2/25 12:00,0.285,W
4/2/25 12:15,0.267,W
4/2/25 12:30,0.275,W
4/2/25 12:45,0.279,W
4/2/25 13:00,0.436,W
4/2/25 13:15,0.247,W
4/2/25 13:30,0.36,W
4/2/25 13:45,0.37,W
4/2/25 14:00,0.388,W
4/2/25 14:15,0.42,W
4/2/25 14:30,0.395,W
4/2/25 14:45,0.382,W
4/2/25 15:00,0.414,W
4/2/25 15:15,0.425,W
4/2/25 15:30,0.278,W
4/2/25 15:45,0.217,W
4/2/25 16:00,0.218,W
4/2/25 16:15,0.236,W
4/2/25 16:30,0.243,W
4/2/25 16:45,0.257,W
4/2/25 17:00,0.282,W
4/2/25 17:15,0.281,W
4/2/25 17:30,0.274,W
4/2/25 17:45,0.252,W
4/2/25 18:00,0.379,W
4/2/25 18:15,0.321,W
4/2/25 18:30,0.533,W
4/2/25 18:45,0.843,W
4/2/25 19:00,0.719,W
4/2/25 19:15,0.659,W
4/2/25 19:30,0.387,W
4/2/25 19:45,0.373,W
4/2/25 20:00,0.384,W
4/2/25 20:15,0.501,W
4/2/25 20:30,0.431,W
4/2/25 20:45,0.405,W
4/2/25 21:00,0.387,W
4/2/25 21:15,0.381,W
4/2/25 21:30,0.371,W
4/2/25 21:45,0.355,W
4/2/25 22:00,0.37,W
4/2/25 22:15,0.39,W
4/2/25 22:30,0.374,W
4/2/25 22:45,0.354,W
4/2/25 23:00,0.298,W
4/2/25 23:15,0.293,W
4/2/25 23:30,0.324,W
4/2/25 23:45,0.307,W
4/3/25 0:00,0.249,W
4/3/25 0:15,0.255,W
4/3/25 0:30,0.238,W
4/3/25 0:45,0.218,W
4/3/25 1:00,0.223,W
4/3/25 1:15,0.227,W
4/3/25 1:30,0.23,W
4/3/25 1:45,0.222,W
4/3/25 2:00,0.21,W
4/3/25 2:15,0.211,W
4/3/25 2:30,0.239,W
4/3/25 2:45,0.235,W
4/3/25 3:00,0.201,W
4/3/25 3:15,0.197,W
4/3/25 3:30,0.246,W
4/3/25 3:45,0.24,W
4/3/25 4:00,0.2,W
4/3/25 4:15,0.209,W
4/3/25 4:30,0.221,W
4/3/25 4:45,0.235,W
4/3/25 5:00,0.214,W
4/3/25 5:15,0.217,W
4/3/25 5:30,0.232,W
4/3/25 5:45,0.224,W
4/3/25 6:00,0.115,W
4/3/25 6:15,0.107,W
4/3/25 6:30,0.132,W
4/3/25 6:45,0.121,W
4/3/25 7:00,0.135,W
4/3/25 7:15,0.156,W
4/3/25 7:30,0.114,W
4/3/25 7:45,0.281,W
4/3/25 8:00,0.26,W
4/3/25 8:15,0.206,W
4/3/25 8:30,0.187,W
4/3/25 8:45,0.252,W
4/3/25 9:00,0.259,W
4/3/25 9:15,0.198,W
4/3/25 9:30,0.218,W
4/3/25 9:45,0.214,W
4/3/25 10:00,0.193,W
4/3/25 10:15,0.209,W
4/3/25 10:30,0.21,W
4/3/25 10:45,0.313,W
4/3/25 11:00,0.358,W
4/3/25 11:15,0.515,W
4/3/25 11:30,0.688,W
4/3/25 11:45,0.49,W
4/3/25 12:00,0.33,W
4/3/25 12:15,0.353,W
4/3/25 12:30,0.575,W
4/3/25 12:45,0.313,W
4/3/25 13:00,0.315,W
4/3/25 13:15,0.295,W
4/3/25 13:30,0.282,W
4/3/25 13:45,0.307,W
4/3/25 14:00,0.285,W
4/3/25 14:15,0.342,W
4/3/25 14:30,0.457,W
4/3/25 14:45,0.517,W
4/3/25 15:00,0.495,W
4/3/25 15:15,0.443,W
4/3/25 15:30,0.449,W
4/3/25 15:45,0.294,W
4/3/25 16:00,0.302,W
4/3/25 16:15,0.264,W
4/3/25 16:30,0.288,W
4/3/25 16:45,0.316,W
4/3/25 17:00,0.493,W
4/3/25 17:15,0.643,W
4/3/25 17:30,0.561,W
4/3/25 17:45,0.266,W
4/3/25 18:00,0.271,W
4/3/25 18:15,0.417,W
4/3/25 18:30,0.757,W
4/3/25 18:45,0.629,W
4/3/25 19:00,0.646,W
4/3/25 19:15,0.597,W
4/3/25 19:30,0.355,W
4/3/25 19:45,0.37,W
4/3/25 20:00,0.36,W
4/3/25 20:15,0.351,W
4/3/25 20:30,0.387,W
4/3/25 20:45,0.391,W
4/3/25 21:00,0.534,W
4/3/25 21:15,0.495,W
4/3/25 21:30,0.387,W
4/3/25 21:45,0.389,W
4/3/25 22:00,0.366,W
4/3/25 22:15,0.359,W
4/3/25 22:30,0.348,W
4/3/25 22:45,0.324,W
4/3/25 23:00,0.288,W
4/3/25 23:15,0.239,W
4/3/25 23:30,0.229,W
4/3/25 23:45,0.249,W
4/4/25 0:00,0.229,W
4/4/25 0:15,0.202,W
4/4/25 0:30,0.205,W
4/4/25 0:45,0.226,W
4/4/25 1:00,0.258,W
4/4/25 1:15,0.213,W
4/4/25 1:30,0.204,W
4/4/25 1:45,0.219,W
4/4/25 2:00,0.243,W
4/4/25 2:15,0.229,W
4/4/25 2:30,0.23,W
4/4/25 2:45,0.241,W
4/4/25 3:00,0.254,W
4/4/25 3:15,0.269,W
4/4/25 3:30,0.244,W
4/4/25 3:45,0.156,W
4/4/25 4:00,0.154,W
4/4/25 4:15,0.143,W
4/4/25 4:30,0.132,W
4/4/25 4:45,0.121,W
4/4/25 5:00,0.144,W
4/4/25 5:15,0.152,W
4/4/25 5:30,0.15,W
4/4/25 5:45,0.163,W
4/4/25 6:00,0.29,W
4/4/25 6:15,0.297,W
4/4/25 6:30,0.265,W
4/4/25 6:45,0.233,W
4/4/25 7:00,0.27,W
4/4/25 7:15,0.306,W
4/4/25 7:30,0.261,W
4/4/25 7:45,0.34,W
4/4/25 8:00,0.33,W
4/4/25 8:15,0.306,W
4/4/25 8:30,0.265,W
4/4/25 8:45,0.253,W
4/4/25 9:00,0.27,W
4/4/25 9:15,0.275,W
4/4/25 9:30,0.245,W
4/4/25 9:45,0.238,W
4/4/25 10:00,0.218,W
4/4/25 10:15,0.259,W
4/4/25 10:30,0.269,W
4/4/25 10:45,0.231,W
4/4/25 11:00,0.236,W
4/4/25 11:15,0.324,W
4/4/25 11:30,0.295,W
4/4/25 11:45,0.599,W
4/4/25 12:00,0.645,W
4/4/25 12:15,0.286,W
4/4/25 12:30,0.325,W
4/4/25 12:45,0.301,W
4/4/25 13:00,0.324,W
4/4/25 13:15,0.292,W
4/4/25 13:30,0.516,W
4/4/25 13:45,0.513,W
4/4/25 14:00,0.337,W
4/4/25 14:15,0.3,W
4/4/25 14:30,0.63,W
4/4/25 14:45,0.571,W
4/4/25 15:00,0.23,W
4/4/25 15:15,0.257,W
4/4/25 15:30,0.577,W
4/4/25 15:45,0.611,W
4/4/25 16:00,0.684,W
4/4/25 16:15,0.966,W
4/4/25 16:30,1.07,W
4/4/25 16:45,1.019,W
4/4/25 17:00,0.605,W
4/4/25 17:15,0.631,W
4/4/25 17:30,0.955,W
4/4/25 17:45,1.463,W
4/4/25 18:00,0.797,W
4/4/25 18:15,0.677,W
4/4/25 18:30,0.435,W
4/4/25 18:45,0.399,W
4/4/25 19:00,0.39,W
4/4/25 19:15,0.362,W
4/4/25 19:30,0.373,W
4/4/25 19:45,0.344,W
4/4/25 20:00,0.344,W
4/4/25 20:15,0.391,W
4/4/25 20:30,0.373,W
4/4/25 20:45,0.392,W
4/4/25 21:00,0.43,W
4/4/25 21:15,0.379,W
4/4/25 21:30,0.376,W
4/4/25 21:45,0.371,W
4/4/25 22:00,0.371,W
4/4/25 22:15,0.359,W
4/4/25 22:30,0.362,W
4/4/25 22:45,0.354,W
4/4/25 23:00,0.345,W
4/4/25 23:15,0.281,W
4/4/25 23:30,0.311,W
4/4/25 23:45,0.29,W
4/5/25 0:00,0.237,W
4/5/25 0:15,0.237,W
4/5/25 0:30,0.242,W
4/5/25 0:45,0.234,W
4/5/25 1:00,0.232,W
4/5/25 1:15,0.226,W
4/5/25 1:30,0.221,W
4/5/25 1:45,0.266,W
4/5/25 2:00,0.246,W
4/5/25 2:15,0.226,W
4/5/25 2:30,0.247,W
4/5/25 2:45,0.249,W
4/5/25 3:00,0.247,W
4/5/25 3:15,0.245,W
4/5/25 3:30,0.224,W
4/5/25 3:45,0.23,W
4/5/25 4:00,0.266,W
4/5/25 4:15,0.26,W
4/5/25 4:30,0.21,W
4/5/25 4:45,0.233,W
4/5/25 5:00,0.248,W
4/5/25 5:15,0.254,W
4/5/25 5:30,0.229,W
4/5/25 5:45,0.235,W
4/5/25 6:00,0.243,W
4/5/25 6:15,0.247,W
4/5/25 6:30,0.25,W
4/5/25 6:45,0.245,W
4/5/25 7:00,0.222,W
4/5/25 7:15,0.309,W
4/5/25 7:30,0.786,W
4/5/25 7:45,0.344,W
4/5/25 8:00,0.393,W
4/5/25 8:15,0.336,W
4/5/25 8:30,1.003,W
4/5/25 8:45,0.626,W
4/5/25 9:00,0.323,W
4/5/25 9:15,0.946,W
4/5/25 9:30,0.693,W
4/5/25 9:45,0.28,W
4/5/25 10:00,0.317,W
4/5/25 10:15,0.643,W
4/5/25 10:30,1.025,W
4/5/25 10:45,0.774,W
4/5/25 11:00,0.825,W
4/5/25 11:15,0.944,W
4/5/25 11:30,0.747,W
4/5/25 11:45,0.807,W
4/5/25 12:00,0.708,W
4/5/25 12:15,0.356,W
4/5/25 12:30,0.318,W
4/5/25 12:45,0.319,W
4/5/25 13:00,0.299,W
4/5/25 13:15,0.284,W
4/5/25 13:30,0.288,W
4/5/25 13:45,0.471,W
4/5/25 14:00,0.791,W
4/5/25 14:15,0.293,W
4/5/25 14:30,0.309,W
4/5/25 14:45,0.376,W
4/5/25 15:00,0.341,W
4/5/25 15:15,0.295,W
4/5/25 15:30,0.293,W
4/5/25 15:45,0.688,W
4/5/25 16:00,0.649,W
4/5/25 16:15,0.669,W
4/5/25 16:30,0.312,W
4/5/25 16:45,0.352,W
4/5/25 17:00,0.373,W
4/5/25 17:15,0.348,W
4/5/25 17:30,0.327,W
4/5/25 17:45,0.341,W
4/5/25 18:00,0.368,W
4/5/25 18:15,0.426,W
4/5/25 18:30,0.374,W
4/5/25 18:45,0.323,W
4/5/25 19:00,0.322,W
4/5/25 19:15,0.38,W
4/5/25 19:30,0.352,W
4/5/25 19:45,0.332,W
4/5/25 20:00,0.39,W
4/5/25 20:15,0.496,W
4/5/25 20:30,0.386,W
4/5/25 20:45,0.347,W
4/5/25 21:00,0.38,W
4/5/25 21:15,0.373,W
4/5/25 21:30,0.343,W
4/5/25 21:45,0.403,W
4/5/25 22:00,0.451,W
4/5/25 22:15,0.459,W
4/5/25 22:30,0.428,W
4/5/25 22:45,0.373,W
4/5/25 23:00,0.387,W
4/5/25 23:15,0.33,W
4/5/25 23:30,0.28,W
4/5/25 23:45,0.341,W
4/6/25 0:00,0.307,W
4/6/25 0:15,0.248,W
4/6/25 0:30,0.256,W
4/6/25 0:45,0.25,W
4/6/25 1:00,0.235,W
4/6/25 1:15,0.236,W
4/6/25 1:30,0.274,W
4/6/25 1:45,0.265,W
4/6/25 2:00,0.232,W
4/6/25 2:15,0.231,W
4/6/25 2:30,0.268,W
4/6/25 2:45,0.257,W
4/6/25 3:00,0.236,W
4/6/25 3:15,0.248,W
4/6/25 3:30,0.259,W
4/6/25 3:45,0.248,W
4/6/25 4:00,0.25,W
4/6/25 4:15,0.232,W
4/6/25 4:30,0.258,W
4/6/25 4:45,0.266,W
4/6/25 5:00,0.233,W
4/6/25 5:15,0.245,W
4/6/25 5:30,0.265,W
4/6/25 5:45,0.259,W
4/6/25 6:00,0.192,W
4/6/25 6:15,0.132,W
4/6/25 6:30,0.144,W
4/6/25 6:45,0.129,W
4/6/25 7:00,0.139,W
4/6/25 7:15,0.133,W
4/6/25 7:30,0.187,W
4/6/25 7:45,0.341,W
4/6/25 8:00,0.24,W
4/6/25 8:15,0.397,W
4/6/25 8:30,0.495,W
4/6/25 8:45,0.304,W
4/6/25 9:00,0.269,W
4/6/25 9:15,0.22,W
4/6/25 9:30,0.237,W
4/6/25 9:45,0.271,W
4/6/25 10:00,0.268,W
4/6/25 10:15,0.254,W
4/6/25 10:30,0.229,W
4/6/25 10:45,0.239,W
4/6/25 11:00,0.242,W
4/6/25 11:15,0.23,W
4/6/25 11:30,0.255,W
4/6/25 11:45,0.271,W
4/6/25 12:00,0.26,W
4/6/25 12:15,0.304,W
4/6/25 12:30,0.223,W
4/6/25 12:45,0.193,W
4/6/25 13:00,0.22,W
4/6/25 13:15,0.225,W
4/6/25 13:30,0.21,W
4/6/25 13:45,0.847,W
4/6/25 14:00,0.47,W
4/6/25 14:15,0.769,W
4/6/25 14:30,0.725,W
4/6/25 14:45,0.606,W
4/6/25 15:00,0.236,W
4/6/25 15:15,0.25,W
4/6/25 15:30,0.23,W
4/6/25 15:45,0.236,W
4/6/25 16:00,0.219,W
4/6/25 16:15,0.27,W
4/6/25 16:30,0.291,W
4/6/25 16:45,0.217,W
4/6/25 17:00,0.206,W
4/6/25 17:15,0.267,W
4/6/25 17:30,0.528,W
4/6/25 17:45,0.562,W
4/6/25 18:00,0.834,W
4/6/25 18:15,1.382,W
4/6/25 18:30,0.706,W
4/6/25 18:45,0.534,W
4/6/25 19:00,0.581,W
4/6/25 19:15,0.841,W
4/6/25 19:30,0.859,W
4/6/25 19:45,0.709,W
4/6/25 20:00,0.603,W
4/6/25 20:15,0.392,W
4/6/25 20:30,0.405,W
4/6/25 20:45,0.408,W
4/6/25 21:00,0.383,W
4/6/25 21:15,0.369,W
4/6/25 21:30,0.457,W
4/6/25 21:45,0.427,W
4/6/25 22:00,0.295,W
4/6/25 22:15,0.347,W
4/6/25 22:30,0.416,W
4/6/25 22:45,0.33,W
4/6/25 23:00,0.279,W
4/6/25 23:15,0.243,W
4/6/25 23:30,0.232,W
4/6/25 23:45,0.295,W
4/7/25 0:00,0.275,W
4/7/25 0:15,0.235,W
4/7/25 0:30,0.21,W
4/7/25 0:45,0.248,W
4/7/25 1:00,0.249,W
4/7/25 1:15,0.204,W
4/7/25 1:30,0.225,W
4/7/25 1:45,0.26,W
4/7/25 2:00,0.24,W
4/7/25 2:15,0.242,W
4/7/25 2:30,0.244,W
4/7/25 2:45,0.225,W
4/7/25 3:00,0.25,W
4/7/25 3:15,0.26,W
4/7/25 3:30,0.211,W
4/7/25 3:45,0.217,W
4/7/25 4:00,0.248,W
4/7/25 4:15,0.219,W
4/7/25 4:30,0.209,W
4/7/25 4:45,0.225,W
4/7/25 5:00,0.113,W
4/7/25 5:15,0.125,W
4/7/25 5:30,0.127,W
4/7/25 5:45,0.12,W
4/7/25 6:00,0.12,W
4/7/25 6:15,0.131,W
4/7/25 6:30,0.159,W
4/7/25 6:45,0.112,W
4/7/25 7:00,0.147,W
4/7/25 7:15,0.291,W
4/7/25 7:30,0.381,W
4/7/25 7:45,0.366,W
4/7/25 8:00,0.267,W
4/7/25 8:15,0.239,W
4/7/25 8:30,0.216,W
4/7/25 8:45,0.221,W
4/7/25 9:00,0.191,W
4/7/25 9:15,0.202,W
4/7/25 9:30,0.226,W
4/7/25 9:45,0.211,W
4/7/25 10:00,0.223,W
4/7/25 10:15,0.234,W
4/7/25 10:30,0.234,W
4/7/25 10:45,0.212,W
4/7/25 11:00,0.191,W
4/7/25 11:15,0.245,W
4/7/25 11:30,0.315,W
4/7/25 11:45,0.338,W
4/7/25 12:00,0.229,W
4/7/25 12:15,0.222,W
4/7/25 12:30,0.207,W
4/7/25 12:45,0.244,W
4/7/25 13:00,0.214,W
4/7/25 13:15,0.196,W
4/7/25 13:30,0.237,W
4/7/25 13:45,0.231,W
4/7/25 14:00,0.215,W
4/7/25 14:15,0.21,W
4/7/25 14:30,0.219,W
4/7/25 14:45,0.247,W
4/7/25 15:00,0.221,W
4/7/25 15:15,0.207,W
4/7/25 15:30,0.246,W
4/7/25 15:45,0.211,W
4/7/25 16:00,0.237,W
4/7/25 16:15,0.251,W
4/7/25 16:30,0.224,W
4/7/25 16:45,0.217,W
4/7/25 17:00,0.248,W
4/7/25 17:15,0.235,W
4/7/25 17:30,0.207,W
4/7/25 17:45,0.25,W
4/7/25 18:00,0.392,W
4/7/25 18:15,0.838,W
4/7/25 18:30,0.713,W
4/7/25 18:45,0.718,W
4/7/25 19:00,0.846,W
4/7/25 19:15,0.955,W
4/7/25 19:30,1.09,W
4/7/25 19:45,1.43,W
4/7/25 20:00,0.787,W
4/7/25 20:15,0.781,W
4/7/25 20:30,0.723,W
4/7/25 20:45,0.743,W
4/7/25 21:00,0.741,W
4/7/25 21:15,0.728,W
4/7/25 21:30,0.731,W
4/7/25 21:45,0.706,W
4/7/25 22:00,0.828,W
4/7/25 22:15,0.759,W
4/7/25 22:30,0.747,W
4/7/25 22:45,0.74,W
4/7/25 23:00,0.728,W
4/7/25 23:15,0.623,W
4/7/25 23:30,0.427,W
4/7/25 23:45,0.273,W
4/8/25 0:00,0.243,W
4/8/25 0:15,0.215,W
4/8/25 0:30,0.265,W
4/8/25 0:45,0.263,W
4/8/25 1:00,0.229,W
4/8/25 1:15,0.217,W
4/8/25 1:30,0.203,W
4/8/25 1:45,0.236,W
4/8/25 2:00,0.282,W
4/8/25 2:15,0.269,W
4/8/25 2:30,0.209,W
4/8/25 2:45,0.233,W
4/8/25 3:00,0.243,W
4/8/25 3:15,0.224,W
4/8/25 3:30,0.23,W
4/8/25 3:45,0.217,W
4/8/25 4:00,0.254,W
4/8/25 4:15,0.286,W
4/8/25 4:30,0.245,W
4/8/25 4:45,0.237,W
4/8/25 5:00,0.271,W
4/8/25 5:15,0.275,W
4/8/25 5:30,0.243,W
4/8/25 5:45,0.248,W
4/8/25 6:00,0.233,W
4/8/25 6:15,0.255,W
4/8/25 6:30,0.241,W
4/8/25 6:45,0.215,W
4/8/25 7:00,0.129,W
4/8/25 7:15,0.383,W
4/8/25 7:30,0.261,W
4/8/25 7:45,0.211,W
4/8/25 8:00,0.207,W
4/8/25 8:15,0.249,W
4/8/25 8:30,0.222,W
4/8/25 8:45,0.208,W
4/8/25 9:00,0.207,W
4/8/25 9:15,0.231,W
4/8/25 9:30,0.236,W
4/8/25 9:45,0.241,W
4/8/25 10:00,0.219,W
4/8/25 10:15,0.215,W
4/8/25 10:30,0.255,W
4/8/25 10:45,0.385,W
4/8/25 11:00,0.242,W
4/8/25 11:15,0.209,W
4/8/25 11:30,0.214,W
4/8/25 11:45,0.231,W
4/8/25 12:00,0.218,W
4/8/25 12:15,0.224,W
4/8/25 12:30,0.249,W
4/8/25 12:45,0.216,W
4/8/25 13:00,0.236,W
4/8/25 13:15,0.238,W
4/8/25 13:30,0.229,W
4/8/25 13:45,0.225,W
4/8/25 14:00,0.274,W
4/8/25 14:15,0.21,W
4/8/25 14:30,0.204,W
4/8/25 14:45,0.432,W
4/8/25 15:00,0.323,W
4/8/25 15:15,0.41,W
4/8/25 15:30,0.446,W
4/8/25 15:45,0.236,W
4/8/25 16:00,0.273,W
4/8/25 16:15,0.389,W
4/8/25 16:30,0.69,W
4/8/25 16:45,0.158,W
4/8/25 17:00,0.255,W
4/8/25 17:15,0.162,W
4/8/25 17:30,0.225,W
4/8/25 17:45,0.195,W
4/8/25 18:00,0.207,W
4/8/25 18:15,0.294,W
4/8/25 18:30,0.767,W
4/8/25 18:45,0.496,W
4/8/25 19:00,0.545,W
4/8/25 19:15,0.761,W
4/8/25 19:30,0.429,W
4/8/25 19:45,0.392,W
4/8/25 20:00,0.39,W
4/8/25 20:15,0.383,W
4/8/25 20:30,0.434,W
4/8/25 20:45,0.377,W
4/8/25 21:00,0.345,W
4/8/25 21:15,0.356,W
4/8/25 21:30,0.374,W
4/8/25 21:45,0.4,W
4/8/25 22:00,0.42,W
4/8/25 22:15,0.41,W
4/8/25 22:30,0.397,W
4/8/25 22:45,0.378,W
4/8/25 23:00,0.368,W
4/8/25 23:15,0.357,W
4/8/25 23:30,0.37,W
4/8/25 23:45,0.387,W
4/9/25 0:00,0.397,W
4/9/25 0:15,0.363,W
4/9/25 0:30,0.302,W
4/9/25 0:45,0.277,W
4/9/25 1:00,0.248,W
4/9/25 1:15,0.232,W
4/9/25 1:30,0.138,W
4/9/25 1:45,0.134,W
4/9/25 2:00,0.121,W
4/9/25 2:15,0.131,W
4/9/25 2:30,0.115,W
4/9/25 2:45,0.129,W
4/9/25 3:00,0.121,W
4/9/25 3:15,0.111,W
4/9/25 3:30,0.174,W
4/9/25 3:45,0.225,W
4/9/25 4:00,0.253,W
4/9/25 4:15,0.214,W
4/9/25 4:30,0.202,W
4/9/25 4:45,0.221,W
4/9/25 5:00,0.234,W
4/9/25 5:15,0.245,W
4/9/25 5:30,0.217,W
4/9/25 5:45,0.205,W
4/9/25 6:00,0.222,W
4/9/25 6:15,0.227,W
4/9/25 6:30,0.211,W
4/9/25 6:45,0.215,W
4/9/25 7:00,0.235,W
4/9/25 7:15,0.23,W
4/9/25 7:30,0.245,W
4/9/25 7:45,0.307,W
4/9/25 8:00,0.288,W
4/9/25 8:15,0.228,W
4/9/25 8:30,0.32,W
4/9/25 8:45,0.983,W
4/9/25 9:00,1.614,W
4/9/25 9:15,0.8,W
4/9/25 9:30,0.653,W
4/9/25 9:45,0.521,W
4/9/25 10:00,0.295,W
4/9/25 10:15,0.294,W
4/9/25 10:30,0.306,W
4/9/25 10:45,0.292,W
4/9/25 11:00,0.39,W
4/9/25 11:15,1.112,W
4/9/25 11:30,0.62,W
4/9/25 11:45,0.303,W
4/9/25 12:00,0.358,W
4/9/25 12:15,0.301,W
4/9/25 12:30,0.309,W
4/9/25 12:45,0.292,W
4/9/25 13:00,0.289,W
4/9/25 13:15,0.329,W
4/9/25 13:30,0.317,W
4/9/25 13:45,0.246,W
4/9/25 14:00,0.354,W
4/9/25 14:15,0.476,W
4/9/25 14:30,0.594,W
4/9/25 14:45,0.36,W
4/9/25 15:00,0.298,W
4/9/25 15:15,0.429,W
4/9/25 15:30,1.026,W
4/9/25 15:45,0.332,W
4/9/25 16:00,0.252,W
4/9/25 16:15,0.574,W
4/9/25 16:30,0.52,W
4/9/25 16:45,0.524,W
4/9/25 17:00,0.45,W
4/9/25 17:15,0.519,W
4/9/25 17:30,0.498,W
4/9/25 17:45,0.701,W
4/9/25 18:00,0.961,W
4/9/25 18:15,0.905,W
4/9/25 18:30,0.468,W
4/9/25 18:45,0.409,W
4/9/25 19:00,0.386,W
4/9/25 19:15,0.376,W
4/9/25 19:30,0.402,W
4/9/25 19:45,0.379,W
4/9/25 20:00,0.498,W
4/9/25 20:15,0.636,W
4/9/25 20:30,0.899,W
4/9/25 20:45,0.767,W
4/9/25 21:00,0.562,W
4/9/25 21:15,0.616,W
4/9/25 21:30,0.669,W
4/9/25 21:45,0.666,W
4/9/25 22:00,0.487,W
4/9/25 22:15,0.375,W
4/9/25 22:30,0.367,W
4/9/25 22:45,0.377,W
4/9/25 23:00,0.37,W
4/9/25 23:15,0.342,W
4/9/25 23:30,0.341,W
4/9/25 23:45,0.365,W
4/10/25 0:00,0.337,W
4/10/25 0:15,0.322,W
4/10/25 0:30,0.309,W
4/10/25 0:45,0.258,W
4/10/25 1:00,0.232,W
4/10/25 1:15,0.213,W
4/10/25 1:30,0.204,W
4/10/25 1:45,0.239,W
4/10/25 2:00,0.241,W
4/10/25 2:15,0.216,W
4/10/25 2:30,0.229,W
4/10/25 2:45,0.226,W
4/10/25 3:00,0.23,W
4/10/25 3:15,0.22,W
4/10/25 3:30,0.201,W
4/10/25 3:45,0.226,W
4/10/25 4:00,0.226,W
4/10/25 4:15,0.201,W
4/10/25 4:30,0.214,W
4/10/25 4:45,0.217,W
4/10/25 5:00,0.25,W
4/10/25 5:15,0.268,W
4/10/25 5:30,0.231,W
4/10/25 5:45,0.231,W
4/10/25 6:00,0.231,W
4/10/25 6:15,0.211,W
4/10/25 6:30,0.205,W
4/10/25 6:45,0.216,W
4/10/25 7:00,0.225,W
4/10/25 7:15,0.227,W
4/10/25 7:30,0.256,W
4/10/25 7:45,0.368,W
4/10/25 8:00,0.272,W
4/10/25 8:15,0.28,W
4/10/25 8:30,0.627,W
4/10/25 8:45,0.61,W
4/10/25 9:00,0.594,W
4/10/25 9:15,0.442,W
4/10/25 9:30,0.254,W
4/10/25 9:45,0.247,W
4/10/25 10:00,0.295,W
4/10/25 10:15,0.602,W
4/10/25 10:30,0.385,W
4/10/25 10:45,0.311,W
4/10/25 11:00,0.421,W
4/10/25 11:15,0.327,W
4/10/25 11:30,0.239,W
4/10/25 11:45,0.256,W
4/10/25 12:00,0.307,W
4/10/25 12:15,0.366,W
4/10/25 12:30,0.4,W
4/10/25 12:45,0.261,W
4/10/25 13:00,0.244,W
4/10/25 13:15,0.239,W
4/10/25 13:30,0.244,W
4/10/25 13:45,0.228,W
4/10/25 14:00,0.263,W
4/10/25 14:15,0.262,W
4/10/25 14:30,0.279,W
4/10/25 14:45,0.291,W
4/10/25 15:00,0.677,W
4/10/25 15:15,0.643,W
4/10/25 15:30,0.642,W
4/10/25 15:45,0.646,W
4/10/25 16:00,0.62,W
4/10/25 16:15,0.625,W
4/10/25 16:30,0.284,W
4/10/25 16:45,0.299,W
4/10/25 17:00,0.284,W
4/10/25 17:15,0.284,W
4/10/25 17:30,0.374,W
4/10/25 17:45,0.966,W
4/10/25 18:00,0.415,W
4/10/25 18:15,0.314,W
4/10/25 18:30,0.334,W
4/10/25 18:45,0.396,W
4/10/25 19:00,0.371,W
4/10/25 19:15,0.357,W
4/10/25 19:30,0.38,W
4/10/25 19:45,0.382,W
4/10/25 20:00,0.451,W
4/10/25 20:15,0.393,W
4/10/25 20:30,0.35,W
4/10/25 20:45,0.366,W
4/10/25 21:00,0.385,W
4/10/25 21:15,0.334,W
4/10/25 21:30,0.35,W
4/10/25 21:45,0.339,W
4/10/25 22:00,0.357,W
4/10/25 22:15,0.414,W
4/10/25 22:30,0.431,W
4/10/25 22:45,0.354,W
4/10/25 23:00,0.372,W
4/10/25 23:15,0.342,W
4/10/25 23:30,0.329,W
4/10/25 23:45,0.342,W
4/11/25 0:00,0.319,W
4/11/25 0:15,0.322,W
4/11/25 0:30,0.929,W
4/11/25 0:45,0.406,W
4/11/25 1:00,0.351,W
4/11/25 1:15,0.818,W
4/11/25 1:30,0.203,W
4/11/25 1:45,0.216,W
4/11/25 2:00,0.208,W
4/11/25 2:15,0.232,W
4/11/25 2:30,0.241,W
4/11/25 2:45,0.218,W
4/11/25 3:00,0.219,W
4/11/25 3:15,0.237,W
4/11/25 3:30,0.169,W
4/11/25 3:45,0.125,W
4/11/25 4:00,0.072,W
4/11/25 4:15,0.098,W
4/11/25 4:30,0.103,W
4/11/25 4:45,0.087,W
4/11/25 5:00,0.101,W
4/11/25 5:15,0.129,W
4/11/25 5:30,0.192,W
4/11/25 5:45,0.239,W
4/11/25 6:00,0.288,W
4/11/25 6:15,0.236,W
4/11/25 6:30,0.227,W
4/11/25 6:45,0.233,W
4/11/25 7:00,0.257,W
4/11/25 7:15,0.236,W
4/11/25 7:30,0.256,W
4/11/25 7:45,0.336,W
4/11/25 8:00,0.207,W
4/11/25 8:15,0.243,W
4/11/25 8:30,0.798,W
4/11/25 8:45,0.739,W
4/11/25 9:00,0.616,W
4/11/25 9:15,0.414,W
4/11/25 9:30,0.277,W
4/11/25 9:45,0.255,W
4/11/25 10:00,0.245,W
4/11/25 10:15,0.219,W
4/11/25 10:30,0.277,W
4/11/25 10:45,0.289,W
4/11/25 11:00,0.275,W
4/11/25 11:15,0.324,W
4/11/25 11:30,0.348,W
4/11/25 11:45,0.499,W
4/11/25 12:00,0.36,W
4/11/25 12:15,0.704,W
4/11/25 12:30,0.509,W
4/11/25 12:45,0.438,W
4/11/25 13:00,0.463,W
4/11/25 13:15,0.462,W
4/11/25 13:30,0.233,W
4/11/25 13:45,0.225,W
4/11/25 14:00,0.222,W
4/11/25 14:15,0.228,W
4/11/25 14:30,0.254,W
4/11/25 14:45,0.238,W
4/11/25 15:00,0.252,W
4/11/25 15:15,0.357,W
4/11/25 15:30,0.301,W
4/11/25 15:45,0.52,W
4/11/25 16:00,0.504,W
4/11/25 16:15,0.402,W
4/11/25 16:30,0.566,W
4/11/25 16:45,0.359,W
4/11/25 17:00,0.373,W
4/11/25 17:15,0.286,W
4/11/25 17:30,0.287,W
4/11/25 17:45,0.325,W
4/11/25 18:00,0.463,W
4/11/25 18:15,0.309,W
4/11/25 18:30,0.48,W
4/11/25 18:45,0.52,W
4/11/25 19:00,0.32,W
4/11/25 19:15,0.419,W
4/11/25 19:30,0.4,W
4/11/25 19:45,0.405,W
4/11/25 20:00,0.406,W
4/11/25 20:15,0.443,W
4/11/25 20:30,0.392,W
4/11/25 20:45,0.375,W
4/11/25 21:00,0.365,W
4/11/25 21:15,0.361,W
4/11/25 21:30,0.391,W
4/11/25 21:45,0.394,W
4/11/25 22:00,0.401,W
4/11/25 22:15,0.39,W
4/11/25 22:30,0.354,W
4/11/25 22:45,0.351,W
4/11/25 23:00,0.366,W
4/11/25 23:15,0.362,W
4/11/25 23:30,0.337,W
4/11/25 23:45,0.337,W
4/12/25 0:00,0.305,W
4/12/25 0:15,0.266,W
4/12/25 0:30,0.249,W
4/12/25 0:45,0.226,W
4/12/25 1:00,0.242,W
4/12/25 1:15,0,-
4/12/25 1:30,0,-
4/12/25 1:45,0,-
4/12/25 2:00,0,-
4/12/25 2:15,0.258,W
4/12/25 2:30,0.263,W
4/12/25 2:45,0.251,W
4/12/25 3:00,0.255,W
4/12/25 3:15,0.245,W
4/12/25 3:30,0.162,W
4/12/25 3:45,0.128,W
4/12/25 4:00,0.106,W
4/12/25 4:15,0.111,W
4/12/25 4:30,0.119,W
4/12/25 4:45,0.118,W
4/12/25 5:00,0.081,W
4/12/25 5:15,0.121,W
4/12/25 5:30,0.218,W
4/12/25 5:45,0.241,W
4/12/25 6:00,0.221,W
4/12/25 6:15,0.22,W
4/12/25 6:30,0.226,W
4/12/25 6:45,0.238,W
4/12/25 7:00,0.262,W
4/12/25 7:15,0.229,W
4/12/25 7:30,0.232,W
4/12/25 7:45,0.415,W
4/12/25 8:00,0.275,W
4/12/25 8:15,0.274,W
4/12/25 8:30,0.613,W
4/12/25 8:45,0.511,W
4/12/25 9:00,0.58,W
4/12/25 9:15,0.657,W
4/12/25 9:30,0.302,W
4/12/25 9:45,0.27,W
4/12/25 10:00,0.307,W
4/12/25 10:15,0.309,W
4/12/25 10:30,0.333,W
4/12/25 10:45,0.428,W
4/12/25 11:00,0.633,W
4/12/25 11:15,0.835,W
4/12/25 11:30,0.593,W
4/12/25 11:45,0.68,W
4/12/25 12:00,0.91,W
4/12/25 12:15,0.969,W
4/12/25 12:30,0.286,W
4/12/25 12:45,0.604,W
4/12/25 13:00,0.544,W
4/12/25 13:15,0.264,W
4/12/25 13:30,0.535,W
4/12/25 13:45,0.615,W
4/12/25 14:00,0.626,W
4/12/25 14:15,0.319,W
4/12/25 14:30,0.314,W
4/12/25 14:45,0.257,W
4/12/25 15:00,0.258,W
4/12/25 15:15,0.34,W
4/12/25 15:30,0.314,W
4/12/25 15:45,0.392,W
4/12/25 16:00,0.939,W
4/12/25 16:15,0.265,W
4/12/25 16:30,0.45,W
4/12/25 16:45,0.699,W
4/12/25 17:00,0.632,W
4/12/25 17:15,0.619,W
4/12/25 17:30,0.602,W
4/12/25 17:45,0.316,W
4/12/25 18:00,0.267,W
4/12/25 18:15,0.644,W
4/12/25 18:30,0.604,W
4/12/25 18:45,0.365,W
4/12/25 19:00,0.874,W
4/12/25 19:15,0.342,W
4/12/25 19:30,0.381,W
4/12/25 19:45,0.366,W
4/12/25 20:00,0.352,W
4/12/25 20:15,0.347,W
4/12/25 20:30,0.345,W
4/12/25 20:45,0.372,W
4/12/25 21:00,0.395,W
4/12/25 21:15,0.368,W
4/12/25 21:30,0.358,W
4/12/25 21:45,0.387,W
4/12/25 22:00,0.384,W
4/12/25 22:15,0.372,W
4/12/25 22:30,0.371,W
4/12/25 22:45,0.367,W
4/12/25 23:00,0.39,W
4/12/25 23:15,0.396,W
4/12/25 23:30,0.38,W
4/12/25 23:45,0.414,W
4/13/25 0:00,0.353,W
4/13/25 0:15,0.339,W
4/13/25 0:30,0.371,W
4/13/25 0:45,0.261,W
4/13/25 1:00,0.197,W
4/13/25 1:15,0.239,W
4/13/25 1:30,0.151,W
4/13/25 1:45,0.117,W
4/13/25 2:00,0.103,W
4/13/25 2:15,0.104,W
4/13/25 2:30,0.095,W
4/13/25 2:45,0.115,W
4/13/25 3:00,0.225,W
4/13/25 3:15,0.207,W
4/13/25 3:30,0.246,W
4/13/25 3:45,0.234,W
4/13/25 4:00,0.241,W
4/13/25 4:15,0.232,W
4/13/25 4:30,0.23,W
4/13/25 4:45,0.207,W
4/13/25 5:00,0.218,W
4/13/25 5:15,0.253,W
4/13/25 5:30,0.24,W
4/13/25 5:45,0.222,W
4/13/25 6:00,0.241,W
4/13/25 6:15,0.248,W
4/13/25 6:30,0.229,W
4/13/25 6:45,0.182,W
4/13/25 7:00,0.091,W
4/13/25 7:15,0.089,W
4/13/25 7:30,0.118,W
4/13/25 7:45,0.289,W
4/13/25 8:00,0.113,W
4/13/25 8:15,0.141,W
4/13/25 8:30,0.339,W
4/13/25 8:45,0.395,W
4/13/25 9:00,0.261,W
4/13/25 9:15,0.255,W
4/13/25 9:30,0.25,W
4/13/25 9:45,0.258,W
4/13/25 10:00,0.284,W
4/13/25 10:15,0.239,W
4/13/25 10:30,0.246,W
4/13/25 10:45,0.241,W
4/13/25 11:00,0.264,W
4/13/25 11:15,0.251,W
4/13/25 11:30,0.255,W
4/13/25 11:45,0.24,W
4/13/25 12:00,0.692,W
4/13/25 12:15,0.484,W
4/13/25 12:30,0.291,W
4/13/25 12:45,0.371,W
4/13/25 13:00,0.283,W
4/13/25 13:15,0.38,W
4/13/25 13:30,0.611,W
4/13/25 13:45,0.674,W
4/13/25 14:00,0.601,W
4/13/25 14:15,0.267,W
4/13/25 14:30,0.282,W
4/13/25 14:45,0.389,W
4/13/25 15:00,0.326,W
4/13/25 15:15,0.577,W
4/13/25 15:30,0.425,W
4/13/25 15:45,0.281,W
4/13/25 16:00,0.338,W
4/13/25 16:15,0.328,W
4/13/25 16:30,0.259,W
4/13/25 16:45,0.187,W
4/13/25 17:00,0.245,W
4/13/25 17:15,0.252,W
4/13/25 17:30,0.253,W
4/13/25 17:45,0.334,W
4/13/25 18:00,0.31,W
4/13/25 18:15,0.43,W
4/13/25 18:30,0.68,W
4/13/25 18:45,0.696,W
4/13/25 19:00,0.437,W
4/13/25 19:15,0.296,W
4/13/25 19:30,0.333,W
4/13/25 19:45,0.347,W
4/13/25 20:00,0.323,W
4/13/25 20:15,0.354,W
4/13/25 20:30,0.372,W
4/13/25 20:45,0.342,W
4/13/25 21:00,0.339,W
4/13/25 21:15,0.318,W
4/13/25 21:30,0.393,W
4/13/25 21:45,0.431,W
4/13/25 22:00,0.384,W
4/13/25 22:15,0.368,W
4/13/25 22:30,0.369,W
4/13/25 22:45,0.377,W
4/13/25 23:00,0.371,W
4/13/25 23:15,0.359,W
4/13/25 23:30,0.3,W
4/13/25 23:45,0.311,W
4/14/25 0:00,0.332,W
4/14/25 0:15,0.261,W
4/14/25 0:30,0.248,W
4/14/25 0:45,0.206,W
4/14/25 1:00,0.226,W
4/14/25 1:15,0.233,W
4/14/25 1:30,0.204,W
4/14/25 1:45,0.203,W
4/14/25 2:00,0.229,W
4/14/25 2:15,0.239,W
4/14/25 2:30,0.227,W
4/14/25 2:45,0.234,W
4/14/25 3:00,0.229,W
4/14/25 3:15,0.261,W
4/14/25 3:30,0.223,W
4/14/25 3:45,0.214,W
4/14/25 4:00,0.217,W
4/14/25 4:15,0.2,W
4/14/25 4:30,0.22,W
4/14/25 4:45,0.251,W
4/14/25 5:00,0.225,W
4/14/25 5:15,0.229,W
4/14/25 5:30,0.226,W
4/14/25 5:45,0.228,W
4/14/25 6:00,0.204,W
4/14/25 6:15,0.196,W
4/14/25 6:30,0.199,W
4/14/25 6:45,0.227,W
4/14/25 7:00,0.238,W
4/14/25 7:15,0.253,W
4/14/25 7:30,0.236,W
4/14/25 7:45,0.306,W
4/14/25 8:00,0.229,W
4/14/25 8:15,0.243,W
4/14/25 8:30,0.233,W
4/14/25 8:45,0.274,W
4/14/25 9:00,0.256,W
4/14/25 9:15,0.282,W
4/14/25 9:30,0.26,W
4/14/25 9:45,0.224,W
4/14/25 10:00,0.268,W
4/14/25 10:15,0.267,W
4/14/25 10:30,0.273,W
4/14/25 10:45,0.239,W
4/14/25 11:00,0.233,W
4/14/25 11:15,0.477,W
4/14/25 11:30,0.6,W
4/14/25 11:45,0.372,W
4/14/25 12:00,0.328,W
4/14/25 12:15,0.294,W
4/14/25 12:30,0.711,W
4/14/25 12:45,0.648,W
4/14/25 13:00,0.633,W
4/14/25 13:15,0.26,W
4/14/25 13:30,0.295,W
4/14/25 13:45,0.542,W
4/14/25 14:00,0.45,W
4/14/25 14:15,0.461,W
4/14/25 14:30,0.509,W
4/14/25 14:45,0.415,W
4/14/25 15:00,0.792,W
4/14/25 15:15,1.256,W
4/14/25 15:30,0.944,W
4/14/25 15:45,0.28,W
4/14/25 16:00,0.34,W
4/14/25 16:15,0.429,W
4/14/25 16:30,0.292,W
4/14/25 16:45,0.321,W
4/14/25 17:00,0.329,W
4/14/25 17:15,0.306,W
4/14/25 17:30,0.283,W
4/14/25 17:45,0.367,W
4/14/25 18:00,0.382,W
4/14/25 18:15,0.563,W
4/14/25 18:30,0.741,W
4/14/25 18:45,0.468,W
4/14/25 19:00,1.278,W
4/14/25 19:15,0.727,W
4/14/25 19:30,0.64,W
4/14/25 19:45,1.031,W
4/14/25 20:00,0.419,W
4/14/25 20:15,0.359,W
4/14/25 20:30,0.346,W
4/14/25 20:45,0.363,W
4/14/25 21:00,0.349,W
4/14/25 21:15,0.337,W
4/14/25 21:30,0.349,W
4/14/25 21:45,0.356,W
4/14/25 22:00,0.363,W
4/14/25 22:15,0.389,W
4/14/25 22:30,0.36,W
4/14/25 22:45,0.362,W
4/14/25 23:00,0.373,W
4/14/25 23:15,0.367,W
4/14/25 23:30,0.346,W
4/14/25 23:45,0.326,W
4/15/25 0:00,0.323,W
4/15/25 0:15,0.325,W
4/15/25 0:30,0.347,W
4/15/25 0:45,0.309,W
4/15/25 1:00,0.25,W
4/15/25 1:15,0.269,W
4/15/25 1:30,0.314,W
4/15/25 1:45,0.23,W
4/15/25 2:00,0.233,W
4/15/25 2:15,0.255,W
4/15/25 2:30,0.231,W
4/15/25 2:45,0.104,W
4/15/25 3:00,0.097,W
4/15/25 3:15,0.097,W
4/15/25 3:30,0.141,W
4/15/25 3:45,0.148,W
4/15/25 4:00,0.091,W
4/15/25 4:15,0.093,W
4/15/25 4:30,0.12,W
4/15/25 4:45,0.193,W
4/15/25 5:00,0.217,W
4/15/25 5:15,0.217,W
4/15/25 5:30,0.216,W
4/15/25 5:45,0.22,W
4/15/25 6:00,0.255,W
4/15/25 6:15,0.245,W
4/15/25 6:30,0.203,W
4/15/25 6:45,0.219,W
4/15/25 7:00,0.277,W
4/15/25 7:15,0.22,W
4/15/25 7:30,0.216,W
4/15/25 7:45,0.436,W
4/15/25 8:00,0.322,W
4/15/25 8:15,0.273,W
4/15/25 8:30,0.252,W
4/15/25 8:45,0.278,W
4/15/25 9:00,0.508,W
4/15/25 9:15,0.399,W
4/15/25 9:30,0.302,W
4/15/25 9:45,0.247,W
4/15/25 10:00,0.242,W
4/15/25 10:15,0.238,W
4/15/25 10:30,0.301,W
4/15/25 10:45,0.269,W
4/15/25 11:00,0.249,W
4/15/25 11:15,0.291,W
4/15/25 11:30,0.332,W
4/15/25 11:45,0.564,W
4/15/25 12:00,0.572,W
4/15/25 12:15,0.328,W
4/15/25 12:30,0.268,W
4/15/25 12:45,0.616,W
4/15/25 13:00,0.65,W
4/15/25 13:15,0.601,W
4/15/25 13:30,0.479,W
4/15/25 13:45,0.267,W
4/15/25 14:00,0.272,W
4/15/25 14:15,0.297,W
4/15/25 14:30,0.509,W
4/15/25 14:45,0.76,W
4/15/25 15:00,0.542,W
4/15/25 15:15,0.501,W
4/15/25 15:30,0.352,W
4/15/25 15:45,0.307,W
4/15/25 16:00,0.296,W
4/15/25 16:15,0.294,W
4/15/25 16:30,0.29,W
4/15/25 16:45,0.218,W
4/15/25 17:00,0.133,W
4/15/25 17:15,0.191,W
4/15/25 17:30,0.145,W
4/15/25 17:45,0.142,W
4/15/25 18:00,0.379,W
4/15/25 18:15,0.676,W
4/15/25 18:30,0.83,W
4/15/25 18:45,0.726,W
4/15/25 19:00,0.694,W
4/15/25 19:15,0.781,W
4/15/25 19:30,0.754,W
4/15/25 19:45,0.746,W
4/15/25 20:00,0.736,W
4/15/25 20:15,0.705,W
4/15/25 20:30,0.712,W
4/15/25 20:45,0.727,W
4/15/25 21:00,0.718,W
4/15/25 21:15,0.791,W
4/15/25 21:30,0.839,W
4/15/25 21:45,0.767,W
4/15/25 22:00,0.702,W
4/15/25 22:15,0.683,W
4/15/25 22:30,0.667,W
4/15/25 22:45,0.673,W
4/15/25 23:00,0.632,W
4/15/25 23:15,0.633,W
4/15/25 23:30,0.604,W
4/15/25 23:45,0.611,W
4/16/25 0:00,0.61,W
4/16/25 0:15,0.573,W
4/16/25 0:30,0.567,W
4/16/25 0:45,0.508,W
4/16/25 1:00,0.123,W
4/16/25 1:15,0.122,W
4/16/25 1:30,0.137,W
4/16/25 1:45,0.122,W
4/16/25 2:00,0.098,W
4/16/25 2:15,0.114,W
4/16/25 2:30,0.117,W
4/16/25 2:45,0.117,W
4/16/25 3:00,0.201,W
4/16/25 3:15,0.227,W
4/16/25 3:30,0.246,W
4/16/25 3:45,0.233,W
4/16/25 4:00,0.225,W
4/16/25 4:15,0.233,W
4/16/25 4:30,0.244,W
4/16/25 4:45,0.232,W
4/16/25 5:00,0.22,W
4/16/25 5:15,0.246,W
4/16/25 5:30,0.235,W
4/16/25 5:45,0.216,W
4/16/25 6:00,0.245,W
4/16/25 6:15,0.231,W
4/16/25 6:30,0.228,W
4/16/25 6:45,0.224,W
4/16/25 7:00,0.226,W
4/16/25 7:15,0.117,W
4/16/25 7:30,0.11,W
4/16/25 7:45,0.283,W
4/16/25 8:00,0.156,W
4/16/25 8:15,0.182,W
4/16/25 8:30,0.141,W
4/16/25 8:45,0.33,W
4/16/25 9:00,0.212,W
4/16/25 9:15,0.213,W
4/16/25 9:30,0.253,W
4/16/25 9:45,0.219,W
4/16/25 10:00,0.202,W
4/16/25 10:15,0.243,W
4/16/25 10:30,0.273,W
4/16/25 10:45,0.236,W
4/16/25 11:00,0.241,W
4/16/25 11:15,0.215,W
4/16/25 11:30,0.235,W
4/16/25 11:45,0.223,W
4/16/25 12:00,0.472,W
4/16/25 12:15,0.283,W
4/16/25 12:30,0.445,W
4/16/25 12:45,0.324,W
4/16/25 13:00,0.333,W
4/16/25 13:15,0.284,W
4/16/25 13:30,0.267,W
4/16/25 13:45,0.274,W
4/16/25 14:00,0.242,W
4/16/25 14:15,0.287,W
4/16/25 14:30,0.251,W
4/16/25 14:45,0.251,W
4/16/25 15:00,0.296,W
4/16/25 15:15,0.26,W
4/16/25 15:30,0.27,W
4/16/25 15:45,0.28,W
4/16/25 16:00,0.617,W
4/16/25 16:15,0.595,W
4/16/25 16:30,0.415,W
4/16/25 16:45,1.246,W
4/16/25 17:00,0.765,W
4/16/25 17:15,0.342,W
4/16/25 17:30,0.805,W
4/16/25 17:45,0.354,W
4/16/25 18:00,0.276,W
4/16/25 18:15,0.242,W
4/16/25 18:30,0.242,W
4/16/25 18:45,0.281,W
4/16/25 19:00,0.25,W
4/16/25 19:15,0.373,W
4/16/25 19:30,0.867,W
4/16/25 19:45,0.748,W
4/16/25 20:00,0.615,W
4/16/25 20:15,0.538,W
4/16/25 20:30,0.423,W
4/16/25 20:45,0.395,W
4/16/25 21:00,0.406,W
4/16/25 21:15,0.364,W
4/16/25 21:30,0.358,W
4/16/25 21:45,0.383,W
4/16/25 22:00,0.402,W
4/16/25 22:15,0.42,W
4/16/25 22:30,0.359,W
4/16/25 22:45,0.272,W
4/16/25 23:00,0.243,W
4/16/25 23:15,0.278,W
4/16/25 23:30,0.279,W
4/16/25 23:45,0.252,W
4/17/25 0:00,0.324,W
4/17/25 0:15,0.286,W
4/17/25 0:30,0.274,W
4/17/25 0:45,0.243,W
4/17/25 1:00,0.247,W
4/17/25 1:15,0.137,W
4/17/25 1:30,0.145,W
4/17/25 1:45,0.166,W
4/17/25 2:00,0.162,W
4/17/25 2:15,0.14,W
4/17/25 2:30,0.147,W
4/17/25 2:45,0.176,W
4/17/25 3:00,0.184,W
4/17/25 3:15,0.229,W
4/17/25 3:30,0.229,W
4/17/25 3:45,0.25,W
4/17/25 4:00,0.236,W
4/17/25 4:15,0.248,W
4/17/25 4:30,0.262,W
4/17/25 4:45,0.233,W
4/17/25 5:00,0.253,W
4/17/25 5:15,0.295,W
4/17/25 5:30,0.257,W
4/17/25 5:45,0.238,W
4/17/25 6:00,0.24,W
4/17/25 6:15,0.264,W
4/17/25 6:30,0.261,W
4/17/25 6:45,0.194,W
4/17/25 7:00,0.159,W
4/17/25 7:15,0.155,W
4/17/25 7:30,0.113,W
4/17/25 7:45,0.187,W
4/17/25 8:00,0.239,W
4/17/25 8:15,0.158,W
4/17/25 8:30,0.269,W
4/17/25 8:45,0.326,W
4/17/25 9:00,0.268,W
4/17/25 9:15,0.271,W
4/17/25 9:30,0.304,W
4/17/25 9:45,0.264,W
4/17/25 10:00,0.259,W
4/17/25 10:15,0.261,W
4/17/25 10:30,0.233,W
4/17/25 10:45,0.252,W
4/17/25 11:00,0.29,W
4/17/25 11:15,0.624,W
4/17/25 11:30,1.158,W
4/17/25 11:45,0.337,W
4/17/25 12:00,0.257,W
4/17/25 12:15,0.316,W
4/17/25 12:30,0.349,W
4/17/25 12:45,0.304,W
4/17/25 13:00,0.265,W
4/17/25 13:15,0.301,W
4/17/25 13:30,0.369,W
4/17/25 13:45,0.345,W
4/17/25 14:00,0.253,W
4/17/25 14:15,0.294,W
4/17/25 14:30,0.291,W
4/17/25 14:45,0.387,W
4/17/25 15:00,0.308,W
4/17/25 15:15,0.675,W
4/17/25 15:30,0.769,W
4/17/25 15:45,0.782,W
4/17/25 16:00,0.543,W
4/17/25 16:15,0.334,W
4/17/25 16:30,0.357,W
4/17/25 16:45,0.387,W
4/17/25 17:00,0.389,W
4/17/25 17:15,0.376,W
4/17/25 17:30,0.404,W
4/17/25 17:45,0.409,W
4/17/25 18:00,0.422,W
4/17/25 18:15,0.427,W
4/17/25 18:30,0.415,W
4/17/25 18:45,0.345,W
4/17/25 19:00,0.336,W
4/17/25 19:15,0.353,W
4/17/25 19:30,0.381,W
4/17/25 19:45,0.417,W
4/17/25 20:00,0.398,W
4/17/25 20:15,0.437,W
4/17/25 20:30,0.439,W
4/17/25 20:45,0.395,W
4/17/25 21:00,0.362,W
4/17/25 21:15,0.383,W
4/17/25 21:30,0.367,W
4/17/25 21:45,0.37,W
4/17/25 22:00,0.41,W
4/17/25 22:15,0.407,W
4/17/25 22:30,0.385,W
4/17/25 22:45,0.391,W
4/17/25 23:00,0.342,W
4/17/25 23:15,0.226,W
4/17/25 23:30,0.325,W
4/17/25 23:45,0.356,W
4/18/25 0:00,0.36,W
4/18/25 0:15,0.301,W
4/18/25 0:30,0.271,W
4/18/25 0:45,0.291,W
4/18/25 1:00,0.3,W
4/18/25 1:15,0.283,W
4/18/25 1:30,0.241,W
4/18/25 1:45,0.247,W
4/18/25 2:00,0.283,W
4/18/25 2:15,0.274,W
4/18/25 2:30,0.252,W
4/18/25 2:45,0.283,W
4/18/25 3:00,0.301,W
4/18/25 3:15,0.192,W
4/18/25 3:30,0.15,W
4/18/25 3:45,0.145,W
4/18/25 4:00,0.13,W
4/18/25 4:15,0.123,W
4/18/25 4:30,0.139,W
4/18/25 4:45,0.122,W
4/18/25 5:00,0.111,W
4/18/25 5:15,0.152,W
4/18/25 5:30,0.239,W
4/18/25 5:45,0.234,W
4/18/25 6:00,0.23,W
4/18/25 6:15,0.226,W
4/18/25 6:30,0.247,W
4/18/25 6:45,0.248,W
4/18/25 7:00,0.248,W
4/18/25 7:15,0.253,W
4/18/25 7:30,0.256,W
4/18/25 7:45,0.287,W
4/18/25 8:00,0.343,W
4/18/25 8:15,0.229,W
4/18/25 8:30,0.209,W
4/18/25 8:45,0.264,W
4/18/25 9:00,0.31,W
4/18/25 9:15,0.376,W
4/18/25 9:30,0.378,W
4/18/25 9:45,0.374,W
4/18/25 10:00,0.471,W
4/18/25 10:15,0.403,W
4/18/25 10:30,0.387,W
4/18/25 10:45,0.37,W
4/18/25 11:00,0.459,W
4/18/25 11:15,0.662,W
4/18/25 11:30,0.515,W
4/18/25 11:45,0.729,W
4/18/25 12:00,0.399,W
4/18/25 12:15,0.471,W
4/18/25 12:30,0.627,W
4/18/25 12:45,0.698,W
4/18/25 13:00,0.648,W
4/18/25 13:15,0.314,W
4/18/25 13:30,0.339,W
4/18/25 13:45,0.397,W
4/18/25 14:00,0.366,W
4/18/25 14:15,0.363,W
4/18/25 14:30,0.278,W
4/18/25 14:45,0.378,W
4/18/25 15:00,0.474,W
4/18/25 15:15,0.316,W
4/18/25 15:30,0.252,W
4/18/25 15:45,0.28,W
4/18/25 16:00,0.272,W
4/18/25 16:15,0.246,W
4/18/25 16:30,0.268,W
4/18/25 16:45,0.239,W
4/18/25 17:00,0.258,W
4/18/25 17:15,0.383,W
4/18/25 17:30,0.406,W
4/18/25 17:45,0.363,W
4/18/25 18:00,0.37,W
4/18/25 18:15,0.461,W
4/18/25 18:30,0.301,W
4/18/25 18:45,0.294,W
4/18/25 19:00,0.266,W
4/18/25 19:15,0.288,W
4/18/25 19:30,0.373,W
4/18/25 19:45,0.373,W
4/18/25 20:00,0.326,W
4/18/25 20:15,0.362,W
4/18/25 20:30,0.39,W
4/18/25 20:45,0.358,W
4/18/25 21:00,0.349,W
4/18/25 21:15,0.35,W
4/18/25 21:30,0.352,W
4/18/25 21:45,0.361,W
4/18/25 22:00,0.407,W
4/18/25 22:15,0.247,W
4/18/25 22:30,0.249,W
4/18/25 22:45,0.195,W
4/18/25 23:00,0.195,W
4/18/25 23:15,0.19,W
4/18/25 23:30,0.176,W
4/18/25 23:45,0.194,W
4/19/25 0:00,0.226,W
4/19/25 0:15,0.246,W
4/19/25 0:30,0.27,W
4/19/25 0:45,0.27,W
4/19/25 1:00,0.274,W
4/19/25 1:15,0.272,W
4/19/25 1:30,0.251,W
4/19/25 1:45,0.259,W
4/19/25 2:00,0.235,W
4/19/25 2:15,0.242,W
4/19/25 2:30,0.243,W
4/19/25 2:45,0.209,W
4/19/25 3:00,0.223,W
4/19/25 3:15,0.234,W
4/19/25 3:30,0.227,W
4/19/25 3:45,0.228,W
4/19/25 4:00,0.252,W
4/19/25 4:15,0.222,W
4/19/25 4:30,0.186,W
4/19/25 4:45,0.116,W
4/19/25 5:00,0.103,W
4/19/25 5:15,0.169,W
4/19/25 5:30,0.151,W
4/19/25 5:45,0.125,W
4/19/25 6:00,0.135,W
4/19/25 6:15,0.117,W
4/19/25 6:30,0.111,W
4/19/25 6:45,0.199,W
4/19/25 7:00,0.383,W
4/19/25 7:15,0.386,W
4/19/25 7:30,0.395,W
4/19/25 7:45,0.559,W
4/19/25 8:00,0.403,W
4/19/25 8:15,0.389,W
4/19/25 8:30,0.692,W
4/19/25 8:45,0.674,W
4/19/25 9:00,0.88,W
4/19/25 9:15,1.535,W
4/19/25 9:30,0.464,W
4/19/25 9:45,0.41,W
4/19/25 10:00,0.419,W
4/19/25 10:15,0.412,W
4/19/25 10:30,0.346,W
4/19/25 10:45,0.324,W
4/19/25 11:00,0.279,W
4/19/25 11:15,0.318,W
4/19/25 11:30,0.306,W
4/19/25 11:45,0.873,W
4/19/25 12:00,0.896,W
4/19/25 12:15,0.692,W
4/19/25 12:30,0.39,W
4/19/25 12:45,0.393,W
4/19/25 13:00,0.361,W
4/19/25 13:15,0.281,W
4/19/25 13:30,0.305,W
4/19/25 13:45,0.355,W
4/19/25 14:00,0.282,W
4/19/25 14:15,0.262,W
4/19/25 14:30,0.289,W
4/19/25 14:45,0.42,W
4/19/25 15:00,0.46,W
4/19/25 15:15,0.844,W
4/19/25 15:30,0.81,W
4/19/25 15:45,0.529,W
4/19/25 16:00,0.459,W
4/19/25 16:15,0.462,W
4/19/25 16:30,0.406,W
4/19/25 16:45,0.302,W
4/19/25 17:00,0.183,W
4/19/25 17:15,0.222,W
4/19/25 17:30,0.238,W
4/19/25 17:45,0.182,W
4/19/25 18:00,0.144,W
4/19/25 18:15,0.126,W
4/19/25 18:30,0.271,W
4/19/25 18:45,0.311,W
4/19/25 19:00,0.675,W
4/19/25 19:15,0.866,W
4/19/25 19:30,0.416,W
4/19/25 19:45,0.866,W
4/19/25 20:00,0.609,W
4/19/25 20:15,0.396,W
4/19/25 20:30,0.369,W
4/19/25 20:45,0.358,W
4/19/25 21:00,0.418,W
4/19/25 21:15,0.443,W
4/19/25 21:30,0.396,W
4/19/25 21:45,0.378,W
4/19/25 22:00,0.377,W
4/19/25 22:15,0.354,W
4/19/25 22:30,0.375,W
4/19/25 22:45,0.372,W
4/19/25 23:00,0.339,W
4/19/25 23:15,0.369,W
4/19/25 23:30,0.291,W
4/19/25 23:45,0.25,W
4/20/25 0:00,0.245,W
4/20/25 0:15,0.215,W
4/20/25 0:30,0.219,W
4/20/25 0:45,0.242,W
4/20/25 1:00,0.242,W
4/20/25 1:15,0.207,W
4/20/25 1:30,0.172,W
4/20/25 1:45,0.196,W
4/20/25 2:00,0.283,W
4/20/25 2:15,0.268,W
4/20/25 2:30,0.238,W
4/20/25 2:45,0.241,W
4/20/25 3:00,0.265,W
4/20/25 3:15,0.264,W
4/20/25 3:30,0.283,W
4/20/25 3:45,0.268,W
4/20/25 4:00,0.255,W
4/20/25 4:15,0.25,W
4/20/25 4:30,0.254,W
4/20/25 4:45,0.236,W
4/20/25 5:00,0.141,W
4/20/25 5:15,0.159,W
4/20/25 5:30,0.169,W
4/20/25 5:45,0.123,W
4/20/25 6:00,0.124,W
4/20/25 6:15,0.128,W
4/20/25 6:30,0.128,W
4/20/25 6:45,0.12,W
4/20/25 7:00,0.112,W
4/20/25 7:15,0.152,W
4/20/25 7:30,0.349,W
4/20/25 7:45,0.393,W
4/20/25 8:00,0.241,W
4/20/25 8:15,0.249,W
4/20/25 8:30,0.276,W
4/20/25 8:45,0.261,W
4/20/25 9:00,0.238,W
4/20/25 9:15,0.263,W
4/20/25 9:30,0.279,W
4/20/25 9:45,0.295,W
4/20/25 10:00,0.272,W
4/20/25 10:15,0.575,W
4/20/25 10:30,0.292,W
4/20/25 10:45,0.874,W
4/20/25 11:00,1.032,W
4/20/25 11:15,0.906,W
4/20/25 11:30,0.528,W
4/20/25 11:45,0.475,W
4/20/25 12:00,0.456,W
4/20/25 12:15,0.467,W
4/20/25 12:30,0.425,W
4/20/25 12:45,0.673,W
4/20/25 13:00,0.655,W
4/20/25 13:15,0.612,W
4/20/25 13:30,0.471,W
4/20/25 13:45,0.213,W
4/20/25 14:00,0.421,W
4/20/25 14:15,0.515,W
4/20/25 14:30,0.948,W
4/20/25 14:45,0.672,W
4/20/25 15:00,0.451,W
4/20/25 15:15,0.461,W
4/20/25 15:30,0.76,W
4/20/25 15:45,1.223,W
4/20/25 16:00,1.094,W
4/20/25 16:15,0.765,W
4/20/25 16:30,0.414,W
4/20/25 16:45,0.372,W
4/20/25 17:00,0.353,W
4/20/25 17:15,0.371,W
4/20/25 17:30,0.353,W
4/20/25 17:45,0.59,W
4/20/25 18:00,0.293,W
4/20/25 18:15,0.253,W
4/20/25 18:30,0.261,W
4/20/25 18:45,0.334,W
4/20/25 19:00,0.316,W
4/20/25 19:15,0.315,W
4/20/25 19:30,0.373,W
4/20/25 19:45,0.396,W
4/20/25 20:00,0.385,W
4/20/25 20:15,0.352,W
4/20/25 20:30,0.364,W
4/20/25 20:45,0.379,W
4/20/25 21:00,0.384,W
4/20/25 21:15,0.36,W
4/20/25 21:30,0.421,W
4/20/25 21:45,0.321,W
4/20/25 22:00,0.254,W
4/20/25 22:15,0.246,W
4/20/25 22:30,0.233,W
4/20/25 22:45,0.242,W
4/20/25 23:00,0.259,W
4/20/25 23:15,0.238,W
4/20/25 23:30,0.261,W
4/20/25 23:45,0.2,W
4/21/25 0:00,0.181,W
4/21/25 0:15,0.28,W
4/21/25 0:30,0.265,W
4/21/25 0:45,0.279,W
4/21/25 1:00,0.305,W
4/21/25 1:15,0.287,W
4/21/25 1:30,0.285,W
4/21/25 1:45,0.274,W
4/21/25 2:00,0.263,W
4/21/25 2:15,0.277,W
4/21/25 2:30,0.27,W
4/21/25 2:45,0.275,W
4/21/25 3:00,0.247,W
4/21/25 3:15,0.283,W
4/21/25 3:30,0.284,W
4/21/25 3:45,0.261,W
4/21/25 4:00,0.357,W
4/21/25 4:15,0.21,W
4/21/25 4:30,0.134,W
4/21/25 4:45,0.138,W
4/21/25 5:00,0.089,W
4/21/25 5:15,0.113,W
4/21/25 5:30,0.165,W
4/21/25 5:45,0.132,W
4/21/25 6:00,0.109,W
4/21/25 6:15,0.175,W
4/21/25 6:30,0.259,W
4/21/25 6:45,0.251,W
4/21/25 7:00,0.269,W
4/21/25 7:15,0.261,W
4/21/25 7:30,0.275,W
4/21/25 7:45,0.471,W
4/21/25 8:00,0.275,W
4/21/25 8:15,0.23,W
4/21/25 8:30,0.218,W
4/21/25 8:45,0.261,W
4/21/25 9:00,0.253,W
4/21/25 9:15,0.25,W
4/21/25 9:30,0.281,W
4/21/25 9:45,0.274,W
4/21/25 10:00,0.254,W
4/21/25 10:15,0.248,W
4/21/25 10:30,0.255,W
4/21/25 10:45,0.232,W
4/21/25 11:00,0.249,W
4/21/25 11:15,0.453,W
4/21/25 11:30,0.771,W
4/21/25 11:45,0.564,W
4/21/25 12:00,0.67,W
4/21/25 12:15,0.242,W
4/21/25 12:30,0.211,W
4/21/25 12:45,0.232,W
4/21/25 13:00,0.264,W
4/21/25 13:15,0.424,W
4/21/25 13:30,0.36,W
4/21/25 13:45,0.643,W
4/21/25 14:00,0.406,W
4/21/25 14:15,0.295,W
4/21/25 14:30,0.283,W
4/21/25 14:45,0.247,W
4/21/25 15:00,0.228,W
4/21/25 15:15,0.321,W
4/21/25 15:30,0.298,W
4/21/25 15:45,0.271,W
4/21/25 16:00,0.378,W
4/21/25 16:15,0.363,W
4/21/25 16:30,0.274,W
4/21/25 16:45,0.336,W
4/21/25 17:00,0.333,W
4/21/25 17:15,0.599,W
4/21/25 17:30,0.549,W
4/21/25 17:45,1.238,W
4/21/25 18:00,1.216,W
4/21/25 18:15,0.39,W
4/21/25 18:30,0.329,W
4/21/25 18:45,0.365,W
4/21/25 19:00,0.301,W
4/21/25 19:15,0.321,W
4/21/25 19:30,0.396,W
4/21/25 19:45,0.292,W
4/21/25 20:00,0.281,W
4/21/25 20:15,0.252,W
4/21/25 20:30,0.239,W
4/21/25 20:45,0.258,W
4/21/25 21:00,0.272,W
4/21/25 21:15,0.241,W
4/21/25 21:30,0.298,W
4/21/25 21:45,0.394,W
4/21/25 22:00,0.411,W
4/21/25 22:15,0.429,W
4/21/25 22:30,0.395,W
4/21/25 22:45,0.367,W
4/21/25 23:00,0.42,W
4/21/25 23:15,0.404,W
4/21/25 23:30,0.322,W
4/21/25 23:45,0.302,W
4/22/25 0:00,0.297,W
4/22/25 0:15,0.274,W
4/22/25 0:30,0.259,W
4/22/25 0:45,0.273,W
4/22/25 1:00,0.26,W
4/22/25 1:15,0.221,W
4/22/25 1:30,0.171,W
4/22/25 1:45,0.153,W
4/22/25 2:00,0.135,W
4/22/25 2:15,0.166,W
4/22/25 2:30,0.15,W
4/22/25 2:45,0.115,W
4/22/25 3:00,0.099,W
4/22/25 3:15,0.128,W
4/22/25 3:30,0.243,W
4/22/25 3:45,0.246,W
4/22/25 4:00,0.251,W
4/22/25 4:15,0.261,W
4/22/25 4:30,0.257,W
4/22/25 4:45,0.277,W
4/22/25 5:00,0.241,W
4/22/25 5:15,0.234,W
4/22/25 5:30,0.327,W
4/22/25 5:45,0.269,W
4/22/25 6:00,0.255,W
4/22/25 6:15,0.249,W
4/22/25 6:30,0.155,W
4/22/25 6:45,0.11,W
4/22/25 7:00,0.151,W
4/22/25 7:15,0.109,W
4/22/25 7:30,0.101,W
4/22/25 7:45,0.328,W
4/22/25 8:00,0.15,W
4/22/25 8:15,0.148,W
4/22/25 8:30,0.229,W
4/22/25 8:45,0.246,W
4/22/25 9:00,0.265,W
4/22/25 9:15,0.275,W
4/22/25 9:30,0.285,W
4/22/25 9:45,0.307,W
4/22/25 10:00,0.255,W
4/22/25 10:15,0.325,W
4/22/25 10:30,0.337,W
4/22/25 10:45,0.261,W
4/22/25 11:00,0.257,W
4/22/25 11:15,0.279,W
4/22/25 11:30,0.31,W
4/22/25 11:45,0.553,W
4/22/25 12:00,0.501,W
4/22/25 12:15,0.281,W
4/22/25 12:30,0.252,W
4/22/25 12:45,0.245,W
4/22/25 13:00,0.233,W
4/22/25 13:15,0.228,W
4/22/25 13:30,0.234,W
4/22/25 13:45,0.264,W
4/22/25 14:00,0.271,W
4/22/25 14:15,0.249,W
4/22/25 14:30,0.259,W
4/22/25 14:45,0.266,W
4/22/25 15:00,0.332,W
4/22/25 15:15,0.432,W
4/22/25 15:30,0.485,W
4/22/25 15:45,0.304,W
4/22/25 16:00,0.287,W
4/22/25 16:15,0.231,W
4/22/25 16:30,0.242,W
4/22/25 16:45,0.254,W
4/22/25 17:00,0.249,W
4/22/25 17:15,0.152,W
4/22/25 17:30,0.179,W
4/22/25 17:45,0.249,W
4/22/25 18:00,0.304,W
4/22/25 18:15,0.266,W
4/22/25 18:30,0.264,W
4/22/25 18:45,0.399,W
4/22/25 19:00,0.664,W
4/22/25 19:15,0.687,W
4/22/25 19:30,0.993,W
4/22/25 19:45,1.031,W
4/22/25 20:00,0.725,W
4/22/25 20:15,0.566,W
4/22/25 20:30,0.304,W
4/22/25 20:45,0.328,W
4/22/25 21:00,0.415,W
4/22/25 21:15,0.345,W
4/22/25 21:30,0.612,W
4/22/25 21:45,0.736,W
4/22/25 22:00,0.782,W
4/22/25 22:15,0.85,W
4/22/25 22:30,0.721,W
4/22/25 22:45,0.585,W
4/22/25 23:00,0.33,W
4/22/25 23:15,0.232,W
4/22/25 23:30,0.224,W
4/22/25 23:45,0.241,W
4/23/25 0:00,0.293,W
4/23/25 0:15,0.235,W
4/23/25 0:30,0.216,W
4/23/25 0:45,0.235,W
4/23/25 1:00,0.27,W
4/23/25 1:15,0.248,W
4/23/25 1:30,0.222,W
4/23/25 1:45,0.235,W
4/23/25 2:00,0.263,W
4/23/25 2:15,0.235,W
4/23/25 2:30,0.233,W
4/23/25 2:45,0.232,W
4/23/25 3:00,0.254,W
4/23/25 3:15,0.263,W
4/23/25 3:30,0.234,W
4/23/25 3:45,0.223,W
4/23/25 4:00,0.261,W
4/23/25 4:15,0.227,W
4/23/25 4:30,0.205,W
4/23/25 4:45,0.208,W
4/23/25 5:00,0.218,W
4/23/25 5:15,0.276,W
4/23/25 5:30,0.223,W
4/23/25 5:45,0.235,W
4/23/25 6:00,0.278,W
4/23/25 6:15,0.242,W
4/23/25 6:30,0.224,W
4/23/25 6:45,0.229,W
4/23/25 7:00,0.264,W
4/23/25 7:15,0.317,W
4/23/25 7:30,0.251,W
4/23/25 7:45,0.278,W
4/23/25 8:00,0.258,W
4/23/25 8:15,0.258,W
4/23/25 8:30,0.227,W
4/23/25 8:45,0.231,W
4/23/25 9:00,0.24,W
4/23/25 9:15,0.264,W
4/23/25 9:30,0.231,W
4/23/25 9:45,0.215,W
4/23/25 10:00,0.258,W
4/23/25 10:15,0.266,W
4/23/25 10:30,0.235,W
4/23/25 10:45,0.275,W
4/23/25 11:00,0.276,W
4/23/25 11:15,0.531,W
4/23/25 11:30,0.503,W
4/23/25 11:45,0.282,W
4/23/25 12:00,0.294,W
4/23/25 12:15,0.334,W
4/23/25 12:30,0.298,W
4/23/25 12:45,0.257,W
4/23/25 13:00,0.27,W
4/23/25 13:15,0.281,W
4/23/25 13:30,0.278,W
4/23/25 13:45,0.275,W
4/23/25 14:00,0.266,W
4/23/25 14:15,0.305,W
4/23/25 14:30,0.296,W
4/23/25 14:45,0.257,W
4/23/25 15:00,0.255,W
4/23/25 15:15,0.287,W
4/23/25 15:30,0.313,W
4/23/25 15:45,0.365,W
4/23/25 16:00,0.289,W
4/23/25 16:15,0.395,W
4/23/25 16:30,0.45,W
4/23/25 16:45,0.395,W
4/23/25 17:00,0.27,W
4/23/25 17:15,0.276,W
4/23/25 17:30,0.296,W
4/23/25 17:45,0.286,W
4/23/25 18:00,0.355,W
4/23/25 18:15,0.336,W
4/23/25 18:30,0.302,W
4/23/25 18:45,0.489,W
4/23/25 19:00,0.344,W
4/23/25 19:15,0.372,W
4/23/25 19:30,0.782,W
4/23/25 19:45,0.677,W
4/23/25 20:00,0.756,W
4/23/25 20:15,0.848,W
4/23/25 20:30,0.636,W
4/23/25 20:45,0.277,W
4/23/25 21:00,0.244,W
4/23/25 21:15,0.254,W
4/23/25 21:30,0.265,W
4/23/25 21:45,0.247,W
4/23/25 22:00,0.231,W
4/23/25 22:15,0.304,W
4/23/25 22:30,0.389,W
4/23/25 22:45,0.329,W
4/23/25 23:00,0.339,W
4/23/25 23:15,0.294,W
4/23/25 23:30,0.24,W
4/23/25 23:45,0.255,W
4/24/25 0:00,0.236,W
4/24/25 0:15,0.233,W
4/24/25 0:30,0.248,W
4/24/25 0:45,0.228,W
4/24/25 1:00,0.204,W
4/24/25 1:15,0.204,W
4/24/25 1:30,0.245,W
4/24/25 1:45,0.223,W
4/24/25 2:00,0.224,W
4/24/25 2:15,0.176,W
4/24/25 2:30,0.125,W
4/24/25 2:45,0.135,W
4/24/25 3:00,0.113,W
4/24/25 3:15,0.088,W
4/24/25 3:30,0.109,W
4/24/25 3:45,0.129,W
4/24/25 4:00,0.075,W
4/24/25 4:15,0.11,W
4/24/25 4:30,0.264,W
4/24/25 4:45,0.255,W
4/24/25 5:00,0.229,W
4/24/25 5:15,0.242,W
4/24/25 5:30,0.235,W
4/24/25 5:45,0.246,W
4/24/25 6:00,0.262,W
4/24/25 6:15,0.213,W
4/24/25 6:30,0.234,W
4/24/25 6:45,0.286,W
4/24/25 7:00,0.282,W
4/24/25 7:15,0.254,W
4/24/25 7:30,0.399,W
4/24/25 7:45,0.238,W
4/24/25 8:00,0.236,W
4/24/25 8:15,0.203,W
4/24/25 8:30,0.211,W
4/24/25 8:45,0.271,W
4/24/25 9:00,0.256,W
4/24/25 9:15,0.235,W
4/24/25 9:30,0.383,W
4/24/25 9:45,0.393,W
4/24/25 10:00,0.372,W
4/24/25 10:15,0.483,E
4/24/25 10:30,0.719,E
4/24/25 10:45,0.544,E
4/24/25 11:00,0.939,W
4/24/25 11:15,0.941,W
4/24/25 11:30,0.84,W
4/24/25 11:45,0.357,W
4/24/25 12:00,0.451,W
4/24/25 12:15,0.323,W
4/24/25 12:30,0.415,W
4/24/25 12:45,0.424,W
4/24/25 13:00,0.489,W
4/24/25 13:15,0.416,W
4/24/25 13:30,0.399,W
4/24/25 13:45,0.422,W
4/24/25 14:00,0.432,W
4/24/25 14:15,0.435,W
4/24/25 14:30,0.429,W
4/24/25 14:45,0.364,W
4/24/25 15:00,0.594,W
4/24/25 15:15,0.508,W
4/24/25 15:30,0.481,W
4/24/25 15:45,0.497,W
4/24/25 16:00,0.472,W
4/24/25 16:15,0.748,W
4/24/25 16:30,0.547,W
4/24/25 16:45,0.608,W
4/24/25 17:00,0.496,W
4/24/25 17:15,0.433,W
4/24/25 17:30,0.337,W
4/24/25 17:45,0.32,W
4/24/25 18:00,0.482,W
4/24/25 18:15,0.28,W
4/24/25 18:30,0.324,W
4/24/25 18:45,0.305,W
4/24/25 19:00,0.33,W
4/24/25 19:15,0.384,W
4/24/25 19:30,0.364,W
4/24/25 19:45,0.398,W
4/24/25 20:00,0.378,W
4/24/25 20:15,0.289,W
4/24/25 20:30,0.328,W
4/24/25 20:45,0.361,W
4/24/25 21:00,0.331,W
4/24/25 21:15,0.248,W
4/24/25 21:30,0.25,W
4/24/25 21:45,0.647,W
4/24/25 22:00,0.729,W
4/24/25 22:15,0.784,W
4/24/25 22:30,0.465,W
4/24/25 22:45,0.348,W
4/24/25 23:00,0.368,W
4/24/25 23:15,0.341,W
4/24/25 23:30,0.293,W
4/24/25 23:45,0.336,W
4/25/25 0:00,0.316,W
4/25/25 0:15,0.262,W
4/25/25 0:30,0.271,W
4/25/25 0:45,0.252,W
4/25/25 1:00,0.228,W
4/25/25 1:15,0.228,W
4/25/25 1:30,0.252,W
4/25/25 1:45,0.276,W
4/25/25 2:00,0.191,W
4/25/25 2:15,0.105,W
4/25/25 2:30,0.126,W
4/25/25 2:45,0.176,W
4/25/25 3:00,0.142,W
4/25/25 3:15,0.123,W
4/25/25 3:30,0.15,W
4/25/25 3:45,0.159,W
4/25/25 4:00,0.198,W
4/25/25 4:15,0.227,W
4/25/25 4:30,0.239,W
4/25/25 4:45,0.244,W
4/25/25 5:00,0.274,W
4/25/25 5:15,0.274,W
4/25/25 5:30,0.255,W
4/25/25 5:45,0.234,W
4/25/25 6:00,0.246,W
4/25/25 6:15,0.237,W
4/25/25 6:30,0.244,W
4/25/25 6:45,0.234,W
4/25/25 7:00,0.23,W
4/25/25 7:15,0.189,W
4/25/25 7:30,0.134,W
4/25/25 7:45,0.19,W
4/25/25 8:00,0.149,W
4/25/25 8:15,0.334,W
4/25/25 8:30,0.22,W
4/25/25 8:45,0.372,W
4/25/25 9:00,0.982,W
4/25/25 9:15,0.234,W
4/25/25 9:30,0.751,W
4/25/25 9:45,0.706,W
4/25/25 10:00,0.638,W
4/25/25 10:15,0.511,W
4/25/25 10:30,0.916,W
4/25/25 10:45,0.94,W
4/25/25 11:00,0.765,W
4/25/25 11:15,0.374,W
4/25/25 11:30,0.271,W
4/25/25 11:45,0.408,W
4/25/25 12:00,0.284,W
4/25/25 12:15,0.353,W
4/25/25 12:30,0.309,W
4/25/25 12:45,0.322,W
4/25/25 13:00,0.272,W
4/25/25 13:15,0.258,W
4/25/25 13:30,0.261,W
4/25/25 13:45,0.297,W
4/25/25 14:00,0.412,W
4/25/25 14:15,0.514,W
4/25/25 14:30,0.494,W
4/25/25 14:45,0.88,W
4/25/25 15:00,0.468,W
4/25/25 15:15,0.416,W
4/25/25 15:30,0.372,W
4/25/25 15:45,0.392,W
4/25/25 16:00,0.414,W
4/25/25 16:15,0.403,W
4/25/25 16:30,0.386,W
4/25/25 16:45,0.395,W
4/25/25 17:00,0.424,W
4/25/25 17:15,0.398,W
4/25/25 17:30,0.299,W
4/25/25 17:45,0.463,W
4/25/25 18:00,1.252,W
4/25/25 18:15,0.809,W
4/25/25 18:30,0.515,W
4/25/25 18:45,0.816,W
4/25/25 19:00,0.776,W
4/25/25 19:15,0.922,W
4/25/25 19:30,0.6,W
4/25/25 19:45,0.62,W
4/25/25 20:00,0.552,W
4/25/25 20:15,0.484,W
4/25/25 20:30,0.385,W
4/25/25 20:45,0.447,W
4/25/25 21:00,0.392,W
4/25/25 21:15,0.357,W
4/25/25 21:30,0.352,W
4/25/25 21:45,0.37,W
4/25/25 22:00,0.389,W
4/25/25 22:15,0.395,W
4/25/25 22:30,0.377,W
4/25/25 22:45,0.375,W
4/25/25 23:00,0.389,W
4/25/25 23:15,0.382,W
4/25/25 23:30,0.389,W
4/25/25 23:45,0.271,W
4/26/25 0:00,0.218,W
4/26/25 0:15,0.2,W
4/26/25 0:30,0.136,W
4/26/25 0:45,0.106,W
4/26/25 1:00,0.092,W
4/26/25 1:15,0.121,W
4/26/25 1:30,0.113,W
4/26/25 1:45,0.141,W
4/26/25 2:00,0.236,W
4/26/25 2:15,0.226,W
4/26/25 2:30,0.246,W
4/26/25 2:45,0.251,W
4/26/25 3:00,0.203,W
4/26/25 3:15,0.223,W
4/26/25 3:30,0.273,W
4/26/25 3:45,0.26,W
4/26/25 4:00,0.256,W
4/26/25 4:15,0.249,W
4/26/25 4:30,0.27,W
4/26/25 4:45,0.275,W
4/26/25 5:00,0.249,W
4/26/25 5:15,0.186,W
4/26/25 5:30,0.136,W
4/26/25 5:45,0.142,W
4/26/25 6:00,0.12,W
4/26/25 6:15,0.108,W
4/26/25 6:30,0.124,W
4/26/25 6:45,0.128,W
4/26/25 7:00,0.124,W
4/26/25 7:15,0.122,W
4/26/25 7:30,0.125,W
4/26/25 7:45,0.472,W
4/26/25 8:00,0.63,W
4/26/25 8:15,0.665,W
4/26/25 8:30,0.341,W
4/26/25 8:45,0.362,W
4/26/25 9:00,0.328,W
4/26/25 9:15,0.35,W
4/26/25 9:30,0.298,W
4/26/25 9:45,0.275,W
4/26/25 10:00,0.311,W
4/26/25 10:15,0.318,W
4/26/25 10:30,0.315,W
4/26/25 10:45,0.303,W
4/26/25 11:00,0.337,W
4/26/25 11:15,0.415,W
4/26/25 11:30,0.792,W
4/26/25 11:45,1.084,W
4/26/25 12:00,0.864,W
4/26/25 12:15,0.517,W
4/26/25 12:30,0.433,W
4/26/25 12:45,0.4,W
4/26/25 13:00,0.434,W
4/26/25 13:15,0.542,W
4/26/25 13:30,0.548,W
4/26/25 13:45,0.75,W
4/26/25 14:00,0.328,W
4/26/25 14:15,0.298,W
4/26/25 14:30,0.394,W
4/26/25 14:45,0.313,W
4/26/25 15:00,0.304,W
4/26/25 15:15,0.325,W
4/26/25 15:30,0.395,W
4/26/25 15:45,0.426,W
4/26/25 16:00,0.43,W
4/26/25 16:15,0.413,W
4/26/25 16:30,0.732,W
4/26/25 16:45,0.572,W
4/26/25 17:00,0.451,W
4/26/25 17:15,0.425,W
4/26/25 17:30,0.314,W
4/26/25 17:45,0.301,W
4/26/25 18:00,0.63,W
4/26/25 18:15,0.624,W
4/26/25 18:30,0.304,W
4/26/25 18:45,0.299,W
4/26/25 19:00,0.312,W
4/26/25 19:15,0.325,W
4/26/25 19:30,0.358,W
4/26/25 19:45,0.366,W
4/26/25 20:00,0.388,W
4/26/25 20:15,0.352,W
4/26/25 20:30,0.258,W
4/26/25 20:45,0.231,W
4/26/25 21:00,0.25,W
4/26/25 21:15,0.25,W
4/26/25 21:30,0.254,W
4/26/25 21:45,0.247,W
4/26/25 22:00,0.247,W
4/26/25 22:15,0.233,W
4/26/25 22:30,0.25,W
4/26/25 22:45,0.329,W
4/26/25 23:00,0.332,W
4/26/25 23:15,0.338,W
4/26/25 23:30,0.366,W
4/26/25 23:45,0.359,W
4/27/25 0:00,0.342,W
4/27/25 0:15,0.393,W
4/27/25 0:30,0.281,W
4/27/25 0:45,0.252,W
4/27/25 1:00,0.263,W
4/27/25 1:15,0.244,W
4/27/25 1:30,0.217,W
4/27/25 1:45,0.248,W
4/27/25 2:00,0.241,W
4/27/25 2:15,0.231,W
4/27/25 2:30,0.262,W
4/27/25 2:45,0.234,W
4/27/25 3:00,0.225,W
4/27/25 3:15,0.152,W
4/27/25 3:30,0.155,W
4/27/25 3:45,0.115,W
4/27/25 4:00,0.091,W
4/27/25 4:15,0.13,W
4/27/25 4:30,0.197,W
4/27/25 4:45,0.121,W
4/27/25 5:00,0.161,W
4/27/25 5:15,0.261,W
4/27/25 5:30,0.281,W
4/27/25 5:45,0.279,W
4/27/25 6:00,0.264,W
4/27/25 6:15,0.275,W
4/27/25 6:30,0.296,W
4/27/25 6:45,0.285,W
4/27/25 7:00,0.299,W
4/27/25 7:15,0.286,W
4/27/25 7:30,0.269,W
4/27/25 7:45,0.259,W
4/27/25 8:00,0.454,W
4/27/25 8:15,0.25,W
4/27/25 8:30,0.244,W
4/27/25 8:45,0.265,W
4/27/25 9:00,0.273,W
4/27/25 9:15,0.353,W
4/27/25 9:30,0.297,W
4/27/25 9:45,0.283,W
4/27/25 10:00,0.278,W
4/27/25 10:15,0.242,W
4/27/25 10:30,0.251,W
4/27/25 10:45,0.262,W
4/27/25 11:00,0.277,W
4/27/25 11:15,0.184,W
4/27/25 11:30,0.352,W
4/27/25 11:45,0.251,W
4/27/25 12:00,0.218,W
4/27/25 12:15,0.147,W
4/27/25 12:30,0.216,W
4/27/25 12:45,0.262,W
4/27/25 13:00,0.218,W
4/27/25 13:15,0.233,W
4/27/25 13:30,0.296,W
4/27/25 13:45,0.245,W
4/27/25 14:00,0.223,W
4/27/25 14:15,0.24,W
4/27/25 14:30,0.259,W
4/27/25 14:45,0.25,W
4/27/25 15:00,0.258,W
4/27/25 15:15,0.245,W
4/27/25 15:30,0.24,W
4/27/25 15:45,0.254,W
4/27/25 16:00,0.261,W
4/27/25 16:15,0.239,W
4/27/25 16:30,0.265,W
4/27/25 16:45,0.291,W
4/27/25 17:00,0.26,W
4/27/25 17:15,0.278,W
4/27/25 17:30,0.302,W
4/27/25 17:45,0.209,W
4/27/25 18:00,0.278,W
4/27/25 18:15,0.29,W
4/27/25 18:30,0.254,W
4/27/25 18:45,0.337,W
4/27/25 19:00,0.35,W
4/27/25 19:15,0.327,W
4/27/25 19:30,0.372,W
4/27/25 19:45,0.388,W
4/27/25 20:00,0.371,W
4/27/25 20:15,0.4,W
4/27/25 20:30,0.409,W
4/27/25 20:45,0.391,W
4/27/25 21:00,0.27,W
4/27/25 21:15,0.28,W
4/27/25 21:30,0.245,W
4/27/25 21:45,0.242,W
4/27/25 22:00,0.25,W
4/27/25 22:15,0.23,W
4/27/25 22:30,0.256,W
4/27/25 22:45,0.405,W
4/27/25 23:00,0.406,W
4/27/25 23:15,0.32,W
4/27/25 23:30,0.273,W
4/27/25 23:45,0.264,W
4/28/25 0:00,0.253,W
4/28/25 0:15,0.261,W
4/28/25 0:30,0.272,W
4/28/25 0:45,0.284,W
4/28/25 1:00,0.307,W
4/28/25 1:15,0.264,W
4/28/25 1:30,0.244,W
4/28/25 1:45,0.273,W
4/28/25 2:00,0.263,W
4/28/25 2:15,0.274,W
4/28/25 2:30,0.308,W
4/28/25 2:45,0.255,W
4/28/25 3:00,0.265,W
4/28/25 3:15,0.265,W
4/28/25 3:30,0.228,W
4/28/25 3:45,0.182,W
4/28/25 4:00,0.104,W
4/28/25 4:15,0.196,W
4/28/25 4:30,0.18,W
4/28/25 4:45,0.122,W
4/28/25 5:00,0.13,W
4/28/25 5:15,0.122,W
4/28/25 5:30,0.122,W
4/28/25 5:45,0.202,W
4/28/25 6:00,0.214,W
4/28/25 6:15,0.209,W
4/28/25 6:30,0.252,W
4/28/25 6:45,0.241,W
4/28/25 7:00,0.246,W
4/28/25 7:15,0.24,W
4/28/25 7:30,0.246,W
4/28/25 7:45,0.447,W
4/28/25 8:00,0.266,W
4/28/25 8:15,0.415,W
4/28/25 8:30,0.619,W
4/28/25 8:45,0.652,W
4/28/25 9:00,0.605,W
4/28/25 9:15,0.452,W
4/28/25 9:30,0.361,W
4/28/25 9:45,0.435,W
4/28/25 10:00,0.326,W
4/28/25 10:15,0.346,W
4/28/25 10:30,0.305,W
4/28/25 10:45,0.351,W
4/28/25 11:00,0.264,W
4/28/25 11:15,0.267,W
4/28/25 11:30,0.25,W
4/28/25 11:45,0.36,W
4/28/25 12:00,0.269,W
4/28/25 12:15,0.236,W
4/28/25 12:30,0.214,W
4/28/25 12:45,0.206,W
4/28/25 13:00,0.23,W
4/28/25 13:15,0.289,W
4/28/25 13:30,0.254,W
4/28/25 13:45,0.231,W
4/28/25 14:00,0.253,W
4/28/25 14:15,0.253,W
4/28/25 14:30,0.262,W
4/28/25 14:45,0.252,W
4/28/25 15:00,0.253,W
4/28/25 15:15,0.341,W
4/28/25 15:30,0.283,W
4/28/25 15:45,0.623,W
4/28/25 16:00,0.62,W
4/28/25 16:15,0.362,W
4/28/25 16:30,0.39,W
4/28/25 16:45,0.345,W
4/28/25 17:00,0.306,W
4/28/25 17:15,0.269,W
4/28/25 17:30,0.269,W
4/28/25 17:45,0.351,W
4/28/25 18:00,0.326,W
4/28/25 18:15,0.26,W
4/28/25 18:30,0.327,W
4/28/25 18:45,0.99,W
4/28/25 19:00,0.684,W
4/28/25 19:15,0.335,W
4/28/25 19:30,0.946,W
4/28/25 19:45,0.373,W
4/28/25 20:00,0.381,W
4/28/25 20:15,0.343,W
4/28/25 20:30,0.343,W
4/28/25 20:45,0.387,W
4/28/25 21:00,0.424,W
4/28/25 21:15,0.382,W
4/28/25 21:30,0.361,W
4/28/25 21:45,0.414,W
4/28/25 22:00,0.377,W
4/28/25 22:15,0.279,W
4/28/25 22:30,0.248,W
4/28/25 22:45,0.299,W
4/28/25 23:00,0.246,W
4/28/25 23:15,0.261,W
4/28/25 23:30,0.234,W
4/28/25 23:45,0.193,W
4/29/25 0:00,0.141,W
4/29/25 0:15,0.265,W
4/29/25 0:30,0.281,W
4/29/25 0:45,0.27,W
4/29/25 1:00,0.274,W
4/29/25 1:15,0.254,W
4/29/25 1:30,0.255,W
4/29/25 1:45,0.263,W
4/29/25 2:00,0.231,W
4/29/25 2:15,0.274,W
4/29/25 2:30,0.28,W
4/29/25 2:45,0.282,W
4/29/25 3:00,0.253,W
4/29/25 3:15,0.243,W
4/29/25 3:30,0.264,W
4/29/25 3:45,0.259,W
4/29/25 4:00,0.255,W
4/29/25 4:15,0.244,W
4/29/25 4:30,0.244,W
4/29/25 4:45,0.276,W
4/29/25 5:00,0.251,W
4/29/25 5:15,0.26,W
4/29/25 5:30,0.26,W
4/29/25 5:45,0.277,W
4/29/25 6:00,0.256,W
4/29/25 6:15,0.116,W
4/29/25 6:30,0.11,W
4/29/25 6:45,0.147,W
4/29/25 7:00,0.131,W
4/29/25 7:15,0.118,W
4/29/25 7:30,0.131,W
4/29/25 7:45,0.157,W
4/29/25 8:00,0.427,W
4/29/25 8:15,0.246,W
4/29/25 8:30,0.223,W
4/29/25 8:45,0.314,W
4/29/25 9:00,0.267,W
4/29/25 9:15,0.225,W
4/29/25 9:30,0.201,W
4/29/25 9:45,0.205,W
4/29/25 10:00,0.317,W
4/29/25 10:15,0.289,W
4/29/25 10:30,0.236,W
4/29/25 10:45,0.222,W
4/29/25 11:00,0.237,W
4/29/25 11:15,0.253,W
4/29/25 11:30,0.218,W
4/29/25 11:45,0.204,W
4/29/25 12:00,0.214,W
4/29/25 12:15,0.238,W
4/29/25 12:30,0.227,W
4/29/25 12:45,0.211,W
4/29/25 13:00,0.207,W
4/29/25 13:15,0.241,W
4/29/25 13:30,0.225,W
4/29/25 13:45,0.241,W
4/29/25 14:00,0.247,W
4/29/25 14:15,0.248,W
4/29/25 14:30,0.263,W
4/29/25 14:45,0.247,W
4/29/25 15:00,0.223,W
4/29/25 15:15,0.244,W
4/29/25 15:30,0.286,W
4/29/25 15:45,0.278,W
4/29/25 16:00,0.755,W
4/29/25 16:15,0.297,W
4/29/25 16:30,0.311,W
4/29/25 16:45,0.296,W
4/29/25 17:00,0.323,W
4/29/25 17:15,0.609,W
4/29/25 17:30,0.421,W
4/29/25 17:45,0.804,W
4/29/25 18:00,0.905,W
4/29/25 18:15,0.843,W
4/29/25 18:30,0.487,W
4/29/25 18:45,0.78,W
4/29/25 19:00,0.801,W
4/29/25 19:15,0.693,W
4/29/25 19:30,0.352,W
4/29/25 19:45,0.405,W
4/29/25 20:00,0.436,W
4/29/25 20:15,0.538,W
4/29/25 20:30,0.411,W
4/29/25 20:45,0.434,W
4/29/25 21:00,0.465,W
4/29/25 21:15,0.462,W
4/29/25 21:30,0.439,W
4/29/25 21:45,0.442,W
4/29/25 22:00,0.517,W
4/29/25 22:15,0.523,W
4/29/25 22:30,0.379,W
4/29/25 22:45,0.381,W
4/29/25 23:00,0.382,W
4/29/25 23:15,0.336,W
4/29/25 23:30,0.278,W
4/29/25 23:45,0.263,W
4/30/25 0:00,0.26,W
4/30/25 0:15,0.243,W
4/30/25 0:30,0.258,W
4/30/25 0:45,0.256,W
4/30/25 1:00,0.221,W
4/30/25 1:15,0.262,W
4/30/25 1:30,0.289,W
4/30/25 1:45,0.232,W
4/30/25 2:00,0.239,W
4/30/25 2:15,0.267,W
4/30/25 2:30,0.249,W
4/30/25 2:45,0.24,W
4/30/25 3:00,0.272,W
4/30/25 3:15,0.152,W
4/30/25 3:30,0.12,W
4/30/25 3:45,0.125,W
4/30/25 4:00,0.097,W
4/30/25 4:15,0.095,W
4/30/25 4:30,0.131,W
4/30/25 4:45,0.113,W
4/30/25 5:00,0.105,W
4/30/25 5:15,0.146,W
4/30/25 5:30,0.235,W
4/30/25 5:45,0.254,W
4/30/25 6:00,0.251,W
4/30/25 6:15,0.219,W
4/30/25 6:30,0.211,W
4/30/25 6:45,0.238,W
4/30/25 7:00,0.254,W
4/30/25 7:15,0.234,W
4/30/25 7:30,0.231,W
4/30/25 7:45,0.408,W
4/30/25 8:00,0.278,W
4/30/25 8:15,0.243,W
4/30/25 8:30,0.353,W
4/30/25 8:45,0.328,W
4/30/25 9:00,0.269,W
4/30/25 9:15,0.265,W
4/30/25 9:30,0.56,W
4/30/25 9:45,0.295,W
4/30/25 10:00,0.281,W
4/30/25 10:15,0.299,W
4/30/25 10:30,0.342,W
4/30/25 10:45,0.265,W
4/30/25 11:00,0.313,W
4/30/25 11:15,0.53,W
4/30/25 11:30,0.491,W
4/30/25 11:45,0.5,W
4/30/25 12:00,0.294,W
4/30/25 12:15,0.231,W
4/30/25 12:30,0.202,W
4/30/25 12:45,0.243,W
4/30/25 13:00,0.233,W
4/30/25 13:15,0.207,W
4/30/25 13:30,0.218,W
4/30/25 13:45,0.401,W
4/30/25 14:00,0.607,W
4/30/25 14:15,0.552,W
4/30/25 14:30,0.263,W
4/30/25 14:45,0.221,W
4/30/25 15:00,0.619,W
4/30/25 15:15,0.29,W
4/30/25 15:30,0.663,W
4/30/25 15:45,0.636,W
4/30/25 16:00,0.336,W
4/30/25 16:15,0.27,W
4/30/25 16:30,0.426,W
4/30/25 16:45,0.437,W
4/30/25 17:00,0.411,W
4/30/25 17:15,0.445,W
4/30/25 17:30,0.367,W
4/30/25 17:45,0.431,W
4/30/25 18:00,0.319,W
4/30/25 18:15,0.366,W
4/30/25 18:30,0.554,W
4/30/25 18:45,0.328,W
4/30/25 19:00,0.296,W
4/30/25 19:15,0.334,W
4/30/25 19:30,0.378,W
4/30/25 19:45,0.376,W
4/30/25 20:00,0.347,W
4/30/25 20:15,0.286,W
4/30/25 20:30,0.298,W
4/30/25 20:45,0.351,W
4/30/25 21:00,0.382,W
4/30/25 21:15,0.382,W
4/30/25 21:30,0.448,W
4/30/25 21:45,0.442,W
4/30/25 22:00,0.396,W
4/30/25 22:15,0.395,W
4/30/25 22:30,0.373,W
4/30/25 22:45,0.409,W
4/30/25 23:00,0.345,W
4/30/25 23:15,0.361,W
4/30/25 23:30,0.322,W
4/30/25 23:45,0.298,W
5/1/25 0:00,0.261,W
5/1/25 0:15,0.253,W
5/1/25 0:30,0.255,W
5/1/25 0:45,0.248,W
5/1/25 1:00,0.257,W
5/1/25 1:15,0.246,W
5/1/25 1:30,0.253,W
5/1/25 1:45,0.282,W
5/1/25 2:00,0.257,W
5/1/25 2:15,0.221,W
5/1/25 2:30,0.266,W
5/1/25 2:45,0.2,W
5/1/25 3:00,0.126,W
5/1/25 3:15,0.108,W
5/1/25 3:30,0.097,W
5/1/25 3:45,0.102,W
5/1/25 4:00,0.112,W
5/1/25 4:15,0.093,W
5/1/25 4:30,0.069,W
5/1/25 4:45,0.122,W
5/1/25 5:00,0.229,W
5/1/25 5:15,0.247,W
5/1/25 5:30,0.232,W
5/1/25 5:45,0.219,W
5/1/25 6:00,0.224,W
5/1/25 6:15,0.234,W
5/1/25 6:30,0.214,W
5/1/25 6:45,0.202,W
5/1/25 7:00,0.248,W
5/1/25 7:15,0.297,W
5/1/25 7:30,0.195,W
5/1/25 7:45,0.346,W
5/1/25 8:00,0.259,W
5/1/25 8:15,0.226,W
5/1/25 8:30,0.644,W
5/1/25 8:45,0.553,W
5/1/25 9:00,0.675,W
5/1/25 9:15,0.655,W
5/1/25 9:30,0.442,W
5/1/25 9:45,0.386,W
5/1/25 10:00,0.357,W
5/1/25 10:15,0.405,W
5/1/25 10:30,0.358,W
5/1/25 10:45,0.344,W
5/1/25 11:00,0.397,W
5/1/25 11:15,0.338,W
5/1/25 11:30,0.293,W
5/1/25 11:45,0.371,W
5/1/25 12:00,0.274,W
5/1/25 12:15,0.271,W
5/1/25 12:30,0.319,W
5/1/25 12:45,0.267,W
5/1/25 13:00,0.259,W
5/1/25 13:15,0.289,W
5/1/25 13:30,0.27,W
5/1/25 13:45,0.247,W
5/1/25 14:00,0.25,W
5/1/25 14:15,0.271,W
5/1/25 14:30,0.269,W
5/1/25 14:45,0.276,W
5/1/25 15:00,0.291,W
5/1/25 15:15,0.277,W
5/1/25 15:30,0.285,W
5/1/25 15:45,0.307,W
5/1/25 16:00,0.273,W
5/1/25 16:15,0.286,W
5/1/25 16:30,0.343,W
5/1/25 16:45,0.298,W
5/1/25 17:00,0.292,W
5/1/25 17:15,0.307,W
5/1/25 17:30,0.289,W
5/1/25 17:45,0.584,W
5/1/25 18:00,0.346,W
5/1/25 18:15,0.342,W
5/1/25 18:30,0.29,W
5/1/25 18:45,0.315,W
5/1/25 19:00,0.487,W
5/1/25 19:15,0.311,W
5/1/25 19:30,0.362,W
5/1/25 19:45,0.356,W
5/1/25 20:00,0.387,W
5/1/25 20:15,0.38,W
5/1/25 20:30,0.383,W
5/1/25 20:45,0.361,W
5/1/25 21:00,0.422,W
5/1/25 21:15,0.379,W
5/1/25 21:30,0.364,W
5/1/25 21:45,0.409,W
5/1/25 22:00,0.375,W
5/1/25 22:15,0.374,W
5/1/25 22:30,0.41,W
5/1/25 22:45,0.347,W
5/1/25 23:00,0.335,W
5/1/25 23:15,0.346,W
5/1/25 23:30,0.36,W
5/1/25 23:45,0.351,W
5/2/25 0:00,0.295,W
5/2/25 0:15,0.247,W
5/2/25 0:30,0.228,W
5/2/25 0:45,0.243,W
5/2/25 1:00,0.14,W
5/2/25 1:15,0.233,W
5/2/25 1:30,0.257,W
5/2/25 1:45,0.252,W
5/2/25 2:00,0.256,W
5/2/25 2:15,0.272,W
5/2/25 2:30,0.244,W
5/2/25 2:45,0.251,W
5/2/25 3:00,0.25,W
5/2/25 3:15,0.251,W
5/2/25 3:30,0.278,W
5/2/25 3:45,0.249,W
5/2/25 4:00,0.248,W
5/2/25 4:15,0.113,W
5/2/25 4:30,0.124,W
5/2/25 4:45,0.109,W
5/2/25 5:00,0.103,W
5/2/25 5:15,0.126,W
5/2/25 5:30,0.121,W
5/2/25 5:45,0.103,W
5/2/25 6:00,0.113,W
5/2/25 6:15,0.119,W
5/2/25 6:30,0.214,W
5/2/25 6:45,0.204,W
5/2/25 7:00,0.244,W
5/2/25 7:15,0.216,W
5/2/25 7:30,0.235,W
5/2/25 7:45,0.274,W
5/2/25 8:00,0.34,W
5/2/25 8:15,0.257,W
5/2/25 8:30,0.24,W
5/2/25 8:45,0.263,W
5/2/25 9:00,0.23,W
5/2/25 9:15,0.244,W
5/2/25 9:30,0.251,W
5/2/25 9:45,0.327,W
5/2/25 10:00,0.631,W
5/2/25 10:15,0.615,W
5/2/25 10:30,0.743,W
5/2/25 10:45,0.807,W
5/2/25 11:00,0.725,W
5/2/25 11:15,0.325,W
5/2/25 11:30,0.259,W
5/2/25 11:45,0.286,W
5/2/25 12:00,0.455,W
5/2/25 12:15,0.304,W
5/2/25 12:30,0.326,W
5/2/25 12:45,0.305,W
5/2/25 13:00,0.279,W
5/2/25 13:15,0.294,W
5/2/25 13:30,0.278,W
5/2/25 13:45,0.27,W
5/2/25 14:00,0.312,W
5/2/25 14:15,0.285,W
5/2/25 14:30,0.244,W
5/2/25 14:45,0.25,W
5/2/25 15:00,0.27,W
5/2/25 15:15,0.309,W
5/2/25 15:30,0.309,W
5/2/25 15:45,0.315,W
5/2/25 16:00,0.362,W
5/2/25 16:15,0.305,W
5/2/25 16:30,0.32,W
5/2/25 16:45,0.332,W
5/2/25 17:00,0.246,W
5/2/25 17:15,0.244,W
5/2/25 17:30,0.258,W
5/2/25 17:45,1.026,W
5/2/25 18:00,0.958,W
5/2/25 18:15,0.68,W
5/2/25 18:30,0.799,W
5/2/25 18:45,1.58,W
5/2/25 19:00,1.67,W
5/2/25 19:15,0.786,W
5/2/25 19:30,1.033,W
5/2/25 19:45,1.105,W
5/2/25 20:00,0.752,W
5/2/25 20:15,0.746,W
5/2/25 20:30,0.676,W
5/2/25 20:45,0.715,W
5/2/25 21:00,0.73,W
5/2/25 21:15,0.646,W
5/2/25 21:30,0.643,W
5/2/25 21:45,0.395,W
5/2/25 22:00,0.354,W
5/2/25 22:15,0.378,W
5/2/25 22:30,0.389,W
5/2/25 22:45,0.339,W
5/2/25 23:00,0.324,W
5/2/25 23:15,0.309,W
5/2/25 23:30,0.312,W
5/2/25 23:45,0.304,W
5/3/25 0:00,0.292,W
5/3/25 0:15,0.287,W
5/3/25 0:30,0.29,W
5/3/25 0:45,0.335,W
5/3/25 1:00,0.293,W
5/3/25 1:15,0.248,W
5/3/25 1:30,0.238,W
5/3/25 1:45,0.245,W
5/3/25 2:00,0.243,W
5/3/25 2:15,0.23,W
5/3/25 2:30,0.229,W
5/3/25 2:45,0.248,W
5/3/25 3:00,0.265,W
5/3/25 3:15,0.267,W
5/3/25 3:30,0.238,W
5/3/25 3:45,0.204,W
5/3/25 4:00,0.229,W
5/3/25 4:15,0.228,W
5/3/25 4:30,0.208,W
5/3/25 4:45,0.216,W
5/3/25 5:00,0.221,W
5/3/25 5:15,0.263,W
5/3/25 5:30,0.273,W
5/3/25 5:45,0.213,W
5/3/25 6:00,0.207,W
5/3/25 6:15,0.238,W
5/3/25 6:30,0.234,W
5/3/25 6:45,0.235,W
5/3/25 7:00,0.239,W
5/3/25 7:15,0.202,W
5/3/25 7:30,0.226,W
5/3/25 7:45,0.461,W
5/3/25 8:00,0.26,W
5/3/25 8:15,0.223,W
5/3/25 8:30,0.646,W
5/3/25 8:45,0.545,W
5/3/25 9:00,0.524,W
5/3/25 9:15,0.479,W
5/3/25 9:30,0.255,W
5/3/25 9:45,0.268,W
5/3/25 10:00,0.482,W
5/3/25 10:15,0.768,W
5/3/25 10:30,0.366,W
5/3/25 10:45,0.433,W
5/3/25 11:00,0.513,W
5/3/25 11:15,0.333,W
5/3/25 11:30,0.292,W
5/3/25 11:45,1.184,W
5/3/25 12:00,1.204,W
5/3/25 12:15,0.66,W
5/3/25 12:30,0.246,W
5/3/25 12:45,0.218,W
5/3/25 13:00,0.146,W
5/3/25 13:15,0.655,W
5/3/25 13:30,0.516,W
5/3/25 13:45,0.584,W
5/3/25 14:00,0.386,W
5/3/25 14:15,0.263,W
5/3/25 14:30,0.26,W
5/3/25 14:45,0.257,W
5/3/25 15:00,0.283,W
5/3/25 15:15,0.596,W
5/3/25 15:30,0.953,W
5/3/25 15:45,0.313,W
5/3/25 16:00,1.16,W
5/3/25 16:15,0.597,W
5/3/25 16:30,0.309,W
5/3/25 16:45,0.347,W
5/3/25 17:00,0.308,W
5/3/25 17:15,0.286,W
5/3/25 17:30,0.373,W
5/3/25 17:45,0.259,W
5/3/25 18:00,0.311,W
5/3/25 18:15,0.344,W
5/3/25 18:30,0.288,W
5/3/25 18:45,0.281,W
5/3/25 19:00,0.288,W
5/3/25 19:15,0.32,W
5/3/25 19:30,0.415,W
5/3/25 19:45,0.408,W
5/3/25 20:00,0.405,W
5/3/25 20:15,0.414,W
5/3/25 20:30,0.362,W
5/3/25 20:45,0.345,W
5/3/25 21:00,0.365,W
5/3/25 21:15,0.345,W
5/3/25 21:30,0.348,W
5/3/25 21:45,0.387,W
5/3/25 22:00,0.376,W
5/3/25 22:15,0.39,W
5/3/25 22:30,0.347,W
5/3/25 22:45,0.346,W
5/3/25 23:00,0.323,W
5/3/25 23:15,0.315,W
5/3/25 23:30,0.356,W
5/3/25 23:45,0.328,W
5/4/25 0:00,0.305,W
5/4/25 0:15,0.316,W
5/4/25 0:30,0.296,W
5/4/25 0:45,0.275,W
5/4/25 1:00,0.292,W
5/4/25 1:15,0.241,W
5/4/25 1:30,0.233,W
5/4/25 1:45,0.26,W
5/4/25 2:00,0.254,W
5/4/25 2:15,0.243,W
5/4/25 2:30,0.234,W
5/4/25 2:45,0.231,W
5/4/25 3:00,0.256,W
5/4/25 3:15,0.3,W
5/4/25 3:30,0.303,W
5/4/25 3:45,0.261,W
5/4/25 4:00,0.25,W
5/4/25 4:15,0.232,W
5/4/25 4:30,0.215,W
5/4/25 4:45,0.222,W
5/4/25 5:00,0.233,W
5/4/25 5:15,0.259,W
5/4/25 5:30,0.281,W
5/4/25 5:45,0.261,W
5/4/25 6:00,0.248,W
5/4/25 6:15,0.252,W
5/4/25 6:30,0.266,W
5/4/25 6:45,0.251,W
5/4/25 7:00,0.229,W
5/4/25 7:15,0.247,W
5/4/25 7:30,0.246,W
5/4/25 7:45,0.573,W
5/4/25 8:00,0.414,W
5/4/25 8:15,0.219,W
5/4/25 8:30,0.282,W
5/4/25 8:45,0.308,W
5/4/25 9:00,0.25,W
5/4/25 9:15,0.251,W
5/4/25 9:30,0.268,W
5/4/25 9:45,0.268,W
5/4/25 10:00,0.261,W
5/4/25 10:15,0.256,W
5/4/25 10:30,0.573,W
5/4/25 10:45,0.388,W
5/4/25 11:00,0.81,W
5/4/25 11:15,0.871,W
5/4/25 11:30,0.489,W
5/4/25 11:45,0.298,W
5/4/25 12:00,0.313,W
5/4/25 12:15,0.33,W
5/4/25 12:30,0.331,W
5/4/25 12:45,0.391,W
5/4/25 13:00,0.521,W
5/4/25 13:15,0.651,W
5/4/25 13:30,0.666,W
5/4/25 13:45,0.725,W
5/4/25 14:00,0.702,W
5/4/25 14:15,0.542,W
5/4/25 14:30,0.482,W
5/4/25 14:45,0.467,W
5/4/25 15:00,0.488,W
5/4/25 15:15,0.441,W
5/4/25 15:30,0.378,W
5/4/25 15:45,0.423,W
5/4/25 16:00,0.421,W
5/4/25 16:15,0.466,W
5/4/25 16:30,0.442,W
5/4/25 16:45,0.312,W
5/4/25 17:00,0.276,W
5/4/25 17:15,0.305,W
5/4/25 17:30,0.308,W
5/4/25 17:45,0.371,W
5/4/25 18:00,0.257,W
5/4/25 18:15,0.3,W
5/4/25 18:30,0.356,W
5/4/25 18:45,1.071,W
5/4/25 19:00,0.41,W
5/4/25 19:15,0.421,W
5/4/25 19:30,0.828,W
5/4/25 19:45,0.347,W
5/4/25 20:00,0.379,W
5/4/25 20:15,0.394,W
5/4/25 20:30,0.376,W
5/4/25 20:45,0.362,W
5/4/25 21:00,0.405,W
5/4/25 21:15,0.656,W
5/4/25 21:30,0.763,W
5/4/25 21:45,0.409,W
5/4/25 22:00,0.418,W
5/4/25 22:15,0.4,W
5/4/25 22:30,0.519,W
5/4/25 22:45,0.389,W
5/4/25 23:00,0.354,W
5/4/25 23:15,0.358,W
5/4/25 23:30,0.286,W
5/4/25 23:45,0.293,W
5/5/25 0:00,0.274,W
5/5/25 0:15,0.304,W
5/5/25 0:30,0.255,W
5/5/25 0:45,0.261,W
5/5/25 1:00,0.24,W
5/5/25 1:15,0.244,W
5/5/25 1:30,0.227,W
5/5/25 1:45,0.261,W
5/5/25 2:00,0.244,W
5/5/25 2:15,0.25,W
5/5/25 2:30,0.231,W
5/5/25 2:45,0.201,W
5/5/25 3:00,0.232,W
5/5/25 3:15,0.254,W
5/5/25 3:30,0.221,W
5/5/25 3:45,0.235,W
5/5/25 4:00,0.242,W
5/5/25 4:15,0.24,W
5/5/25 4:30,0.219,W
5/5/25 4:45,0.21,W
5/5/25 5:00,0.217,W
5/5/25 5:15,0.236,W
5/5/25 5:30,0.231,W
5/5/25 5:45,0.235,W
5/5/25 6:00,0.232,W
5/5/25 6:15,0.22,W
5/5/25 6:30,0.24,W
5/5/25 6:45,0.256,W
5/5/25 7:00,0.233,W
5/5/25 7:15,0.221,W
5/5/25 7:30,0.279,W
5/5/25 7:45,0.32,W
5/5/25 8:00,0.208,W
5/5/25 8:15,0.214,W
5/5/25 8:30,0.224,W
5/5/25 8:45,0.259,W
5/5/25 9:00,0.219,W
5/5/25 9:15,0.223,W
5/5/25 9:30,0.217,W
5/5/25 9:45,0.215,W
5/5/25 10:00,0.241,W
5/5/25 10:15,0.25,W
5/5/25 10:30,0.2,W
5/5/25 10:45,0.205,W
5/5/25 11:00,0.242,W
5/5/25 11:15,0.237,W
5/5/25 11:30,0.231,W
5/5/25 11:45,0.253,W
5/5/25 12:00,0.521,W
5/5/25 12:15,0.46,W
5/5/25 12:30,0.324,W
5/5/25 12:45,0.445,W
5/5/25 13:00,0.571,W
5/5/25 13:15,0.579,W
5/5/25 13:30,0.544,W
5/5/25 13:45,0.247,W
5/5/25 14:00,0.239,W
5/5/25 14:15,0.276,W
5/5/25 14:30,0.431,W
5/5/25 14:45,0.56,W
5/5/25 15:00,0.524,W
5/5/25 15:15,0.277,W
5/5/25 15:30,0.592,W
5/5/25 15:45,0.692,W
5/5/25 16:00,0.29,W
5/5/25 16:15,0.269,W
5/5/25 16:30,0.252,W
5/5/25 16:45,0.258,W
5/5/25 17:00,0.245,W
5/5/25 17:15,0.334,W
5/5/25 17:30,0.259,W
5/5/25 17:45,0.311,W
5/5/25 18:00,0.303,W
5/5/25 18:15,0.302,W
5/5/25 18:30,0.278,W
5/5/25 18:45,0.281,W
5/5/25 19:00,0.278,W
5/5/25 19:15,0.292,W
5/5/25 19:30,0.33,W
5/5/25 19:45,0.373,W
5/5/25 20:00,0.342,W
5/5/25 20:15,0.6,W
5/5/25 20:30,0.525,W
5/5/25 20:45,0.378,W
5/5/25 21:00,0.45,W
5/5/25 21:15,0.359,W
5/5/25 21:30,0.335,W
5/5/25 21:45,0.328,W
5/5/25 22:00,0.395,W
5/5/25 22:15,0.34,W
5/5/25 22:30,0.252,W
5/5/25 22:45,0.252,W
5/5/25 23:00,0.245,W
5/5/25 23:15,0.24,W
5/5/25 23:30,0.242,W
5/5/25 23:45,0.246,W
5/6/25 0:00,0.26,W
5/6/25 0:15,0.259,W
5/6/25 0:30,0.211,W
5/6/25 0:45,0.236,W
5/6/25 1:00,0.248,W
5/6/25 1:15,0.276,W
5/6/25 1:30,0.281,W
5/6/25 1:45,0.258,W
5/6/25 2:00,0.262,W
5/6/25 2:15,0.285,W
5/6/25 2:30,0.286,W
5/6/25 2:45,0.251,W
5/6/25 3:00,0.213,W
5/6/25 3:15,0.207,W
5/6/25 3:30,0.221,W
5/6/25 3:45,0.249,W
5/6/25 4:00,0.195,W
5/6/25 4:15,0.197,W
5/6/25 4:30,0.235,W
5/6/25 4:45,0.222,W
5/6/25 5:00,0.241,W
5/6/25 5:15,0.273,W
5/6/25 5:30,0.233,W
5/6/25 5:45,0.225,W
5/6/25 6:00,0.234,W
5/6/25 6:15,0.213,W
5/6/25 6:30,0.196,W
5/6/25 6:45,0.213,W
5/6/25 7:00,0.221,W
5/6/25 7:15,0.09,W
5/6/25 7:30,0.097,W
5/6/25 7:45,0.128,W
5/6/25 8:00,0.12,W
5/6/25 8:15,0.11,W
5/6/25 8:30,0.205,W
5/6/25 8:45,0.208,W
5/6/25 9:00,0.253,W
5/6/25 9:15,0.275,W
5/6/25 9:30,0.266,W
5/6/25 9:45,0.222,W
5/6/25 10:00,0.237,W
5/6/25 10:15,0.295,W
5/6/25 10:30,0.28,W
5/6/25 10:45,0.64,W
5/6/25 11:00,0.504,W
5/6/25 11:15,0.397,W
5/6/25 11:30,0.351,W
5/6/25 11:45,0.378,W
5/6/25 12:00,0.271,W
5/6/25 12:15,0.326,W
5/6/25 12:30,0.371,W
5/6/25 12:45,0.635,W
5/6/25 13:00,0.685,W
5/6/25 13:15,0.601,W
5/6/25 13:30,0.263,W
5/6/25 13:45,0.302,W
5/6/25 14:00,0.307,W
5/6/25 14:15,0.251,W
5/6/25 14:30,0.267,W
5/6/25 14:45,0.279,W
5/6/25 15:00,0.265,W
5/6/25 15:15,0.323,W
5/6/25 15:30,0.307,W
5/6/25 15:45,0.287,W
5/6/25 16:00,0.309,W
5/6/25 16:15,0.299,W
5/6/25 16:30,0.389,W
5/6/25 16:45,0.261,W
5/6/25 17:00,0.261,W
5/6/25 17:15,0.285,W
5/6/25 17:30,0.281,W
5/6/25 17:45,0.618,W
5/6/25 18:00,0.278,W
5/6/25 18:15,0.307,W
5/6/25 18:30,0.302,W
5/6/25 18:45,0.31,W
5/6/25 19:00,0.282,W
5/6/25 19:15,0.275,W
5/6/25 19:30,0.341,W
5/6/25 19:45,0.364,W
5/6/25 20:00,0.536,W
5/6/25 20:15,0.399,W
5/6/25 20:30,0.384,W
5/6/25 20:45,0.403,W
5/6/25 21:00,0.48,W
5/6/25 21:15,0.385,W
5/6/25 21:30,0.399,W
5/6/25 21:45,0.827,W
5/6/25 22:00,0.46,W
5/6/25 22:15,0.425,W
5/6/25 22:30,0.336,W
5/6/25 22:45,0.346,W
5/6/25 23:00,0.36,W
5/6/25 23:15,0.305,W
5/6/25 23:30,0.382,W
5/6/25 23:45,0.393,W
5/7/25 0:00,0.407,W
5/7/25 0:15,0.439,W
5/7/25 0:30,0.446,W
5/7/25 0:45,0.421,W
5/7/25 1:00,0.408,W
5/7/25 1:15,0.416,W
5/7/25 1:30,0.269,W
5/7/25 1:45,0.274,W
5/7/25 2:00,0.243,W
5/7/25 2:15,0.223,W
5/7/25 2:30,0.245,W
5/7/25 2:45,0.268,W
5/7/25 3:00,0.246,W
5/7/25 3:15,0.239,W
5/7/25 3:30,0.24,W
5/7/25 3:45,0.271,W
5/7/25 4:00,0.256,W
5/7/25 4:15,0.254,W
5/7/25 4:30,0.269,W
5/7/25 4:45,0.234,W
5/7/25 5:00,0.241,W
5/7/25 5:15,0.278,W
5/7/25 5:30,0.232,W
5/7/25 5:45,0.222,W
5/7/25 6:00,0.259,W
5/7/25 6:15,0.246,W
5/7/25 6:30,0.216,W
5/7/25 6:45,0.26,W
5/7/25 7:00,0.302,W
5/7/25 7:15,0.189,W
5/7/25 7:30,0.178,W
5/7/25 7:45,0.296,W
5/7/25 8:00,0.44,W
5/7/25 8:15,0.298,W
5/7/25 8:30,0.27,W
5/7/25 8:45,0.28,W
5/7/25 9:00,0.24,W
5/7/25 9:15,0.251,W
5/7/25 9:30,0.264,W
5/7/25 9:45,0.267,W
5/7/25 10:00,0.243,W
5/7/25 10:15,0.262,W
5/7/25 10:30,0.308,W
5/7/25 10:45,0.256,W
5/7/25 11:00,0.201,W
5/7/25 11:15,0.213,W
5/7/25 11:30,0.384,W
5/7/25 11:45,0.227,W
5/7/25 12:00,0.213,W
5/7/25 12:15,0.264,W
5/7/25 12:30,0.257,W
5/7/25 12:45,0.205,W
5/7/25 13:00,0.223,W
5/7/25 13:15,0.233,W
5/7/25 13:30,0.191,W
5/7/25 13:45,0.196,W
5/7/25 14:00,0.215,W
5/7/25 14:15,0.214,W
5/7/25 14:30,0.227,W
5/7/25 14:45,0.233,W
5/7/25 15:00,0.577,W
5/7/25 15:15,0.133,W
5/7/25 15:30,0.159,W
5/7/25 15:45,0.19,W
5/7/25 16:00,0.218,W
5/7/25 16:15,0.24,W
5/7/25 16:30,0.276,W
5/7/25 16:45,0.249,W
5/7/25 17:00,0.235,W
5/7/25 17:15,0.263,W
5/7/25 17:30,0.313,W
5/7/25 17:45,0.489,W
5/7/25 18:00,0.424,W
5/7/25 18:15,0.586,W
5/7/25 18:30,0.661,W
5/7/25 18:45,0.808,W
5/7/25 19:00,1.05,W
5/7/25 19:15,0.671,W
5/7/25 19:30,0.751,W
5/7/25 19:45,0.742,W
5/7/25 20:00,0.724,W
5/7/25 20:15,0.724,W
5/7/25 20:30,0.664,W
5/7/25 20:45,0.705,W
5/7/25 21:00,0.709,W
5/7/25 21:15,0.736,W
5/7/25 21:30,0.678,W
5/7/25 21:45,0.689,W
5/7/25 22:00,0.706,W
5/7/25 22:15,0.696,W
5/7/25 22:30,0.686,W
5/7/25 22:45,0.702,W
5/7/25 23:00,0.716,W
5/7/25 23:15,0.686,W
5/7/25 23:30,0.675,W
5/7/25 23:45,0.689,W
5/8/25 0:00,0.64,W
5/8/25 0:15,0.585,W
5/8/25 0:30,0.226,W
5/8/25 0:45,0.102,W
5/8/25 1:00,0.12,W
5/8/25 1:15,0.132,W
5/8/25 1:30,0.117,W
5/8/25 1:45,0.092,W
5/8/25 2:00,0.172,W
5/8/25 2:15,0.226,W
5/8/25 2:30,0.207,W
5/8/25 2:45,0.218,W
5/8/25 3:00,0.205,W
5/8/25 3:15,0.205,W
5/8/25 3:30,0.244,W
5/8/25 3:45,0.222,W
5/8/25 4:00,0.189,W
5/8/25 4:15,0.243,W
5/8/25 4:30,0.25,W
5/8/25 4:45,0.226,W
5/8/25 5:00,0.233,W
5/8/25 5:15,0.246,W
5/8/25 5:30,0.257,W
5/8/25 5:45,0.254,W
5/8/25 6:00,0.215,W
5/8/25 6:15,0.196,W
5/8/25 6:30,0.221,W
5/8/25 6:45,0.234,W
5/8/25 7:00,0.301,W
5/8/25 7:15,0.221,W
5/8/25 7:30,0.207,W
5/8/25 7:45,0.289,W
5/8/25 8:00,0.236,W
5/8/25 8:15,0.227,W
5/8/25 8:30,0.189,W
5/8/25 8:45,0.226,W
5/8/25 9:00,0.234,W
5/8/25 9:15,0.223,W
5/8/25 9:30,0.246,W
5/8/25 9:45,0.24,W
5/8/25 10:00,0.236,W
5/8/25 10:15,0.234,W
5/8/25 10:30,0.203,W
5/8/25 10:45,0.21,W
5/8/25 11:00,0.236,W
5/8/25 11:15,0.28,W
5/8/25 11:30,0.219,W
5/8/25 11:45,0.206,W
5/8/25 12:00,0.275,W
5/8/25 12:15,0.311,W
5/8/25 12:30,0.499,W
5/8/25 12:45,0.682,W
5/8/25 13:00,1.176,W
5/8/25 13:15,0.716,W
5/8/25 13:30,1.205,W
5/8/25 13:45,0.502,W
5/8/25 14:00,0.704,W
5/8/25 14:15,0.485,W
5/8/25 14:30,0.74,W
5/8/25 14:45,0.619,W
5/8/25 15:00,0.319,W
5/8/25 15:15,0.33,W
5/8/25 15:30,0.571,W
5/8/25 15:45,0.426,W
5/8/25 16:00,0.634,W
5/8/25 16:15,0.378,W
5/8/25 16:30,0.358,W
5/8/25 16:45,0.318,W
5/8/25 17:00,0.284,W
5/8/25 17:15,0.365,W
5/8/25 17:30,1.119,W
5/8/25 17:45,0.872,W
5/8/25 18:00,0.401,W
5/8/25 18:15,0.338,W
5/8/25 18:30,0.367,W
5/8/25 18:45,0.708,W
5/8/25 19:00,0.676,W
5/8/25 19:15,0.682,W
5/8/25 19:30,0.481,W
5/8/25 19:45,0.396,W
5/8/25 20:00,0.376,W
5/8/25 20:15,0.372,W
5/8/25 20:30,0.349,W
5/8/25 20:45,0.367,W
5/8/25 21:00,0.347,W
5/8/25 21:15,0.335,W
5/8/25 21:30,0.308,W
5/8/25 21:45,0.249,W
5/8/25 22:00,0.383,W
5/8/25 22:15,0.394,W
5/8/25 22:30,0.374,W
5/8/25 22:45,0.332,W
5/8/25 23:00,0.379,W
5/8/25 23:15,0.331,W
5/8/25 23:30,0.336,W
5/8/25 23:45,0.317,W
5/9/25 0:00,0.339,W
5/9/25 0:15,0.357,W
5/9/25 0:30,0.353,W
5/9/25 0:45,0.368,W
5/9/25 1:00,0.351,W
5/9/25 1:15,0.354,W
5/9/25 1:30,0.371,W
5/9/25 1:45,0.316,W
5/9/25 2:00,0.333,W
5/9/25 2:15,0.329,W
5/9/25 2:30,0.321,W
5/9/25 2:45,0.335,W
5/9/25 3:00,0.34,W
5/9/25 3:15,0.304,W
5/9/25 3:30,0.308,W
5/9/25 3:45,0.29,W
5/9/25 4:00,0.244,W
5/9/25 4:15,0.242,W
5/9/25 4:30,0.23,W
5/9/25 4:45,0.118,W
5/9/25 5:00,0.11,W
5/9/25 5:15,0.128,W
5/9/25 5:30,0.143,W
5/9/25 5:45,0.13,W
5/9/25 6:00,0.111,W
5/9/25 6:15,0.106,W
5/9/25 6:30,0.202,W
5/9/25 6:45,0.262,W
5/9/25 7:00,0.261,W
5/9/25 7:15,0.249,W
5/9/25 7:30,0.256,W
5/9/25 7:45,0.228,W
5/9/25 8:00,0.441,W
5/9/25 8:15,0.261,W
5/9/25 8:30,0.256,W
5/9/25 8:45,0.266,W
5/9/25 9:00,0.252,W
5/9/25 9:15,0.29,W
5/9/25 9:30,0.232,W
5/9/25 9:45,0.234,W
5/9/25 10:00,0.625,W
5/9/25 10:15,0.538,W
5/9/25 10:30,0.541,W
5/9/25 10:45,0.397,W
5/9/25 11:00,0.481,W
5/9/25 11:15,0.755,W
5/9/25 11:30,0.695,W
5/9/25 11:45,0.782,W
5/9/25 12:00,0.572,W
5/9/25 12:15,0.49,W
5/9/25 12:30,0.4,W
5/9/25 12:45,0.454,W
5/9/25 13:00,0.437,W
5/9/25 13:15,0.392,W
5/9/25 13:30,0.402,W
5/9/25 13:45,0.341,W
5/9/25 14:00,0.347,W
5/9/25 14:15,0.38,W
5/9/25 14:30,0.395,W
5/9/25 14:45,0.735,W
5/9/25 15:00,0.519,W
5/9/25 15:15,1.094,W
5/9/25 15:30,1.003,W
5/9/25 15:45,0.702,W
5/9/25 16:00,0.379,W
5/9/25 16:15,0.283,W
5/9/25 16:30,0.296,W
5/9/25 16:45,0.291,W
5/9/25 17:00,0.386,W
5/9/25 17:15,0.412,W
5/9/25 17:30,0.37,W
5/9/25 17:45,0.381,W
5/9/25 18:00,0.577,W
5/9/25 18:15,0.57,W
5/9/25 18:30,0.44,W
5/9/25 18:45,0.435,W
5/9/25 19:00,0.495,W
5/9/25 19:15,0.814,W
5/9/25 19:30,0.633,W
5/9/25 19:45,0.707,W
5/9/25 20:00,0.532,W
5/9/25 20:15,0.358,W
5/9/25 20:30,0.316,W
5/9/25 20:45,0.346,W
5/9/25 21:00,0.342,W
5/9/25 21:15,0.327,W
5/9/25 21:30,0.314,W
5/9/25 21:45,0.326,W
5/9/25 22:00,0.423,W
5/9/25 22:15,0.47,W
5/9/25 22:30,0.36,W
5/9/25 22:45,0.343,W
5/9/25 23:00,0.314,W
5/9/25 23:15,0.353,W
5/9/25 23:30,0.3,W
5/9/25 23:45,0.263,W
5/10/25 0:00,0.287,W
5/10/25 0:15,0.278,W
5/10/25 0:30,0.265,W
5/10/25 0:45,0.28,W
5/10/25 1:00,0.275,W
5/10/25 1:15,0.3,W
5/10/25 1:30,0.306,W
5/10/25 1:45,0.269,W
5/10/25 2:00,0.251,W
5/10/25 2:15,0.268,W
5/10/25 2:30,0.266,W
5/10/25 2:45,0.268,W
5/10/25 3:00,0.249,W
5/10/25 3:15,0.262,W
5/10/25 3:30,0.296,W
5/10/25 3:45,0.279,W
5/10/25 4:00,0.236,W
5/10/25 4:15,0.127,W
5/10/25 4:30,0.119,W
5/10/25 4:45,0.134,W
5/10/25 5:00,0.118,W
5/10/25 5:15,0.119,W
5/10/25 5:30,0.127,W
5/10/25 5:45,0.143,W
5/10/25 6:00,0.137,W
5/10/25 6:15,0.113,W
5/10/25 6:30,0.245,W
5/10/25 6:45,0.237,W
5/10/25 7:00,0.237,W
5/10/25 7:15,0.228,W
5/10/25 7:30,0.237,W
5/10/25 7:45,0.396,W
5/10/25 8:00,0.276,W
5/10/25 8:15,0.261,W
5/10/25 8:30,0.255,W
5/10/25 8:45,0.274,W
5/10/25 9:00,0.28,W
5/10/25 9:15,0.297,W
5/10/25 9:30,0.223,W
5/10/25 9:45,0.257,W
5/10/25 10:00,0.234,W
5/10/25 10:15,0.263,W
5/10/25 10:30,0.241,W
5/10/25 10:45,0.266,W
5/10/25 11:00,0.266,W
5/10/25 11:15,0.4,W
5/10/25 11:30,0.601,W
5/10/25 11:45,0.721,W
5/10/25 12:00,0.404,W
5/10/25 12:15,0.626,W
5/10/25 12:30,0.523,W
5/10/25 12:45,0.376,W
5/10/25 13:00,0.394,W
5/10/25 13:15,0.29,W
5/10/25 13:30,0.657,W
5/10/25 13:45,0.622,W
5/10/25 14:00,0.639,W
5/10/25 14:15,0.273,W
5/10/25 14:30,0.28,W
5/10/25 14:45,0.265,W
5/10/25 15:00,1.289,W
5/10/25 15:15,1.031,W
5/10/25 15:30,0.724,W
5/10/25 15:45,0.814,W
5/10/25 16:00,0.57,W
5/10/25 16:15,0.658,W
5/10/25 16:30,0.818,W
5/10/25 16:45,0.579,W
5/10/25 17:00,0.31,W
5/10/25 17:15,0.79,W
5/10/25 17:30,0.577,W
5/10/25 17:45,0.471,W
5/10/25 18:00,0.374,W
5/10/25 18:15,0.319,W
5/10/25 18:30,0.333,W
5/10/25 18:45,0.301,W
5/10/25 19:00,0.255,W
5/10/25 19:15,0.281,W
5/10/25 19:30,0.35,W
5/10/25 19:45,0.366,W
5/10/25 20:00,0.388,W
5/10/25 20:15,0.362,W
5/10/25 20:30,0.385,W
5/10/25 20:45,0.385,W
5/10/25 21:00,0.358,W
5/10/25 21:15,0.359,W
5/10/25 21:30,0.351,W
5/10/25 21:45,0.39,W
5/10/25 22:00,0.429,W
5/10/25 22:15,0.422,W
5/10/25 22:30,0.396,W
5/10/25 22:45,0.406,W
5/10/25 23:00,0.387,W
5/10/25 23:15,0.354,W
5/10/25 23:30,0.368,W
5/10/25 23:45,0.361,W
5/11/25 0:00,0.337,W
5/11/25 0:15,0.341,W
5/11/25 0:30,0.265,W
5/11/25 0:45,0.264,W
5/11/25 1:00,0.288,W
5/11/25 1:15,0.154,W
5/11/25 1:30,0.11,W
5/11/25 1:45,0.109,W
5/11/25 2:00,0.12,W
5/11/25 2:15,0.089,W
5/11/25 2:30,0.094,W
5/11/25 2:45,0.101,W
5/11/25 3:00,0.099,W
5/11/25 3:15,0.145,W
5/11/25 3:30,0.243,W
5/11/25 3:45,0.201,W
5/11/25 4:00,0.225,W
5/11/25 4:15,0.252,W
5/11/25 4:30,0.216,W
5/11/25 4:45,0.206,W
5/11/25 5:00,0.26,W
5/11/25 5:15,0.288,W
5/11/25 5:30,0.243,W
5/11/25 5:45,0.217,W
5/11/25 6:00,0.225,W
5/11/25 6:15,0.245,W
5/11/25 6:30,0.243,W
5/11/25 6:45,0.213,W
5/11/25 7:00,0.268,W
5/11/25 7:15,0.18,W
5/11/25 7:30,0.129,W
5/11/25 7:45,0.28,W
5/11/25 8:00,0.082,W
5/11/25 8:15,0.111,W
5/11/25 8:30,0.101,W
5/11/25 8:45,0.182,W
5/11/25 9:00,0.865,W
5/11/25 9:15,0.226,W
5/11/25 9:30,0.341,W
5/11/25 9:45,0.792,W
5/11/25 10:00,0.22,W
5/11/25 10:15,0.226,W
5/11/25 10:30,0.286,W
5/11/25 10:45,0.281,W
5/11/25 11:00,0.259,W
5/11/25 11:15,0.285,W
5/11/25 11:30,0.452,W
5/11/25 11:45,0.475,W
5/11/25 12:00,0.307,W
5/11/25 12:15,0.289,W
5/11/25 12:30,0.281,W
5/11/25 12:45,0.291,W
5/11/25 13:00,0.271,W
5/11/25 13:15,0.257,W
5/11/25 13:30,0.26,W
5/11/25 13:45,0.271,W
5/11/25 14:00,0.308,W
5/11/25 14:15,0.259,W
5/11/25 14:30,0.235,W
5/11/25 14:45,0.289,W
5/11/25 15:00,0.331,W
5/11/25 15:15,0.487,W
5/11/25 15:30,0.362,W
5/11/25 15:45,0.265,W
5/11/25 16:00,0.254,W
5/11/25 16:15,0.294,W
5/11/25 16:30,0.387,W
5/11/25 16:45,0.372,W
5/11/25 17:00,0.384,W
5/11/25 17:15,0.331,W
5/11/25 17:30,0.596,W
5/11/25 17:45,0.309,W
5/11/25 18:00,0.362,W
5/11/25 18:15,0.301,W
5/11/25 18:30,0.295,W
5/11/25 18:45,0.666,W
5/11/25 19:00,0.609,W
5/11/25 19:15,0.952,W
5/11/25 19:30,0.82,W
5/11/25 19:45,0.647,W
5/11/25 20:00,0.349,W
5/11/25 20:15,0.722,W
5/11/25 20:30,0.515,W
5/11/25 20:45,0.316,W
5/11/25 21:00,0.301,W
5/11/25 21:15,0.394,W
5/11/25 21:30,0.321,W
5/11/25 21:45,0.327,W
5/11/25 22:00,0.396,W
5/11/25 22:15,0.459,W
5/11/25 22:30,0.425,W
5/11/25 22:45,0.41,W
5/11/25 23:00,0.297,W
5/11/25 23:15,0.333,W
5/11/25 23:30,0.299,W
5/11/25 23:45,0.262,W
5/12/25 0:00,0.224,W
5/12/25 0:15,0.196,W
5/12/25 0:30,0.188,W
5/12/25 0:45,0.223,W
5/12/25 1:00,0.223,W
5/12/25 1:15,0.216,W
5/12/25 1:30,0.226,W
5/12/25 1:45,0.243,W
5/12/25 2:00,0.214,W
5/12/25 2:15,0.187,W
5/12/25 2:30,0.216,W
5/12/25 2:45,0.232,W
5/12/25 3:00,0.249,W
5/12/25 3:15,0.237,W
5/12/25 3:30,0.287,W
5/12/25 3:45,0.204,W
5/12/25 4:00,0.205,W
5/12/25 4:15,0.239,W
5/12/25 4:30,0.2,W
5/12/25 4:45,0.188,W
5/12/25 5:00,0.231,W
5/12/25 5:15,0.244,W
5/12/25 5:30,0.122,W
5/12/25 5:45,0.188,W
5/12/25 6:00,0.261,W
5/12/25 6:15,0.243,W
5/12/25 6:30,0.243,W
5/12/25 6:45,0.218,W
5/12/25 7:00,0.226,W
5/12/25 7:15,0.242,W
5/12/25 7:30,0.238,W
5/12/25 7:45,0.253,W
5/12/25 8:00,0.248,W
5/12/25 8:15,0.257,W
5/12/25 8:30,0.256,W
5/12/25 8:45,0.246,W
5/12/25 9:00,0.247,W
5/12/25 9:15,0.264,W
5/12/25 9:30,0.293,W
5/12/25 9:45,0.257,W
5/12/25 10:00,0.234,W
5/12/25 10:15,0.26,W
5/12/25 10:30,0.363,W
5/12/25 10:45,0.242,W
5/12/25 11:00,0.252,W
5/12/25 11:15,0.232,W
5/12/25 11:30,0.272,W
5/12/25 11:45,0.31,W
5/12/25 12:00,0.384,W
5/12/25 12:15,0.345,W
5/12/25 12:30,0.251,W
5/12/25 12:45,0.299,W
5/12/25 13:00,0.326,W
5/12/25 13:15,0.282,W
5/12/25 13:30,0.289,W
5/12/25 13:45,0.291,W
5/12/25 14:00,0.301,W
5/12/25 14:15,0.325,W
5/12/25 14:30,0.339,W
5/12/25 14:45,0.342,W
5/12/25 15:00,0.324,W
5/12/25 15:15,0.296,W
5/12/25 15:30,0.384,W
5/12/25 15:45,0.468,W
5/12/25 16:00,0.419,W
5/12/25 16:15,0.388,W
5/12/25 16:30,0.428,W
5/12/25 16:45,0.462,W
5/12/25 17:00,0.419,W
5/12/25 17:15,0.439,W
5/12/25 17:30,0.346,W
5/12/25 17:45,0.266,W
5/12/25 18:00,0.318,W
5/12/25 18:15,0.34,W
5/12/25 18:30,0.323,W
5/12/25 18:45,0.309,W
5/12/25 19:00,0.325,W
5/12/25 19:15,0.357,W
5/12/25 19:30,0.343,W
5/12/25 19:45,0.355,W
5/12/25 20:00,0.362,W
5/12/25 20:15,0.406,W
5/12/25 20:30,0.411,W
5/12/25 20:45,0.359,W
5/12/25 21:00,0.403,W
5/12/25 21:15,0.387,W
5/12/25 21:30,0.365,W
5/12/25 21:45,0.333,W
5/12/25 22:00,0.321,W
5/12/25 22:15,0.418,W
5/12/25 22:30,0.397,W
5/12/25 22:45,0.353,W
5/12/25 23:00,0.336,W
5/12/25 23:15,0.319,W
5/12/25 23:30,0.24,W
5/12/25 23:45,0.221,W
5/13/25 0:00,0.216,W
5/13/25 0:15,0.199,W
5/13/25 0:30,0.107,W
5/13/25 0:45,0.117,W
5/13/25 1:00,0.103,W
5/13/25 1:15,0.091,W
5/13/25 1:30,0.121,W
5/13/25 1:45,0.125,W
5/13/25 2:00,0.126,W
5/13/25 2:15,0.126,W
5/13/25 2:30,0.229,W
5/13/25 2:45,0.243,W
5/13/25 3:00,0.246,W
5/13/25 3:15,0.217,W
5/13/25 3:30,0.213,W
5/13/25 3:45,0.28,W
5/13/25 4:00,0.263,W
5/13/25 4:15,0.218,W
5/13/25 4:30,0.234,W
5/13/25 4:45,0.24,W
5/13/25 5:00,0.23,W
5/13/25 5:15,0.257,W
5/13/25 5:30,0.233,W
5/13/25 5:45,0.225,W
5/13/25 6:00,0.236,W
5/13/25 6:15,0.102,W
5/13/25 6:30,0.094,W
5/13/25 6:45,0.385,W
5/13/25 7:00,0.276,W
5/13/25 7:15,0.261,W
5/13/25 7:30,0.175,W
5/13/25 7:45,0.168,W
5/13/25 8:00,0.317,W
5/13/25 8:15,0.647,W
5/13/25 8:30,0.509,W
5/13/25 8:45,0.29,W
5/13/25 9:00,0.694,W
5/13/25 9:15,0.603,W
5/13/25 9:30,0.467,W
5/13/25 9:45,0.625,W
5/13/25 10:00,0.269,W
5/13/25 10:15,0.287,W
5/13/25 10:30,0.334,W
5/13/25 10:45,0.34,W
5/13/25 11:00,0.43,W
5/13/25 11:15,0.413,W
5/13/25 11:30,0.492,W
5/13/25 11:45,1.355,W
5/13/25 12:00,0.869,W
5/13/25 12:15,0.463,W
5/13/25 12:30,0.315,W
5/13/25 12:45,0.349,W
5/13/25 13:00,0.304,W
5/13/25 13:15,0.27,W
5/13/25 13:30,0.251,W
5/13/25 13:45,0.269,W
5/13/25 14:00,0.27,W
5/13/25 14:15,0.25,W
5/13/25 14:30,0.269,W
5/13/25 14:45,0.31,W
5/13/25 15:00,0.291,W
5/13/25 15:15,0.277,W
5/13/25 15:30,0.361,W
5/13/25 15:45,0.368,W
5/13/25 16:00,0.392,W
5/13/25 16:15,0.412,W
5/13/25 16:30,0.411,W
5/13/25 16:45,0.366,W
5/13/25 17:00,0.381,W
5/13/25 17:15,0.378,W
5/13/25 17:30,0.374,W
5/13/25 17:45,0.407,W
5/13/25 18:00,0.422,W
5/13/25 18:15,0.312,W
5/13/25 18:30,0.314,W
5/13/25 18:45,0.278,W
5/13/25 19:00,0.259,W
5/13/25 19:15,0.3,W
5/13/25 19:30,0.324,W
5/13/25 19:45,0.339,W
5/13/25 20:00,0.33,W
5/13/25 20:15,0.356,W
5/13/25 20:30,0.385,W
5/13/25 20:45,0.386,W
5/13/25 21:00,0.37,W
5/13/25 21:15,0.32,W
5/13/25 21:30,0.338,W
5/13/25 21:45,0.349,W
5/13/25 22:00,0.341,W
5/13/25 22:15,0.338,W
5/13/25 22:30,0.378,W
5/13/25 22:45,0.388,W
5/13/25 23:00,0.355,W
5/13/25 23:15,0.34,W
5/13/25 23:30,0.345,W
5/13/25 23:45,0.268,W
5/14/25 0:00,0.304,W
5/14/25 0:15,0.227,W
5/14/25 0:30,0.222,W
5/14/25 0:45,0.255,W
5/14/25 1:00,0.222,W
5/14/25 1:15,0.212,W
5/14/25 1:30,0.158,W
5/14/25 1:45,0.227,W
5/14/25 2:00,0.265,W
5/14/25 2:15,0.291,W
5/14/25 2:30,0.248,W
5/14/25 2:45,0.258,W
5/14/25 3:00,0.284,W
5/14/25 3:15,0.245,W
5/14/25 3:30,0.233,W
5/14/25 3:45,0.26,W
5/14/25 4:00,0.252,W
5/14/25 4:15,0.266,W
5/14/25 4:30,0.274,W
5/14/25 4:45,0.245,W
5/14/25 5:00,0.255,W
5/14/25 5:15,0.22,W
5/14/25 5:30,0.121,W
5/14/25 5:45,0.085,W
5/14/25 6:00,0.122,W
5/14/25 6:15,0.132,W
5/14/25 6:30,0.12,W
5/14/25 6:45,0.115,W
5/14/25 7:00,0.099,W
5/14/25 7:15,0.136,W
5/14/25 7:30,0.133,W
5/14/25 7:45,0.381,W
5/14/25 8:00,0.222,W
5/14/25 8:15,0.252,W
5/14/25 8:30,0.557,W
5/14/25 8:45,0.57,W
5/14/25 9:00,0.577,W
5/14/25 9:15,0.446,W
5/14/25 9:30,0.235,W
5/14/25 9:45,0.217,W
5/14/25 10:00,0.191,W
5/14/25 10:15,0.202,W
5/14/25 10:30,0.238,W
5/14/25 10:45,0.284,W
5/14/25 11:00,0.274,W
5/14/25 11:15,0.234,W
5/14/25 11:30,0.671,W
5/14/25 11:45,0.662,W
5/14/25 12:00,0.258,W
5/14/25 12:15,0.322,W
5/14/25 12:30,0.299,W
5/14/25 12:45,0.308,W
5/14/25 13:00,0.306,W
5/14/25 13:15,0.276,W
5/14/25 13:30,0.3,W
5/14/25 13:45,0.335,W
5/14/25 14:00,0.321,W
5/14/25 14:15,0.289,W
5/14/25 14:30,0.302,W
5/14/25 14:45,0.46,W
5/14/25 15:00,1.132,W
5/14/25 15:15,0.653,W
5/14/25 15:30,0.658,W
5/14/25 15:45,1.299,W
5/14/25 16:00,0.827,W
5/14/25 16:15,0.546,W
5/14/25 16:30,0.287,W
5/14/25 16:45,0.274,W
5/14/25 17:00,0.291,W
5/14/25 17:15,0.281,W
5/14/25 17:30,0.345,W
5/14/25 17:45,0.308,W
5/14/25 18:00,0.443,W
5/14/25 18:15,0.476,W
5/14/25 18:30,0.573,W
5/14/25 18:45,0.496,W
5/14/25 19:00,0.51,W
5/14/25 19:15,0.539,W
5/14/25 19:30,0.542,W
5/14/25 19:45,0.525,W
5/14/25 20:00,0.388,W
5/14/25 20:15,0.395,W
5/14/25 20:30,0.283,W
5/14/25 20:45,0.229,W
5/14/25 21:00,0.229,W
5/14/25 21:15,0.25,W
5/14/25 21:30,0.319,W
5/14/25 21:45,0.236,W
5/14/25 22:00,0.311,W
5/14/25 22:15,0.4,W
5/14/25 22:30,0.399,W
5/14/25 22:45,0.356,W
5/14/25 23:00,0.402,W
5/14/25 23:15,0.357,W
5/14/25 23:30,0.299,W
5/14/25 23:45,0.292,W
5/15/25 0:00,0.273,W
5/15/25 0:15,0.236,W
5/15/25 0:30,0.256,W
5/15/25 0:45,0.252,W
5/15/25 1:00,0.257,W
5/15/25 1:15,0.256,W
5/15/25 1:30,0.232,W
5/15/25 1:45,0.251,W
5/15/25 2:00,0.142,W
5/15/25 2:15,0.093,W
5/15/25 2:30,0.161,W
5/15/25 2:45,0.151,W
5/15/25 3:00,0.127,W
5/15/25 3:15,0.133,W
5/15/25 3:30,0.175,W
5/15/25 3:45,0.133,W
5/15/25 4:00,0.182,W
5/15/25 4:15,0.233,W
5/15/25 4:30,0.258,W
5/15/25 4:45,0.248,W
5/15/25 5:00,0.231,W
5/15/25 5:15,0.272,W
5/15/25 5:30,0.254,W
5/15/25 5:45,0.247,W
5/15/25 6:00,0.273,W
5/15/25 6:15,0.252,W
5/15/25 6:30,0.229,W
5/15/25 6:45,0.264,W
5/15/25 7:00,0.284,W
5/15/25 7:15,0.176,W
5/15/25 7:30,0.114,W
5/15/25 7:45,0.373,W
5/15/25 8:00,0.295,W
5/15/25 8:15,0.209,W
5/15/25 8:30,0.474,W
5/15/25 8:45,0.429,W
5/15/25 9:00,0.494,W
5/15/25 9:15,0.313,W
5/15/25 9:30,0.216,W
5/15/25 9:45,0.257,W
5/15/25 10:00,0.28,W
5/15/25 10:15,0.327,W
5/15/25 10:30,0.27,W
5/15/25 10:45,0.251,W
5/15/25 11:00,0.266,W
5/15/25 11:15,0.265,W
5/15/25 11:30,0.307,W
5/15/25 11:45,0.549,W
5/15/25 12:00,0.47,W
5/15/25 12:15,0.318,W
5/15/25 12:30,0.302,W
5/15/25 12:45,0.273,W
5/15/25 13:00,0.242,W
5/15/25 13:15,0.25,W
5/15/25 13:30,0.307,W
5/15/25 13:45,0.283,W
5/15/25 14:00,0.302,W
5/15/25 14:15,0.27,W
5/15/25 14:30,0.293,W
5/15/25 14:45,0.576,W
5/15/25 15:00,0.596,W
5/15/25 15:15,0.614,W
5/15/25 15:30,0.356,W
5/15/25 15:45,0.287,W
5/15/25 16:00,0.314,W
5/15/25 16:15,0.297,W
5/15/25 16:30,0.243,W
5/15/25 16:45,0.259,W
5/15/25 17:00,0.295,W
5/15/25 17:15,0.266,W
5/15/25 17:30,0.293,W
5/15/25 17:45,0.299,W
5/15/25 18:00,0.261,W
5/15/25 18:15,0.335,W
5/15/25 18:30,0.226,W
5/15/25 18:45,0.314,W
5/15/25 19:00,0.286,W
5/15/25 19:15,0.277,W
5/15/25 19:30,0.299,W
5/15/25 19:45,0.325,W
5/15/25 20:00,0.382,W
5/15/25 20:15,0.364,W
5/15/25 20:30,0.364,W
5/15/25 20:45,0.421,W
5/15/25 21:00,0.41,W
5/15/25 21:15,0.347,W
5/15/25 21:30,0.256,W
5/15/25 21:45,0.239,W
5/15/25 22:00,0.256,W
5/15/25 22:15,0.334,W
5/15/25 22:30,0.324,W
5/15/25 22:45,0.272,W
5/15/25 23:00,0.221,W
5/15/25 23:15,0.254,W
5/15/25 23:30,0.237,W
5/15/25 23:45,0.23,W
5/16/25 0:00,0.288,W
5/16/25 0:15,0.252,W
5/16/25 0:30,0.262,W
5/16/25 0:45,0.316,W
5/16/25 1:00,0.261,W
5/16/25 1:15,0.251,W
5/16/25 1:30,0.275,W
5/16/25 1:45,0.285,W
5/16/25 2:00,0.248,W
5/16/25 2:15,0.207,W
5/16/25 2:30,0.241,W
5/16/25 2:45,0.256,W
5/16/25 3:00,0.221,W
5/16/25 3:15,0.25,W
5/16/25 3:30,0.235,W
5/16/25 3:45,0.241,W
5/16/25 4:00,0.249,W
5/16/25 4:15,0.197,W
5/16/25 4:30,0.072,W
5/16/25 4:45,0.106,W
5/16/25 5:00,0.123,W
5/16/25 5:15,0.118,W
5/16/25 5:30,0.098,W
5/16/25 5:45,0.096,W
5/16/25 6:00,0.107,W
5/16/25 6:15,0.098,W
5/16/25 6:30,0.138,W
5/16/25 6:45,0.214,W
5/16/25 7:00,0.24,W
5/16/25 7:15,0.246,W
5/16/25 7:30,0.219,W
5/16/25 7:45,0.315,W
5/16/25 8:00,0.302,W
5/16/25 8:15,0.279,W
5/16/25 8:30,0.353,W
5/16/25 8:45,0.566,W
5/16/25 9:00,0.653,W
5/16/25 9:15,0.57,W
5/16/25 9:30,0.237,W
5/16/25 9:45,0.256,W
5/16/25 10:00,0.244,W
5/16/25 10:15,0.238,W
5/16/25 10:30,0.281,W
5/16/25 10:45,0.337,W
5/16/25 11:00,0.354,W
5/16/25 11:15,0.535,W
5/16/25 11:30,0.341,W
5/16/25 11:45,0.414,W
5/16/25 12:00,0.552,W
5/16/25 12:15,0.43,W
5/16/25 12:30,0.415,W
5/16/25 12:45,0.449,W
5/16/25 13:00,0.449,W
5/16/25 13:15,0.421,W
5/16/25 13:30,0.397,W
5/16/25 13:45,0.422,W
5/16/25 14:00,0.404,W
5/16/25 14:15,0.399,W
5/16/25 14:30,0.642,W
5/16/25 14:45,0.339,W
5/16/25 15:00,0.409,W
5/16/25 15:15,0.298,W
5/16/25 15:30,0.264,W
5/16/25 15:45,0.329,W
5/16/25 16:00,0.315,W
5/16/25 16:15,0.315,W
5/16/25 16:30,0.321,W
5/16/25 16:45,0.334,W
5/16/25 17:00,0.601,W
5/16/25 17:15,0.334,W
5/16/25 17:30,0.373,W
5/16/25 17:45,0.264,W
5/16/25 18:00,0.275,W
5/16/25 18:15,0.251,W
5/16/25 18:30,0.272,W
5/16/25 18:45,0.566,W
5/16/25 19:00,1.144,W
5/16/25 19:15,1.021,W
5/16/25 19:30,0.653,W
5/16/25 19:45,0.964,W
5/16/25 20:00,0.419,W
5/16/25 20:15,0.391,W
5/16/25 20:30,0.363,W
5/16/25 20:45,0.365,W
5/16/25 21:00,0.387,W
5/16/25 21:15,0.357,W
5/16/25 21:30,0.34,W
5/16/25 21:45,0.347,W
5/16/25 22:00,0.37,W
5/16/25 22:15,0.367,W
5/16/25 22:30,0.338,W
5/16/25 22:45,0.374,W
5/16/25 23:00,0.351,W
5/16/25 23:15,0.329,W
5/16/25 23:30,0.304,W
5/16/25 23:45,0.367,W
5/17/25 0:00,0.342,W
5/17/25 0:15,0.296,W
5/17/25 0:30,0.258,W
5/17/25 0:45,0.262,W
5/17/25 1:00,0.281,W
5/17/25 1:15,0.283,W
5/17/25 1:30,0.114,W
5/17/25 1:45,0.114,W
5/17/25 2:00,0.121,W
5/17/25 2:15,0.151,W
5/17/25 2:30,0.127,W
5/17/25 2:45,0.129,W
5/17/25 3:00,0.119,W
5/17/25 3:15,0.207,W
5/17/25 3:30,0.239,W
5/17/25 3:45,0.226,W
5/17/25 4:00,0.253,W
5/17/25 4:15,0.269,W
5/17/25 4:30,0.256,W
5/17/25 4:45,0.267,W
5/17/25 5:00,0.247,W
5/17/25 5:15,0.314,W
5/17/25 5:30,0.265,W
5/17/25 5:45,0.241,W
5/17/25 6:00,0.234,W
5/17/25 6:15,0.235,W
5/17/25 6:30,0.276,W
5/17/25 6:45,0.272,W
5/17/25 7:00,0.182,W
5/17/25 7:15,0.105,W
5/17/25 7:30,0.137,W
5/17/25 7:45,0.373,W
5/17/25 8:00,0.16,W
5/17/25 8:15,0.142,W
5/17/25 8:30,0.146,W
5/17/25 8:45,0.247,W
5/17/25 9:00,0.291,W
5/17/25 9:15,0.272,W
5/17/25 9:30,0.274,W
5/17/25 9:45,0.29,W
5/17/25 10:00,0.26,W
5/17/25 10:15,0.297,W
5/17/25 10:30,0.267,W
5/17/25 10:45,0.331,W
5/17/25 11:00,0.307,W
5/17/25 11:15,0.273,W
5/17/25 11:30,0.257,W
5/17/25 11:45,0.823,W
5/17/25 12:00,0.861,W
5/17/25 12:15,0.405,W
5/17/25 12:30,0.262,W
5/17/25 12:45,0.335,W
5/17/25 13:00,0.347,W
5/17/25 13:15,0.29,W
5/17/25 13:30,0.257,W
5/17/25 13:45,0.283,W
5/17/25 14:00,0.28,W
5/17/25 14:15,0.28,W
5/17/25 14:30,0.271,W
5/17/25 14:45,0.297,W
5/17/25 15:00,0.296,W
5/17/25 15:15,0.315,W
5/17/25 15:30,0.315,W
5/17/25 15:45,0.28,W
5/17/25 16:00,0.304,W
5/17/25 16:15,0.384,W
5/17/25 16:30,0.297,W
5/17/25 16:45,0.68,W
5/17/25 17:00,0.602,W
5/17/25 17:15,0.618,W
5/17/25 17:30,0.7,W
5/17/25 17:45,0.319,W
5/17/25 18:00,0.845,W
5/17/25 18:15,0.487,W
5/17/25 18:30,0.379,W
5/17/25 18:45,0.333,W
5/17/25 19:00,0.394,W
5/17/25 19:15,0.377,W
5/17/25 19:30,0.374,W
5/17/25 19:45,0.351,W
5/17/25 20:00,0.382,W
5/17/25 20:15,0.385,W
5/17/25 20:30,0.403,W
5/17/25 20:45,0.401,W
5/17/25 21:00,0.291,W
5/17/25 21:15,0.293,W
5/17/25 21:30,0.288,W
5/17/25 21:45,0.239,W
5/17/25 22:00,0.256,W
5/17/25 22:15,0.285,W
5/17/25 22:30,0.274,W
5/17/25 22:45,0.268,W
5/17/25 23:00,0.224,W
5/17/25 23:15,0.265,W
5/17/25 23:30,0.35,W
5/17/25 23:45,0.358,W
5/18/25 0:00,0.242,W
5/18/25 0:15,0.268,W
5/18/25 0:30,0.273,W
5/18/25 0:45,0.257,W
5/18/25 1:00,0.264,W
5/18/25 1:15,0.242,W
5/18/25 1:30,0.26,W
5/18/25 1:45,0.262,W
5/18/25 2:00,0.21,W
5/18/25 2:15,0.227,W
5/18/25 2:30,0.249,W
5/18/25 2:45,0.245,W
5/18/25 3:00,0.273,W
5/18/25 3:15,0.231,W
5/18/25 3:30,0.233,W
5/18/25 3:45,0.274,W
5/18/25 4:00,0.229,W
5/18/25 4:15,0.223,W
5/18/25 4:30,0.26,W
5/18/25 4:45,0.263,W
5/18/25 5:00,0.133,W
5/18/25 5:15,0.123,W
5/18/25 5:30,0.085,W
5/18/25 5:45,0.088,W
5/18/25 6:00,0.108,W
5/18/25 6:15,0.077,W
5/18/25 6:30,0.084,W
5/18/25 6:45,0.151,W
5/18/25 7:00,0.283,W
5/18/25 7:15,0.275,W
5/18/25 7:30,0.244,W
5/18/25 7:45,0.263,W
5/18/25 8:00,0.27,W
5/18/25 8:15,0.24,W
5/18/25 8:30,0.237,W
5/18/25 8:45,0.258,W
5/18/25 9:00,0.277,W
5/18/25 9:15,0.316,W
5/18/25 9:30,0.289,W
5/18/25 9:45,0.229,W
5/18/25 10:00,0.284,W
5/18/25 10:15,0.288,W
5/18/25 10:30,0.55,W
5/18/25 10:45,0.516,W
5/18/25 11:00,0.829,W
5/18/25 11:15,0.855,W
5/18/25 11:30,0.451,W
5/18/25 11:45,0.368,W
5/18/25 12:00,0.351,W
5/18/25 12:15,0.538,W
5/18/25 12:30,0.486,W
5/18/25 12:45,0.301,W
5/18/25 13:00,0.327,W
5/18/25 13:15,0.304,W
5/18/25 13:30,0.275,W
5/18/25 13:45,0.277,W
5/18/25 14:00,0.276,W
5/18/25 14:15,0.293,W
5/18/25 14:30,0.388,W
5/18/25 14:45,0.761,W
5/18/25 15:00,0.486,W
5/18/25 15:15,0.529,W
5/18/25 15:30,0.542,W
5/18/25 15:45,0.466,W
5/18/25 16:00,0.503,W
5/18/25 16:15,0.48,W
5/18/25 16:30,0.35,W
5/18/25 16:45,0.311,W
5/18/25 17:00,0.281,W
5/18/25 17:15,0.325,W
5/18/25 17:30,0.294,W
5/18/25 17:45,0.266,W
5/18/25 18:00,0.306,W
5/18/25 18:15,0.582,W
5/18/25 18:30,0.598,W
5/18/25 18:45,0.67,W
5/18/25 19:00,0.519,W
5/18/25 19:15,0.502,W
5/18/25 19:30,0.482,W
5/18/25 19:45,0.385,W
5/18/25 20:00,0.384,W
5/18/25 20:15,0.388,W
5/18/25 20:30,0.404,W
5/18/25 20:45,0.425,W
5/18/25 21:00,0.366,W
5/18/25 21:15,0.373,W
5/18/25 21:30,0.393,W
5/18/25 21:45,0.381,W
5/18/25 22:00,0.372,W
5/18/25 22:15,0.391,W
5/18/25 22:30,0.404,W
5/18/25 22:45,0.41,W
5/18/25 23:00,0.359,W
5/18/25 23:15,0.319,W
5/18/25 23:30,0.359,W
5/18/25 23:45,0.211,W
5/19/25 0:00,0.2,W
5/19/25 0:15,0.211,W
5/19/25 0:30,0.136,W
5/19/25 0:45,0.148,W
5/19/25 1:00,0.189,W
5/19/25 1:15,0.124,W
5/19/25 1:30,0.133,W
5/19/25 1:45,0.215,W
5/19/25 2:00,0.236,W
5/19/25 2:15,0.24,W
5/19/25 2:30,0.221,W
5/19/25 2:45,0.234,W
5/19/25 3:00,0.268,W
5/19/25 3:15,0.225,W
5/19/25 3:30,0.224,W
5/19/25 3:45,0.248,W
5/19/25 4:00,0.24,W
5/19/25 4:15,0.241,W
5/19/25 4:30,0.225,W
5/19/25 4:45,0.226,W
5/19/25 5:00,0.271,W
5/19/25 5:15,0.23,W
5/19/25 5:30,0.118,W
5/19/25 5:45,0.104,W
5/19/25 6:00,0.115,W
5/19/25 6:15,0.102,W
5/19/25 6:30,0.078,W
5/19/25 6:45,0.072,W
5/19/25 7:00,0.124,W
5/19/25 7:15,0.137,W
5/19/25 7:30,0.099,W
5/19/25 7:45,0.376,W
5/19/25 8:00,0.302,W
5/19/25 8:15,0.246,W
5/19/25 8:30,0.239,W
5/19/25 8:45,0.233,W
5/19/25 9:00,0.25,W
5/19/25 9:15,0.249,W
5/19/25 9:30,0.251,W
5/19/25 9:45,0.264,W
5/19/25 10:00,0.29,W
5/19/25 10:15,0.305,W
5/19/25 10:30,0.302,W
5/19/25 10:45,0.217,W
5/19/25 11:00,0.232,W
5/19/25 11:15,0.247,W
5/19/25 11:30,0.242,W
5/19/25 11:45,0.25,W
5/19/25 12:00,0.244,W
5/19/25 12:15,0.262,W
5/19/25 12:30,0.501,W
5/19/25 12:45,0.486,W
5/19/25 13:00,0.296,W
5/19/25 13:15,0.255,W
5/19/25 13:30,0.242,W
5/19/25 13:45,0.265,W
5/19/25 14:00,0.385,W
5/19/25 14:15,0.553,W
5/19/25 14:30,0.316,W
5/19/25 14:45,0.826,W
5/19/25 15:00,1.188,W
5/19/25 15:15,0.534,W
5/19/25 15:30,0.339,W
5/19/25 15:45,0.345,W
5/19/25 16:00,0.351,W
5/19/25 16:15,0.343,W
5/19/25 16:30,0.341,W
5/19/25 16:45,0.386,W
5/19/25 17:00,0.389,W
5/19/25 17:15,0.809,W
5/19/25 17:30,0.527,W
5/19/25 17:45,0.972,W
5/19/25 18:00,0.844,W
5/19/25 18:15,0.473,W
5/19/25 18:30,0.337,W
5/19/25 18:45,0.337,W
5/19/25 19:00,1.018,W
5/19/25 19:15,0.562,W
5/19/25 19:30,0.409,W
5/19/25 19:45,0.954,W
5/19/25 20:00,0.409,W
5/19/25 20:15,0.364,W
5/19/25 20:30,0.4,W
5/19/25 20:45,0.409,W
5/19/25 21:00,0.366,W
5/19/25 21:15,0.342,W
5/19/25 21:30,0.351,W
5/19/25 21:45,0.368,W
5/19/25 22:00,0.398,W
5/19/25 22:15,0.416,W
5/19/25 22:30,0.388,W
5/19/25 22:45,0.378,W
5/19/25 23:00,0.35,W
5/19/25 23:15,0.332,W
5/19/25 23:30,0.33,W
5/19/25 23:45,0.34,W
5/20/25 0:00,0.301,W
5/20/25 0:15,0.25,W
5/20/25 0:30,0.236,W
5/20/25 0:45,0.24,W
5/20/25 1:00,0.22,W
5/20/25 1:15,0.108,W
5/20/25 1:30,0.092,W
5/20/25 1:45,0.094,W
5/20/25 2:00,0.098,W
5/20/25 2:15,0.109,W
5/20/25 2:30,0.113,W
5/20/25 2:45,0.096,W
5/20/25 3:00,0.173,W
5/20/25 3:15,0.243,W
5/20/25 3:30,0.242,W
5/20/25 3:45,0.234,W
5/20/25 4:00,0.239,W
5/20/25 4:15,0.291,W
5/20/25 4:30,0.283,W
5/20/25 4:45,0.247,W
5/20/25 5:00,0.258,W
5/20/25 5:15,0.283,W
5/20/25 5:30,0.258,W
5/20/25 5:45,0.252,W
5/20/25 6:00,0.244,W
5/20/25 6:15,0.251,W
5/20/25 6:30,0.291,W
5/20/25 6:45,0.172,W
5/20/25 7:00,0.131,W
5/20/25 7:15,0.178,W
5/20/25 7:30,0.105,W
5/20/25 7:45,0.306,W
5/20/25 8:00,0.168,W
5/20/25 8:15,0.113,W
5/20/25 8:30,0.151,W
5/20/25 8:45,0.622,W
5/20/25 9:00,0.522,W
5/20/25 9:15,0.579,W
5/20/25 9:30,0.242,W
5/20/25 9:45,0.213,W
5/20/25 10:00,0.211,W
5/20/25 10:15,0.241,W
5/20/25 10:30,0.269,W
5/20/25 10:45,0.233,W
5/20/25 11:00,0.252,W
5/20/25 11:15,0.264,W
5/20/25 11:30,0.338,W
5/20/25 11:45,0.266,W
5/20/25 12:00,0.22,W
5/20/25 12:15,0.234,W
5/20/25 12:30,0.255,W
5/20/25 12:45,0.245,W
5/20/25 13:00,0.247,W
5/20/25 13:15,0.231,W
5/20/25 13:30,0.262,W
5/20/25 13:45,0.238,W
5/20/25 14:00,0.23,W
5/20/25 14:15,0.28,W
5/20/25 14:30,0.258,W
5/20/25 14:45,0.242,W
5/20/25 15:00,0.268,W
5/20/25 15:15,0.295,W
5/20/25 15:30,0.479,W
5/20/25 15:45,0.82,W
5/20/25 16:00,0.421,W
5/20/25 16:15,0.322,W
5/20/25 16:30,0.353,W
5/20/25 16:45,0.312,W
5/20/25 17:00,0.281,W
5/20/25 17:15,0.271,W
5/20/25 17:30,0.263,W
5/20/25 17:45,0.365,W
5/20/25 18:00,0.277,W
5/20/25 18:15,0.311,W
5/20/25 18:30,0.294,W
5/20/25 18:45,0.705,W
5/20/25 19:00,0.409,W
5/20/25 19:15,0.258,W
5/20/25 19:30,0.647,W
5/20/25 19:45,0.752,W
5/20/25 20:00,0.765,W
5/20/25 20:15,0.694,W
5/20/25 20:30,0.716,W
5/20/25 20:45,0.805,W
5/20/25 21:00,0.75,W
5/20/25 21:15,0.694,W
5/20/25 21:30,0.701,W
5/20/25 21:45,0.741,W
5/20/25 22:00,0.866,W
5/20/25 22:15,0.622,W
5/20/25 22:30,0.364,W
5/20/25 22:45,0.354,W
5/20/25 23:00,0.342,W
5/20/25 23:15,0.317,W
5/20/25 23:30,0.313,W
5/20/25 23:45,0.305,W
5/21/25 0:00,0.326,W
5/21/25 0:15,0.326,W
5/21/25 0:30,0.242,W
5/21/25 0:45,0.229,W
5/21/25 1:00,0.252,W
5/21/25 1:15,0.23,W
5/21/25 1:30,0.201,W
5/21/25 1:45,0.208,W
5/21/25 2:00,0.212,W
5/21/25 2:15,0.215,W
5/21/25 2:30,0.219,W
5/21/25 2:45,0.208,W
5/21/25 3:00,0.25,W
5/21/25 3:15,0.239,W
5/21/25 3:30,0.193,W
5/21/25 3:45,0.228,W
5/21/25 4:00,0.244,W
5/21/25 4:15,0.218,W
5/21/25 4:30,0.209,W
5/21/25 4:45,0.207,W
5/21/25 5:00,0.231,W
5/21/25 5:15,0.27,W
5/21/25 5:30,0.214,W
5/21/25 5:45,0.188,W
5/21/25 6:00,0.214,W
5/21/25 6:15,0.225,W
5/21/25 6:30,0.219,W
5/21/25 6:45,0.195,W
5/21/25 7:00,0.138,W
5/21/25 7:15,0.25,W
5/21/25 7:30,0.251,W
5/21/25 7:45,0.413,W
5/21/25 8:00,0.273,W
5/21/25 8:15,0.226,W
5/21/25 8:30,0.254,W
5/21/25 8:45,0.271,W
5/21/25 9:00,0.256,W
5/21/25 9:15,0.26,W
5/21/25 9:30,0.286,W
5/21/25 9:45,0.298,W
5/21/25 10:00,0.297,W
5/21/25 10:15,0.241,W
5/21/25 10:30,0.202,W
5/21/25 10:45,0.237,W
5/21/25 11:00,0.223,W
5/21/25 11:15,0.215,W
5/21/25 11:30,0.463,W
5/21/25 11:45,0.6,W
5/21/25 12:00,0.587,W
5/21/25 12:15,0.405,W
5/21/25 12:30,0.372,W
5/21/25 12:45,0.37,W
5/21/25 13:00,0.749,W
5/21/25 13:15,0.575,W
5/21/25 13:30,0.643,W
5/21/25 13:45,0.364,W
5/21/25 14:00,0.345,W
5/21/25 14:15,0.298,W
5/21/25 14:30,0.303,W
5/21/25 14:45,0.296,W
5/21/25 15:00,0.278,W
5/21/25 15:15,0.374,W
5/21/25 15:30,0.383,W
5/21/25 15:45,0.396,W
5/21/25 16:00,0.407,W
5/21/25 16:15,0.499,W
5/21/25 16:30,0.375,W
5/21/25 16:45,0.334,W
5/21/25 17:00,0.335,W
5/21/25 17:15,0.247,W
5/21/25 17:30,0.293,W
5/21/25 17:45,0.407,W
5/21/25 18:00,0.412,W
5/21/25 18:15,0.294,W
5/21/25 18:30,0.29,W
5/21/25 18:45,0.214,W
5/21/25 19:00,0.207,W
5/21/25 19:15,0.253,W
5/21/25 19:30,0.323,W
5/21/25 19:45,0.377,W
5/21/25 20:00,0.392,W
5/21/25 20:15,0.385,W
5/21/25 20:30,0.384,W
5/21/25 20:45,0.396,W
5/21/25 21:00,0.394,W
5/21/25 21:15,0.392,W
5/21/25 21:30,0.384,W
5/21/25 21:45,0.386,W
5/21/25 22:00,0.346,W
5/21/25 22:15,0.39,W
5/21/25 22:30,0.402,W
5/21/25 22:45,0.386,W
5/21/25 23:00,0.29,W
5/21/25 23:15,0.252,W
5/21/25 23:30,0.253,W
5/21/25 23:45,0.263,W
5/22/25 0:00,0.25,W
5/22/25 0:15,0.274,W
5/22/25 0:30,0.267,W
5/22/25 0:45,0.252,W
5/22/25 1:00,0.264,W
5/22/25 1:15,0.401,W
5/22/25 1:30,0.268,W
5/22/25 1:45,0.244,W
5/22/25 2:00,0.259,W
5/22/25 2:15,0.266,W
5/22/25 2:30,0.258,W
5/22/25 2:45,0.189,W
5/22/25 3:00,0.114,W
5/22/25 3:15,0.134,W
5/22/25 3:30,0.119,W
5/22/25 3:45,0.094,W
5/22/25 4:00,0.071,W
5/22/25 4:15,0.102,W
5/22/25 4:30,0.099,W
5/22/25 4:45,0.124,W
5/22/25 5:00,0.224,W
5/22/25 5:15,0.246,W
5/22/25 5:30,0.255,W
5/22/25 5:45,0.215,W
5/22/25 6:00,0.211,W
5/22/25 6:15,0.233,W
5/22/25 6:30,0.231,W
5/22/25 6:45,0.239,W
5/22/25 7:00,0.266,W
5/22/25 7:15,0.262,W
5/22/25 7:30,0.23,W
5/22/25 7:45,0.389,W
5/22/25 8:00,0.219,W
5/22/25 8:15,0.211,W
5/22/25 8:30,0.252,W
5/22/25 8:45,0.306,W
5/22/25 9:00,0.301,W
5/22/25 9:15,0.326,W
5/22/25 9:30,0.272,W
5/22/25 9:45,0.255,W
5/22/25 10:00,0.246,W
5/22/25 10:15,0.251,W
5/22/25 10:30,0.295,W
5/22/25 10:45,0.337,W
5/22/25 11:00,0.332,W
5/22/25 11:15,0.309,W
5/22/25 11:30,0.357,W
5/22/25 11:45,0.393,W
5/22/25 12:00,0.511,W
5/22/25 12:15,0.374,W
5/22/25 12:30,0.353,W
5/22/25 12:45,0.603,W
5/22/25 13:00,1.295,W
5/22/25 13:15,0.871,W
5/22/25 13:30,0.697,W
5/22/25 13:45,0.827,W
5/22/25 14:00,0.444,W
5/22/25 14:15,0.665,W
5/22/25 14:30,0.658,W
5/22/25 14:45,0.704,W
5/22/25 15:00,0.612,W
5/22/25 15:15,0.394,W
5/22/25 15:30,0.388,W
5/22/25 15:45,0.4,W
5/22/25 16:00,0.415,W
5/22/25 16:15,0.406,W
5/22/25 16:30,0.409,W
5/22/25 16:45,0.427,W
5/22/25 17:00,0.465,W
5/22/25 17:15,0.43,W
5/22/25 17:30,0.394,W
5/22/25 17:45,0.413,W
5/22/25 18:00,0.539,W
5/22/25 18:15,0.456,W
5/22/25 18:30,0.473,W
5/22/25 18:45,0.308,W
5/22/25 19:00,0.326,W
5/22/25 19:15,0.637,W
5/22/25 19:30,0.394,W
5/22/25 19:45,0.498,W
5/22/25 20:00,0.586,W
5/22/25 20:15,0.41,W
5/22/25 20:30,0.399,W
5/22/25 20:45,0.505,W
5/22/25 21:00,0.645,W
5/22/25 21:15,0.264,W
5/22/25 21:30,0.222,W
5/22/25 21:45,0.215,W
5/22/25 22:00,0.27,W
5/22/25 22:15,0.249,W
5/22/25 22:30,0.277,W
5/22/25 22:45,0.36,W
5/22/25 23:00,0.318,W
5/22/25 23:15,0.329,W
5/22/25 23:30,0.323,W
5/22/25 23:45,0.311,W
5/23/25 0:00,0.312,W
5/23/25 0:15,0.312,W
5/23/25 0:30,0.295,W
5/23/25 0:45,0.276,W
5/23/25 1:00,0.275,W
5/23/25 1:15,0.28,W
5/23/25 1:30,0.284,W
5/23/25 1:45,0.264,W
5/23/25 2:00,0.277,W
5/23/25 2:15,0.295,W
5/23/25 2:30,0.273,W
5/23/25 2:45,0.242,W
5/23/25 3:00,0.192,W
5/23/25 3:15,0.127,W
5/23/25 3:30,0.121,W
5/23/25 3:45,0.108,W
5/23/25 4:00,0.107,W
5/23/25 4:15,0.142,W
5/23/25 4:30,0.147,W
5/23/25 4:45,0.112,W
5/23/25 5:00,0.104,W
5/23/25 5:15,0.263,W
5/23/25 5:30,0.253,W
5/23/25 5:45,0.232,W
5/23/25 6:00,0.266,W
5/23/25 6:15,0.284,W
5/23/25 6:30,0.251,W
5/23/25 6:45,0.237,W
5/23/25 7:00,0.234,W
5/23/25 7:15,0.235,W
5/23/25 7:30,0.27,W
5/23/25 7:45,0.406,W
5/23/25 8:00,0.266,W
5/23/25 8:15,0.293,W
5/23/25 8:30,0.272,W
5/23/25 8:45,0.257,W
5/23/25 9:00,0.271,W
5/23/25 9:15,0.297,W
5/23/25 9:30,0.292,W
5/23/25 9:45,0.316,W
5/23/25 10:00,0.358,W
5/23/25 10:15,0.371,W
5/23/25 10:30,0.323,W
5/23/25 10:45,0.421,W
5/23/25 11:00,0.259,W
5/23/25 11:15,0.316,W
5/23/25 11:30,0.394,W
5/23/25 11:45,0.329,W
5/23/25 12:00,0.332,W
5/23/25 12:15,0.385,W
5/23/25 12:30,0.343,W
5/23/25 12:45,0.325,W
5/23/25 13:00,0.303,W
5/23/25 13:15,0.351,W
5/23/25 13:30,0.371,W
5/23/25 13:45,0.457,W
5/23/25 14:00,0.5,W
5/23/25 14:15,0.495,W
5/23/25 14:30,0.358,W
5/23/25 14:45,0.395,W
5/23/25 15:00,0.391,W
5/23/25 15:15,0.283,W
5/23/25 15:30,0.274,W
5/23/25 15:45,0.726,W
5/23/25 16:00,0.567,W
5/23/25 16:15,0.589,W
5/23/25 16:30,0.505,W
5/23/25 16:45,0.277,W
5/23/25 17:00,0.278,W
5/23/25 17:15,0.336,W
5/23/25 17:30,0.345,W
5/23/25 17:45,0.401,W
5/23/25 18:00,0.441,W
5/23/25 18:15,0.394,W
5/23/25 18:30,0.294,W
5/23/25 18:45,0.251,W
5/23/25 19:00,0.269,W
5/23/25 19:15,0.324,W
5/23/25 19:30,0.324,W
5/23/25 19:45,0.359,W
5/23/25 20:00,0.354,W
5/23/25 20:15,0.376,W
5/23/25 20:30,0.357,W
5/23/25 20:45,0.336,W
5/23/25 21:00,0.408,W
5/23/25 21:15,0.389,W
5/23/25 21:30,0.373,W
5/23/25 21:45,0.35,W
5/23/25 22:00,0.342,W
5/23/25 22:15,0.367,W
5/23/25 22:30,0.376,W
5/23/25 22:45,0.352,W
5/23/25 23:00,0.326,W
5/23/25 23:15,0.342,W
5/23/25 23:30,0.371,W
5/23/25 23:45,0.341,W
5/24/25 0:00,0.344,W
5/24/25 0:15,0.378,W
5/24/25 0:30,0.379,W
5/24/25 0:45,0.34,W
5/24/25 1:00,0.267,W
5/24/25 1:15,0.126,W
5/24/25 1:30,0.132,W
5/24/25 1:45,0.143,W
5/24/25 2:00,0.119,W
5/24/25 2:15,0.114,W
5/24/25 2:30,0.13,W
5/24/25 2:45,0.135,W
5/24/25 3:00,0.086,W
5/24/25 3:15,0.182,W
5/24/25 3:30,0.23,W
5/24/25 3:45,0.233,W
5/24/25 4:00,0.244,W
5/24/25 4:15,0.225,W
5/24/25 4:30,0.227,W
5/24/25 4:45,0.252,W
5/24/25 5:00,0.238,W
5/24/25 5:15,0.228,W
5/24/25 5:30,0.22,W
5/24/25 5:45,0.277,W
5/24/25 6:00,0.26,W
5/24/25 6:15,0.223,W
5/24/25 6:30,0.137,W
5/24/25 6:45,0.119,W
5/24/25 7:00,0.119,W
5/24/25 7:15,0.131,W
5/24/25 7:30,0.114,W
5/24/25 7:45,0.138,W
5/24/25 8:00,0.341,W
5/24/25 8:15,0.266,W
5/24/25 8:30,0.241,W
5/24/25 8:45,0.243,W
5/24/25 9:00,0.279,W
5/24/25 9:15,0.291,W
5/24/25 9:30,0.673,W
5/24/25 9:45,0.48,W
5/24/25 10:00,0.638,W
5/24/25 10:15,0.86,W
5/24/25 10:30,0.484,W
5/24/25 10:45,0.236,W
5/24/25 11:00,0.343,W
5/24/25 11:15,0.442,W
5/24/25 11:30,0.369,W
5/24/25 11:45,0.989,W
5/24/25 12:00,1.242,W
5/24/25 12:15,0.699,W
5/24/25 12:30,0.426,W
5/24/25 12:45,0.41,W
5/24/25 13:00,0.291,W
5/24/25 13:15,0.674,W
5/24/25 13:30,0.581,W
5/24/25 13:45,0.626,W
5/24/25 14:00,0.399,W
5/24/25 14:15,0.328,W
5/24/25 14:30,0.26,W
5/24/25 14:45,0.274,W
5/24/25 15:00,0.28,W
5/24/25 15:15,0.389,W
5/24/25 15:30,0.662,W
5/24/25 15:45,0.966,W
5/24/25 16:00,0.486,W
5/24/25 16:15,0.476,W
5/24/25 16:30,0.438,W
5/24/25 16:45,0.384,W
5/24/25 17:00,0.487,W
5/24/25 17:15,0.602,W
5/24/25 17:30,0.587,W
5/24/25 17:45,0.468,W
5/24/25 18:00,0.45,W
5/24/25 18:15,0.436,W
5/24/25 18:30,0.282,W
5/24/25 18:45,0.305,W
5/24/25 19:00,0.267,W
5/24/25 19:15,0.282,W
5/24/25 19:30,0.35,W
5/24/25 19:45,0.375,W
5/24/25 20:00,0.483,W
5/24/25 20:15,0.369,W
5/24/25 20:30,0.355,W
5/24/25 20:45,0.458,W
5/24/25 21:00,0.422,W
5/24/25 21:15,0.413,W
5/24/25 21:30,0.371,W
5/24/25 21:45,0.352,W
5/24/25 22:00,0.371,W
5/24/25 22:15,0.232,W
5/24/25 22:30,0.253,W
5/24/25 22:45,0.219,W
5/24/25 23:00,0.119,W
5/24/25 23:15,0.144,W
5/24/25 23:30,0.155,W
5/24/25 23:45,0.117,W
5/25/25 0:00,0.103,W
5/25/25 0:15,0.136,W
5/25/25 0:30,0.259,W
5/25/25 0:45,0.262,W
5/25/25 1:00,0.245,W
5/25/25 1:15,0.255,W
5/25/25 1:30,0.269,W
5/25/25 1:45,0.25,W
5/25/25 2:00,0.26,W
5/25/25 2:15,0.266,W
5/25/25 2:30,0.261,W
5/25/25 2:45,0.286,W
5/25/25 3:00,0.293,W
5/25/25 3:15,0.283,W
5/25/25 3:30,0.243,W
5/25/25 3:45,0.243,W
5/25/25 4:00,0.142,W
5/25/25 4:15,0.121,W
5/25/25 4:30,0.108,W
5/25/25 4:45,0.118,W
5/25/25 5:00,0.122,W
5/25/25 5:15,0.129,W
5/25/25 5:30,0.129,W
5/25/25 5:45,0.107,W
5/25/25 6:00,0.111,W
5/25/25 6:15,0.232,W
5/25/25 6:30,0.264,W
5/25/25 6:45,0.24,W
5/25/25 7:00,0.25,W
5/25/25 7:15,0.239,W
5/25/25 7:30,0.286,W
5/25/25 7:45,0.395,W
5/25/25 8:00,0.253,W
5/25/25 8:15,0.234,W
5/25/25 8:30,0.25,W
5/25/25 8:45,0.288,W
5/25/25 9:00,0.612,W
5/25/25 9:15,0.299,W
5/25/25 9:30,0.792,W
5/25/25 9:45,0.819,W
5/25/25 10:00,0.624,W
5/25/25 10:15,0.353,W
5/25/25 10:30,0.292,W
5/25/25 10:45,0.307,W
5/25/25 11:00,0.421,W
5/25/25 11:15,0.678,W
5/25/25 11:30,0.596,W
5/25/25 11:45,0.397,W
5/25/25 12:00,0.332,W
5/25/25 12:15,0.353,W
5/25/25 12:30,0.458,W
5/25/25 12:45,0.442,W
5/25/25 13:00,0.439,W
5/25/25 13:15,0.462,W
5/25/25 13:30,0.472,W
5/25/25 13:45,0.488,W
5/25/25 14:00,0.445,W
5/25/25 14:15,0.334,W
5/25/25 14:30,0.312,W
5/25/25 14:45,0.263,W
5/25/25 15:00,0.325,W
5/25/25 15:15,0.458,W
5/25/25 15:30,0.277,W
5/25/25 15:45,0.389,W
5/25/25 16:00,0.6,W
5/25/25 16:15,0.271,W
5/25/25 16:30,0.28,W
5/25/25 16:45,0.303,W
5/25/25 17:00,0.326,W
5/25/25 17:15,0.286,W
5/25/25 17:30,0.396,W
5/25/25 17:45,0.495,W
5/25/25 18:00,0.359,W
5/25/25 18:15,0.314,W
5/25/25 18:30,0.522,W
5/25/25 18:45,1.009,W
5/25/25 19:00,0.359,W
5/25/25 19:15,0.706,W
5/25/25 19:30,0.677,W
5/25/25 19:45,0.389,W
5/25/25 20:00,0.345,W
5/25/25 20:15,0.373,W
5/25/25 20:30,0.364,W
5/25/25 20:45,0.371,W
5/25/25 21:00,0.357,W
5/25/25 21:15,0.372,W
5/25/25 21:30,0.414,W
5/25/25 21:45,0.429,W
5/25/25 22:00,0.619,W
5/25/25 22:15,0.393,W
5/25/25 22:30,0.376,W
5/25/25 22:45,0.399,W
5/25/25 23:00,0.39,W
5/25/25 23:15,0.247,W
5/25/25 23:30,0.157,W
5/25/25 23:45,0.124,W
5/26/25 0:00,0.142,W
5/26/25 0:15,0.149,W
5/26/25 0:30,0.091,W
5/26/25 0:45,0.085,W
5/26/25 1:00,0.102,W
5/26/25 1:15,0.217,W
5/26/25 1:30,0.249,W
5/26/25 1:45,0.23,W
5/26/25 2:00,0.241,W
5/26/25 2:15,0.235,W
5/26/25 2:30,0.24,W
5/26/25 2:45,0.226,W
5/26/25 3:00,0.221,W
5/26/25 3:15,0.248,W
5/26/25 3:30,0.258,W
5/26/25 3:45,0.237,W
5/26/25 4:00,0.236,W
5/26/25 4:15,0.239,W
5/26/25 4:30,0.187,W
5/26/25 4:45,0.097,W
5/26/25 5:00,0.137,W
5/26/25 5:15,0.128,W
5/26/25 5:30,0.097,W
5/26/25 5:45,0.114,W
5/26/25 6:00,0.118,W
5/26/25 6:15,0.093,W
5/26/25 6:30,0.093,W
5/26/25 6:45,0.124,W
5/26/25 7:00,0.278,W
5/26/25 7:15,0.304,W
5/26/25 7:30,0.28,W
5/26/25 7:45,0.447,W
5/26/25 8:00,0.289,W
5/26/25 8:15,0.358,W
5/26/25 8:30,0.604,W
5/26/25 8:45,0.643,W
5/26/25 9:00,0.663,W
5/26/25 9:15,0.435,W
5/26/25 9:30,0.283,W
5/26/25 9:45,0.302,W
5/26/25 10:00,0.278,W
5/26/25 10:15,0.253,W
5/26/25 10:30,0.272,W
5/26/25 10:45,0.289,W
5/26/25 11:00,0.302,W
5/26/25 11:15,0.307,W
5/26/25 11:30,0.359,W
5/26/25 11:45,0.311,W
5/26/25 12:00,0.267,W
5/26/25 12:15,0.266,W
5/26/25 12:30,0.232,W
5/26/25 12:45,0.243,W
5/26/25 13:00,0.271,W
5/26/25 13:15,0.257,W
5/26/25 13:30,0.242,W
5/26/25 13:45,0.255,W
5/26/25 14:00,0.56,W
5/26/25 14:15,0.708,W
5/26/25 14:30,0.31,W
5/26/25 14:45,0.316,W
5/26/25 15:00,0.175,W
5/26/25 15:15,0.143,W
5/26/25 15:30,0.247,W
5/26/25 15:45,0.241,W
5/26/25 16:00,0.222,W
5/26/25 16:15,0.285,W
5/26/25 16:30,0.255,W
5/26/25 16:45,0.262,W
5/26/25 17:00,0.332,W
5/26/25 17:15,0.345,W
5/26/25 17:30,0.531,W
5/26/25 17:45,0.441,W
5/26/25 18:00,0.41,W
5/26/25 18:15,0.321,W
5/26/25 18:30,0.511,W
5/26/25 18:45,0.265,W
5/26/25 19:00,0.289,W
5/26/25 19:15,0.333,W
5/26/25 19:30,0.293,W
5/26/25 19:45,0.302,W
5/26/25 20:00,0.392,W
5/26/25 20:15,0.409,W
5/26/25 20:30,0.36,W
5/26/25 20:45,0.358,W
5/26/25 21:00,0.367,W
5/26/25 21:15,0.382,W
5/26/25 21:30,0.391,W
5/26/25 21:45,0.489,W
5/26/25 22:00,0.535,W
5/26/25 22:15,0.383,W
5/26/25 22:30,0.372,W
5/26/25 22:45,0.379,W
5/26/25 23:00,0.345,W
5/26/25 23:15,0.344,W
5/26/25 23:30,0.327,W
5/26/25 23:45,0.272,W
5/27/25 0:00,0.246,W
5/27/25 0:15,0.22,W
5/27/25 0:30,0.116,W
5/27/25 0:45,0.136,W
5/27/25 1:00,0.161,W
5/27/25 1:15,0.163,W
5/27/25 1:30,0.11,W
5/27/25 1:45,0.114,W
5/27/25 2:00,0.111,W
5/27/25 2:15,0.096,W
5/27/25 2:30,0.193,W
5/27/25 2:45,0.232,W
5/27/25 3:00,0.268,W
5/27/25 3:15,0.255,W
5/27/25 3:30,0.255,W
5/27/25 3:45,0.236,W
5/27/25 4:00,0.225,W
5/27/25 4:15,0.225,W
5/27/25 4:30,0.245,W
5/27/25 4:45,0.248,W
5/27/25 5:00,0.246,W
5/27/25 5:15,0.241,W
5/27/25 5:30,0.211,W
5/27/25 5:45,0.096,W
5/27/25 6:00,0.106,W
5/27/25 6:15,0.065,W
5/27/25 6:30,0.09,W
5/27/25 6:45,0.156,W
5/27/25 7:00,0.122,W
5/27/25 7:15,0.074,W
5/27/25 7:30,0.087,W
5/27/25 7:45,0.335,W
5/27/25 8:00,0.27,W
5/27/25 8:15,0.257,W
5/27/25 8:30,0.357,W
5/27/25 8:45,0.539,W
5/27/25 9:00,0.637,W
5/27/25 9:15,0.567,W
5/27/25 9:30,0.25,W
5/27/25 9:45,0.214,W
5/27/25 10:00,0.195,W
5/27/25 10:15,0.25,W
5/27/25 10:30,0.288,W
5/27/25 10:45,0.249,W
5/27/25 11:00,0.216,W
5/27/25 11:15,0.228,W
5/27/25 11:30,0.247,W
5/27/25 11:45,0.222,W
5/27/25 12:00,0.227,W
5/27/25 12:15,0.275,W
5/27/25 12:30,0.229,W
5/27/25 12:45,0.244,W
5/27/25 13:00,0.236,W
5/27/25 13:15,0.201,W
5/27/25 13:30,0.198,W
5/27/25 13:45,0.252,W
5/27/25 14:00,0.26,W
5/27/25 14:15,0.241,W
5/27/25 14:30,0.251,W
5/27/25 14:45,0.246,W
5/27/25 15:00,0.263,W
5/27/25 15:15,0.593,W
5/27/25 15:30,0.23,W
5/27/25 15:45,0.241,W
5/27/25 16:00,0.503,W
5/27/25 16:15,0.786,W
5/27/25 16:30,0.44,W
5/27/25 16:45,0.34,W
5/27/25 17:00,0.315,W
5/27/25 17:15,0.135,W
5/27/25 17:30,0.173,W
5/27/25 17:45,0.347,W
5/27/25 18:00,0.214,W
5/27/25 18:15,0.2,W
5/27/25 18:30,0.197,W
5/27/25 18:45,0.203,W
5/27/25 19:00,0.196,W
5/27/25 19:15,0.192,W
5/27/25 19:30,0.326,W
5/27/25 19:45,0.326,W
5/27/25 20:00,0.379,W
5/27/25 20:15,0.368,W
5/27/25 20:30,0.364,W
5/27/25 20:45,0.376,W
5/27/25 21:00,0.394,W
5/27/25 21:15,0.407,W
5/27/25 21:30,0.373,W
5/27/25 21:45,0.373,W
5/27/25 22:00,0.4,W
5/27/25 22:15,0.384,W
5/27/25 22:30,0.347,W
5/27/25 22:45,0.362,W
5/27/25 23:00,0.403,W
5/27/25 23:15,0.405,W
5/27/25 23:30,0.394,W
5/27/25 23:45,0.314,W
5/28/25 0:00,0.24,W
5/28/25 0:15,0.125,W
5/28/25 0:30,0.156,W
5/28/25 0:45,0.159,W
5/28/25 1:00,0.135,W
5/28/25 1:15,0.135,W
5/28/25 1:30,0.14,W
5/28/25 1:45,0.144,W
5/28/25 2:00,0.122,W
5/28/25 2:15,0.21,W
5/28/25 2:30,0.261,W
5/28/25 2:45,0.299,W
5/28/25 3:00,0.287,W
5/28/25 3:15,0.248,W
5/28/25 3:30,0.262,W
5/28/25 3:45,0.245,W
5/28/25 4:00,0.229,W
5/28/25 4:15,0.238,W
5/28/25 4:30,0.261,W
5/28/25 4:45,0.243,W
5/28/25 5:00,0.23,W
5/28/25 5:15,0.238,W
5/28/25 5:30,0.119,W
5/28/25 5:45,0.071,W
5/28/25 6:00,0.09,W
5/28/25 6:15,0.128,W
5/28/25 6:30,0.135,W
5/28/25 6:45,0.114,W
5/28/25 7:00,0.115,W
5/28/25 7:15,0.121,W
5/28/25 7:30,0.164,W
5/28/25 7:45,0.22,W
5/28/25 8:00,0.383,W
5/28/25 8:15,0.219,W
5/28/25 8:30,0.255,W
5/28/25 8:45,0.236,W
5/28/25 9:00,0.193,W
5/28/25 9:15,0.219,W
5/28/25 9:30,0.201,W
5/28/25 9:45,0.219,W
5/28/25 10:00,0.222,W
5/28/25 10:15,0.263,W
5/28/25 10:30,0.206,W
5/28/25 10:45,0.219,W
5/28/25 11:00,0.27,W
5/28/25 11:15,0.206,W
5/28/25 11:30,0.198,W
5/28/25 11:45,0.228,W
5/28/25 12:00,0.325,W
5/28/25 12:15,0.616,W
5/28/25 12:30,0.597,W
5/28/25 12:45,0.566,W
5/28/25 13:00,0.22,W
5/28/25 13:15,0.204,W
5/28/25 13:30,0.231,W
5/28/25 13:45,0.226,W
5/28/25 14:00,0.249,W
5/28/25 14:15,0.251,W
5/28/25 14:30,0.259,W
5/28/25 14:45,0.254,W
5/28/25 15:00,0.249,W
5/28/25 15:15,0.244,W
5/28/25 15:30,0.229,W
5/28/25 15:45,0.434,W
5/28/25 16:00,0.281,W
5/28/25 16:15,0.482,W
5/28/25 16:30,0.262,W
5/28/25 16:45,0.166,W
5/28/25 17:00,0.152,W
5/28/25 17:15,0.137,W
5/28/25 17:30,0.112,W
5/28/25 17:45,0.144,W
5/28/25 18:00,0.282,W
5/28/25 18:15,0.286,W
5/28/25 18:30,0.302,W
5/28/25 18:45,0.649,W
5/28/25 19:00,0.936,W
5/28/25 19:15,0.841,W
5/28/25 19:30,1.189,W
5/28/25 19:45,0.889,W
5/28/25 20:00,0.66,W
5/28/25 20:15,0.741,W
5/28/25 20:30,0.705,W
5/28/25 20:45,0.683,W
5/28/25 21:00,0.755,W
5/28/25 21:15,0.836,W
5/28/25 21:30,0.737,W
5/28/25 21:45,0.739,W
5/28/25 22:00,0.446,W
5/28/25 22:15,0.364,W
5/28/25 22:30,0.29,W
5/28/25 22:45,0.271,W
5/28/25 23:00,0.274,W
5/28/25 23:15,0.269,W
5/28/25 23:30,0.243,W
5/28/25 23:45,0.248,W
5/29/25 0:00,0.244,W
5/29/25 0:15,0.203,W
5/29/25 0:30,0.216,W
5/29/25 0:45,0.259,W
5/29/25 1:00,0.234,W
5/29/25 1:15,0.229,W
5/29/25 1:30,0.247,W
5/29/25 1:45,0.258,W
5/29/25 2:00,0.247,W
5/29/25 2:15,0.232,W
5/29/25 2:30,0.212,W
5/29/25 2:45,0.248,W
5/29/25 3:00,0.24,W
5/29/25 3:15,0.227,W
5/29/25 3:30,0.206,W
5/29/25 3:45,0.249,W
5/29/25 4:00,0.239,W
5/29/25 4:15,0.22,W
5/29/25 4:30,0.225,W
5/29/25 4:45,0.25,W
5/29/25 5:00,0.234,W
5/29/25 5:15,0.255,W
5/29/25 5:30,0.215,W
5/29/25 5:45,0.212,W
5/29/25 6:00,0.261,W
5/29/25 6:15,0.247,W
5/29/25 6:30,0.23,W
5/29/25 6:45,0.245,W
5/29/25 7:00,0.27,W
5/29/25 7:15,0.297,W
5/29/25 7:30,0.226,W
5/29/25 7:45,0.351,W
5/29/25 8:00,0.249,W
5/29/25 8:15,0.25,W
5/29/25 8:30,0.535,W
5/29/25 8:45,0.309,W
5/29/25 9:00,0.34,W
5/29/25 9:15,0.417,W
5/29/25 9:30,0.24,W
5/29/25 9:45,0.55,W
5/29/25 10:00,0.657,W
5/29/25 10:15,1.143,W
5/29/25 10:30,0.809,W
5/29/25 10:45,0.342,W
5/29/25 11:00,0.219,W
5/29/25 11:15,0.244,W
5/29/25 11:30,0.272,W
5/29/25 11:45,0.366,W
5/29/25 12:00,0.28,W
5/29/25 12:15,0.334,W
5/29/25 12:30,0.415,W
5/29/25 12:45,0.45,W
5/29/25 13:00,0.49,W
5/29/25 13:15,0.487,W
5/29/25 13:30,0.475,W
5/29/25 13:45,0.478,W
5/29/25 14:00,0.474,W
5/29/25 14:15,0.343,W
5/29/25 14:30,0.303,W
5/29/25 14:45,0.601,W
5/29/25 15:00,0.503,W
5/29/25 15:15,0.347,W
5/29/25 15:30,0.321,W
5/29/25 15:45,0.243,W
5/29/25 16:00,0.176,W
5/29/25 16:15,0.191,W
5/29/25 16:30,0.186,W
5/29/25 16:45,0.299,W
5/29/25 17:00,0.593,W
5/29/25 17:15,0.711,W
5/29/25 17:30,0.693,W
5/29/25 17:45,0.573,W
5/29/25 18:00,0.321,W
5/29/25 18:15,0.649,W
5/29/25 18:30,0.663,W
5/29/25 18:45,0.559,W
5/29/25 19:00,0.734,W
5/29/25 19:15,0.384,W
5/29/25 19:30,0.415,W
5/29/25 19:45,0.378,W
5/29/25 20:00,0.374,W
5/29/25 20:15,0.371,W
5/29/25 20:30,0.38,W
5/29/25 20:45,0.357,W
5/29/25 21:00,0.377,W
5/29/25 21:15,0.382,W
5/29/25 21:30,0.371,W
5/29/25 21:45,0.355,W
5/29/25 22:00,0.384,W
5/29/25 22:15,0.377,W
5/29/25 22:30,0.345,W
5/29/25 22:45,0.326,W
5/29/25 23:00,0.35,W
5/29/25 23:15,0.339,W
5/29/25 23:30,0.315,W
5/29/25 23:45,0.341,W
5/30/25 0:00,0.367,W
5/30/25 0:15,0.301,W
5/30/25 0:30,0.226,W
5/30/25 0:45,0.134,W
5/30/25 1:00,0.168,W
5/30/25 1:15,0.13,W
5/30/25 1:30,0.109,W
5/30/25 1:45,0.135,W
5/30/25 2:00,0.151,W
5/30/25 2:15,0.124,W
5/30/25 2:30,0.147,W
5/30/25 2:45,0.271,W
5/30/25 3:00,0.239,W
5/30/25 3:15,0.228,W
5/30/25 3:30,0.245,W
5/30/25 3:45,0.249,W
5/30/25 4:00,0.257,W
5/30/25 4:15,0.24,W
5/30/25 4:30,0.264,W
5/30/25 4:45,0.291,W
5/30/25 5:00,0.272,W
5/30/25 5:15,0.239,W
5/30/25 5:30,0.245,W
5/30/25 5:45,0.263,W
5/30/25 6:00,0.165,W
5/30/25 6:15,0.098,W
5/30/25 6:30,0.132,W
5/30/25 6:45,0.13,W
5/30/25 7:00,0.14,W
5/30/25 7:15,0.115,W
5/30/25 7:30,0.103,W
5/30/25 7:45,0.189,W
5/30/25 8:00,0.27,W
5/30/25 8:15,0.251,W
5/30/25 8:30,0.265,W
5/30/25 8:45,0.28,W
5/30/25 9:00,0.258,W
5/30/25 9:15,0.271,W
5/30/25 9:30,0.248,W
5/30/25 9:45,0.223,W
5/30/25 10:00,0.225,W
5/30/25 10:15,0.248,W
5/30/25 10:30,0.27,W
5/30/25 10:45,0.388,W
5/30/25 11:00,0.775,W
5/30/25 11:15,0.731,W
5/30/25 11:30,1.334,W
5/30/25 11:45,1.117,W
5/30/25 12:00,0.272,W
5/30/25 12:15,0.39,W
5/30/25 12:30,0.357,W
5/30/25 12:45,0.369,W
5/30/25 13:00,0.461,W
5/30/25 13:15,0.477,W
5/30/25 13:30,0.492,W
5/30/25 13:45,0.517,W
5/30/25 14:00,0.496,W
5/30/25 14:15,0.411,W
5/30/25 14:30,0.349,W
5/30/25 14:45,0.391,W
5/30/25 15:00,0.283,W
5/30/25 15:15,0.386,W
5/30/25 15:30,0.391,W
5/30/25 15:45,0.593,W
5/30/25 16:00,0.571,W
5/30/25 16:15,0.625,W
5/30/25 16:30,0.535,W
5/30/25 16:45,0.423,W
5/30/25 17:00,0.389,W
5/30/25 17:15,0.296,W
5/30/25 17:30,0.273,W
5/30/25 17:45,0.264,W
5/30/25 18:00,0.291,W
5/30/25 18:15,0.282,W
5/30/25 18:30,0.306,W
5/30/25 18:45,0.364,W
5/30/25 19:00,0.252,W
5/30/25 19:15,0.4,W
5/30/25 19:30,0.363,W
5/30/25 19:45,0.398,W
5/30/25 20:00,0.42,W
5/30/25 20:15,0.415,W
5/30/25 20:30,0.265,W
5/30/25 20:45,0.259,W
5/30/25 21:00,0.29,W
5/30/25 21:15,0.26,W
5/30/25 21:30,0.223,W
5/30/25 21:45,0.281,W
5/30/25 22:00,0.319,W
5/30/25 22:15,0.288,W
5/30/25 22:30,0.319,W
5/30/25 22:45,0.362,W
5/30/25 23:00,0.38,W
5/30/25 23:15,0.374,W
5/30/25 23:30,0.375,W
5/30/25 23:45,0.32,W
5/31/25 0:00,0.281,W
5/31/25 0:15,0.288,W
5/31/25 0:30,0.276,W
5/31/25 0:45,0.255,W
5/31/25 1:00,0.261,W
5/31/25 1:15,0.261,W
5/31/25 1:30,0.255,W
5/31/25 1:45,0.253,W
5/31/25 2:00,0.256,W
5/31/25 2:15,0.267,W
5/31/25 2:30,0.287,W
5/31/25 2:45,0.271,W
5/31/25 3:00,0.184,W
5/31/25 3:15,0.125,W
5/31/25 3:30,0.13,W
5/31/25 3:45,0.109,W
5/31/25 4:00,0.113,W
5/31/25 4:15,0.113,W
5/31/25 4:30,0.144,W
5/31/25 4:45,0.164,W
5/31/25 5:00,0.106,W
5/31/25 5:15,0.23,W
5/31/25 5:30,0.26,W
5/31/25 5:45,0.246,W
5/31/25 6:00,0.23,W
5/31/25 6:15,0.24,W
5/31/25 6:30,0.246,W
5/31/25 6:45,0.295,W
5/31/25 7:00,0.261,W
5/31/25 7:15,0.256,W
5/31/25 7:30,0.919,W
5/31/25 7:45,1.417,W
5/31/25 8:00,0.653,W
5/31/25 8:15,0.305,W
5/31/25 8:30,0.827,W
5/31/25 8:45,0.328,W
5/31/25 9:00,0.299,W
5/31/25 9:15,0.254,W
5/31/25 9:30,0.26,W
5/31/25 9:45,0.282,W
5/31/25 10:00,0.263,W
5/31/25 10:15,0.256,W
5/31/25 10:30,0.383,W
5/31/25 10:45,0.442,W
5/31/25 11:00,0.482,W
5/31/25 11:15,0.451,W
5/31/25 11:30,0.612,W
5/31/25 11:45,1.165,W
5/31/25 12:00,0.864,W
5/31/25 12:15,0.29,W
5/31/25 12:30,0.263,W
5/31/25 12:45,0.362,W
5/31/25 13:00,0.593,W
5/31/25 13:15,0.633,W
5/31/25 13:30,0.662,W
5/31/25 13:45,0.525,W
5/31/25 14:00,0.316,W
5/31/25 14:15,0.329,W
5/31/25 14:30,0.307,W
5/31/25 14:45,0.318,W
5/31/25 15:00,0.327,W
5/31/25 15:15,0.354,W
5/31/25 15:30,0.507,W
5/31/25 15:45,0.485,W
5/31/25 16:00,0.44,W
5/31/25 16:15,0.365,W
5/31/25 16:30,0.284,W
5/31/25 16:45,0.243,W
5/31/25 17:00,0.237,W
5/31/25 17:15,0.285,W
5/31/25 17:30,0.288,W
5/31/25 17:45,0.289,W
5/31/25 18:00,0.314,W
5/31/25 18:15,0.3,W
5/31/25 18:30,0.275,W
5/31/25 18:45,0.283,W
5/31/25 19:00,0.308,W
5/31/25 19:15,0.338,W
5/31/25 19:30,0.365,W
5/31/25 19:45,0.38,W
5/31/25 20:00,0.352,W
5/31/25 20:15,0.342,W
5/31/25 20:30,0.375,W
5/31/25 20:45,0.35,W
5/31/25 21:00,0.339,W
5/31/25 21:15,0.34,W
5/31/25 21:30,0.333,W
5/31/25 21:45,0.36,W
5/31/25 22:00,0.458,W
5/31/25 22:15,0.394,W
5/31/25 22:30,0.391,W
5/31/25 22:45,0.404,W
5/31/25 23:00,0.376,W
5/31/25 23:15,0.353,W
5/31/25 23:30,0.355,W
5/31/25 23:45,0.356,W
6/1/25 0:00,0.368,W
6/1/25 0:15,0.265,W
6/1/25 0:30,0.208,W
6/1/25 0:45,0.19,W
6/1/25 1:00,0.18,W
6/1/25 1:15,0.151,W
6/1/25 1:30,0.138,W
6/1/25 1:45,0.129,W
6/1/25 2:00,0.133,W
6/1/25 2:15,0.228,W
6/1/25 2:30,0.243,W
6/1/25 2:45,0.219,W
6/1/25 3:00,0.21,W
6/1/25 3:15,0.259,W
6/1/25 3:30,0.238,W
6/1/25 3:45,0.232,W
6/1/25 4:00,0.241,W
6/1/25 4:15,0.227,W
6/1/25 4:30,0.241,W
6/1/25 4:45,0.231,W
6/1/25 5:00,0.203,W
6/1/25 5:15,0.238,W
6/1/25 5:30,0.271,W
6/1/25 5:45,0.128,W
6/1/25 6:00,0.119,W
6/1/25 6:15,0.112,W
6/1/25 6:30,0.117,W
6/1/25 6:45,0.111,W
6/1/25 7:00,0.114,W
6/1/25 7:15,0.132,W
6/1/25 7:30,0.135,W
6/1/25 7:45,0.295,W
6/1/25 8:00,0.386,W
6/1/25 8:15,0.24,W
6/1/25 8:30,0.556,W
6/1/25 8:45,0.301,W
6/1/25 9:00,0.258,W
6/1/25 9:15,0.25,W
6/1/25 9:30,0.265,W
6/1/25 9:45,0.299,W
6/1/25 10:00,0.302,W
6/1/25 10:15,0.283,W
6/1/25 10:30,0.253,W
6/1/25 10:45,0.264,W
6/1/25 11:00,0.374,W
6/1/25 11:15,0.394,W
6/1/25 11:30,0.412,W
6/1/25 11:45,1.414,W
6/1/25 12:00,1.449,W
6/1/25 12:15,1.431,W
6/1/25 12:30,1.021,W
6/1/25 12:45,0.528,W
6/1/25 13:00,0.356,W
6/1/25 13:15,0.714,W
6/1/25 13:30,0.73,W
6/1/25 13:45,1.082,W
6/1/25 14:00,0.505,W
6/1/25 14:15,0.326,W
6/1/25 14:30,0.295,W
6/1/25 14:45,0.336,W
6/1/25 15:00,0.459,W
6/1/25 15:15,0.58,W
6/1/25 15:30,0.6,W
6/1/25 15:45,0.523,W
6/1/25 16:00,0.439,W
6/1/25 16:15,0.362,W
6/1/25 16:30,0.289,W
6/1/25 16:45,0.327,W
6/1/25 17:00,0.3,W
6/1/25 17:15,0.274,W
6/1/25 17:30,0.282,W
6/1/25 17:45,0.353,W
6/1/25 18:00,0.29,W
6/1/25 18:15,0.417,W
6/1/25 18:30,0.285,W
6/1/25 18:45,0.324,W
6/1/25 19:00,0.324,W
6/1/25 19:15,0.366,W
6/1/25 19:30,0.306,W
6/1/25 19:45,0.305,W
6/1/25 20:00,0.341,W
6/1/25 20:15,0.389,W
6/1/25 20:30,0.392,W
6/1/25 20:45,0.376,W
6/1/25 21:00,0.369,W
6/1/25 21:15,0.374,W
6/1/25 21:30,0.349,W
6/1/25 21:45,0.372,W
6/1/25 22:00,0.386,W
6/1/25 22:15,0.393,W
6/1/25 22:30,0.429,W
6/1/25 22:45,0.404,W
6/1/25 23:00,0.372,W
6/1/25 23:15,0.372,W
6/1/25 23:30,0.311,W
6/1/25 23:45,0.213,W
6/2/25 0:00,0.237,W
6/2/25 0:15,0.139,W
6/2/25 0:30,0.117,W
6/2/25 0:45,0.144,W
6/2/25 1:00,0.128,W
6/2/25 1:15,0.095,W
6/2/25 1:30,0.101,W
6/2/25 1:45,0.245,W
6/2/25 2:00,0.262,W
6/2/25 2:15,0.288,W
6/2/25 2:30,0.24,W
6/2/25 2:45,0.245,W
6/2/25 3:00,0.239,W
6/2/25 3:15,0.231,W
6/2/25 3:30,0.23,W
6/2/25 3:45,0.251,W
6/2/25 4:00,0.257,W
6/2/25 4:15,0.266,W
6/2/25 4:30,0.248,W
6/2/25 4:45,0.266,W
6/2/25 5:00,0.122,W
6/2/25 5:15,0.113,W
6/2/25 5:30,0.124,W
6/2/25 5:45,0.12,W
6/2/25 6:00,0.124,W
6/2/25 6:15,0.098,W
6/2/25 6:30,0.109,W
6/2/25 6:45,0.106,W
6/2/25 7:00,0.09,W
6/2/25 7:15,0.095,W
6/2/25 7:30,0.241,W
6/2/25 7:45,0.468,W
6/2/25 8:00,0.27,W
6/2/25 8:15,0.27,W
6/2/25 8:30,0.256,W
6/2/25 8:45,0.245,W
6/2/25 9:00,0.239,W
6/2/25 9:15,0.286,W
6/2/25 9:30,0.243,W
6/2/25 9:45,0.3,W
6/2/25 10:00,0.285,W
6/2/25 10:15,0.243,W
6/2/25 10:30,0.246,W
6/2/25 10:45,0.28,W
6/2/25 11:00,0.378,W
6/2/25 11:15,0.697,W
6/2/25 11:30,0.686,W
6/2/25 11:45,0.808,W
6/2/25 12:00,0.795,W
6/2/25 12:15,0.36,W
6/2/25 12:30,0.28,W
6/2/25 12:45,0.243,W
6/2/25 13:00,0.278,W
6/2/25 13:15,0.273,W
6/2/25 13:30,0.268,W
6/2/25 13:45,0.238,W
6/2/25 14:00,0.233,W
6/2/25 14:15,0.243,W
6/2/25 14:30,0.255,W
6/2/25 14:45,0.261,W
6/2/25 15:00,0.634,W
6/2/25 15:15,0.559,W
6/2/25 15:30,0.82,W
6/2/25 15:45,0.817,W
6/2/25 16:00,0.769,W
6/2/25 16:15,0.5,W
6/2/25 16:30,0.384,W
6/2/25 16:45,0.11,W
6/2/25 17:00,0.106,W
6/2/25 17:15,0.104,W
6/2/25 17:30,0.148,W
6/2/25 17:45,0.136,W
6/2/25 18:00,0.111,W
6/2/25 18:15,0.159,W
6/2/25 18:30,0.42,W
6/2/25 18:45,0.576,W
6/2/25 19:00,0.312,W
6/2/25 19:15,0.343,W
6/2/25 19:30,0.363,W
6/2/25 19:45,0.356,W
6/2/25 20:00,0.377,W
6/2/25 20:15,0.368,W
6/2/25 20:30,0.351,W
6/2/25 20:45,0.393,W
6/2/25 21:00,0.381,W
6/2/25 21:15,0.366,W
6/2/25 21:30,0.371,W
6/2/25 21:45,0.37,W
6/2/25 22:00,0.368,W
6/2/25 22:15,0.346,W
6/2/25 22:30,0.326,W
6/2/25 22:45,0.285,W
6/2/25 23:00,0.288,W
6/2/25 23:15,0.292,W
6/2/25 23:30,0.253,W
6/2/25 23:45,0.266,W
6/3/25 0:00,0.156,W
6/3/25 0:15,0.139,W
6/3/25 0:30,0.115,W
6/3/25 0:45,0.109,W
6/3/25 1:00,0.14,W
6/3/25 1:15,0.145,W
6/3/25 1:30,0.147,W
6/3/25 1:45,0.112,W
6/3/25 2:00,0.224,W
6/3/25 2:15,0.273,W
6/3/25 2:30,0.251,W
6/3/25 2:45,0.213,W
6/3/25 3:00,0.251,W
6/3/25 3:15,0.245,W
6/3/25 3:30,0.225,W
6/3/25 3:45,0.235,W
6/3/25 4:00,0.227,W
6/3/25 4:15,0.236,W
6/3/25 4:30,0.268,W
6/3/25 4:45,0.234,W
6/3/25 5:00,0.239,W
6/3/25 5:15,0.139,W
6/3/25 5:30,0.137,W
6/3/25 5:45,0.113,W
6/3/25 6:00,0.12,W
6/3/25 6:15,0.121,W
6/3/25 6:30,0.129,W
6/3/25 6:45,0.129,W
6/3/25 7:00,0.141,W
6/3/25 7:15,0.115,W
6/3/25 7:30,0.231,W
6/3/25 7:45,0.26,W
6/3/25 8:00,0.232,W
6/3/25 8:15,0.433,W
6/3/25 8:30,0.344,W
6/3/25 8:45,0.308,W
6/3/25 9:00,0.309,W
6/3/25 9:15,0.277,W
6/3/25 9:30,0.281,W
6/3/25 9:45,0.264,W
6/3/25 10:00,0.29,W
6/3/25 10:15,0.273,W
6/3/25 10:30,0.262,W
6/3/25 10:45,0.314,W
6/3/25 11:00,0.297,W
6/3/25 11:15,0.267,W
6/3/25 11:30,0.301,W
6/3/25 11:45,0.303,W
6/3/25 12:00,0.344,W
6/3/25 12:15,0.535,W
6/3/25 12:30,0.237,W
6/3/25 12:45,0.262,W
6/3/25 13:00,0.275,W
6/3/25 13:15,0.28,W
6/3/25 13:30,0.222,W
6/3/25 13:45,0.235,W
6/3/25 14:00,0.244,W
6/3/25 14:15,0.267,W
6/3/25 14:30,0.265,W
6/3/25 14:45,0.446,W
6/3/25 15:00,0.713,W
6/3/25 15:15,0.298,W
6/3/25 15:30,0.302,W
6/3/25 15:45,0.304,W
6/3/25 16:00,0.307,W
6/3/25 16:15,0.343,W
6/3/25 16:30,0.313,W
6/3/25 16:45,0.22,W
6/3/25 17:00,0.11,W
6/3/25 17:15,0.111,W
6/3/25 17:30,0.127,W
6/3/25 17:45,0.132,W
6/3/25 18:00,0.106,W
6/3/25 18:15,0.112,W
6/3/25 18:30,0.421,W
6/3/25 18:45,0.268,W
6/3/25 19:00,0.28,W
6/3/25 19:15,0.498,W
6/3/25 19:30,1.214,W
6/3/25 19:45,0.855,W
6/3/25 20:00,0.814,W
6/3/25 20:15,0.965,W
6/3/25 20:30,0.326,W
6/3/25 20:45,0.358,W
6/3/25 21:00,0.387,W
6/3/25 21:15,0.384,W
6/3/25 21:30,0.467,W
6/3/25 21:45,0.379,W
6/3/25 22:00,0.386,W
6/3/25 22:15,0.437,W
6/3/25 22:30,0.405,W
6/3/25 22:45,0.397,W
6/3/25 23:00,0.39,W
6/3/25 23:15,0.384,W
6/3/25 23:30,0.283,W
6/3/25 23:45,0.158,W
6/4/25 0:00,0.159,W
6/4/25 0:15,0.114,W
6/4/25 0:30,0.15,W
6/4/25 0:45,0.179,W
6/4/25 1:00,0.12,W
6/4/25 1:15,0.112,W
6/4/25 1:30,0.161,W
6/4/25 1:45,0.274,W
6/4/25 2:00,0.269,W
6/4/25 2:15,0.267,W
6/4/25 2:30,0.258,W
6/4/25 2:45,0.28,W
6/4/25 3:00,0.259,W
6/4/25 3:15,0.225,W
6/4/25 3:30,0.23,W
6/4/25 3:45,0.282,W
6/4/25 4:00,0.234,W
6/4/25 4:15,0.242,W
6/4/25 4:30,0.26,W
6/4/25 4:45,0.251,W
6/4/25 5:00,0.16,W
6/4/25 5:15,0.15,W
6/4/25 5:30,0.115,W
6/4/25 5:45,0.104,W
6/4/25 6:00,0.124,W
6/4/25 6:15,0.123,W
6/4/25 6:30,0.103,W
6/4/25 6:45,0.109,W
6/4/25 7:00,0.098,W
6/4/25 7:15,0.125,W
6/4/25 7:30,0.213,W
6/4/25 7:45,0.273,W
6/4/25 8:00,0.237,W
6/4/25 8:15,0.258,W
6/4/25 8:30,0.258,W
6/4/25 8:45,0.258,W
6/4/25 9:00,0.419,W
6/4/25 9:15,0.298,W
6/4/25 9:30,0.312,W
6/4/25 9:45,0.281,W
6/4/25 10:00,0.265,W
6/4/25 10:15,0.263,W
6/4/25 10:30,0.31,W
6/4/25 10:45,0.282,W
6/4/25 11:00,0.261,W
6/4/25 11:15,0.277,W
6/4/25 11:30,0.245,W
6/4/25 11:45,0.38,W
6/4/25 12:00,0.394,W
6/4/25 12:15,0.323,W
6/4/25 12:30,0.263,W
6/4/25 12:45,0.26,W
6/4/25 13:00,0.271,W
6/4/25 13:15,0.263,W
6/4/25 13:30,0.286,W
6/4/25 13:45,0.264,W
6/4/25 14:00,0.238,W
6/4/25 14:15,0.289,W
6/4/25 14:30,0.282,W
6/4/25 14:45,0.259,W
6/4/25 15:00,0.244,W
6/4/25 15:15,0.257,W
6/4/25 15:30,0.253,W
6/4/25 15:45,0.138,W
6/4/25 16:00,0.105,W
6/4/25 16:15,0.134,W
6/4/25 16:30,0.157,W
6/4/25 16:45,0.146,W
6/4/25 17:00,0.113,W
6/4/25 17:15,0.113,W
6/4/25 17:30,0.372,W
6/4/25 17:45,0.404,W
6/4/25 18:00,0.282,W
6/4/25 18:15,0.531,W
6/4/25 18:30,0.308,W
6/4/25 18:45,0.346,W
6/4/25 19:00,0.332,W
6/4/25 19:15,0.381,W
6/4/25 19:30,0.702,W
6/4/25 19:45,0.801,W
6/4/25 20:00,0.713,W
6/4/25 20:15,0.366,W
6/4/25 20:30,0.372,W
6/4/25 20:45,0.41,W
6/4/25 21:00,0.397,W
6/4/25 21:15,0.38,W
6/4/25 21:30,0.403,W
6/4/25 21:45,0.39,W
6/4/25 22:00,0.601,W
6/4/25 22:15,0.51,W
6/4/25 22:30,0.568,W
6/4/25 22:45,0.598,W
6/4/25 23:00,0.432,W
6/4/25 23:15,0.325,W
6/4/25 23:30,0.281,W
6/4/25 23:45,0.613,W
6/5/25 0:00,0.207,W
6/5/25 0:15,0.129,W
6/5/25 0:30,0.13,W
6/5/25 0:45,0.133,W
6/5/25 1:00,0.163,W
6/5/25 1:15,0.22,W
6/5/25 1:30,0.271,W
6/5/25 1:45,0.243,W
6/5/25 2:00,0.252,W
6/5/25 2:15,0.258,W
6/5/25 2:30,0.261,W
6/5/25 2:45,0.285,W
6/5/25 3:00,0.265,W
6/5/25 3:15,0.259,W
6/5/25 3:30,0.263,W
6/5/25 3:45,0.252,W
6/5/25 4:00,0.247,W
6/5/25 4:15,0.25,W
6/5/25 4:30,0.266,W
6/5/25 4:45,0.301,W
6/5/25 5:00,0.16,W
6/5/25 5:15,0.146,W
6/5/25 5:30,0.133,W
6/5/25 5:45,0.115,W
6/5/25 6:00,0.129,W
6/5/25 6:15,0.104,W
6/5/25 6:30,0.112,W
6/5/25 6:45,0.156,W
6/5/25 7:00,0.204,W
6/5/25 7:15,0.21,W
6/5/25 7:30,0.217,W
6/5/25 7:45,0.402,W
6/5/25 8:00,0.211,W
6/5/25 8:15,0.2,W
6/5/25 8:30,0.208,W
6/5/25 8:45,0.246,W
6/5/25 9:00,0.255,W
6/5/25 9:15,0.217,W
6/5/25 9:30,0.199,W
6/5/25 9:45,0.252,W
6/5/25 10:00,0.241,W
6/5/25 10:15,0.212,W
6/5/25 10:30,0.243,W
6/5/25 10:45,0.251,W
6/5/25 11:00,0.643,W
6/5/25 11:15,0.602,W
6/5/25 11:30,0.487,W
6/5/25 11:45,0.41,W
6/5/25 12:00,0.241,W
6/5/25 12:15,0.261,W
6/5/25 12:30,0.229,W
6/5/25 12:45,0.304,W
6/5/25 13:00,0.304,W
6/5/25 13:15,0.289,W
6/5/25 13:30,0.285,W
6/5/25 13:45,0.269,W
6/5/25 14:00,0.276,W
6/5/25 14:15,0.306,W
6/5/25 14:30,0.268,W
6/5/25 14:45,0.275,W
6/5/25 15:00,0.301,W
6/5/25 15:15,0.312,W
6/5/25 15:30,0.509,W
6/5/25 15:45,0.521,W
6/5/25 16:00,0.301,W
6/5/25 16:15,0.3,W
6/5/25 16:30,0.317,W
6/5/25 16:45,0.279,W
6/5/25 17:00,0.316,W
6/5/25 17:15,0.483,W
6/5/25 17:30,0.418,W
6/5/25 17:45,0.293,W
6/5/25 18:00,0.385,W
6/5/25 18:15,0.372,W
6/5/25 18:30,0.464,W
6/5/25 18:45,0.562,W
6/5/25 19:00,1.07,W
6/5/25 19:15,0.76,W
6/5/25 19:30,0.623,W
6/5/25 19:45,0.537,W
6/5/25 20:00,0.437,W
6/5/25 20:15,0.458,W
6/5/25 20:30,0.699,W
6/5/25 20:45,0.742,W
6/5/25 21:00,0.731,W
6/5/25 21:15,0.684,W
6/5/25 21:30,0.672,W
6/5/25 21:45,0.7,W
6/5/25 22:00,0.731,W
6/5/25 22:15,0.559,W
6/5/25 22:30,0.396,W
6/5/25 22:45,0.388,W
6/5/25 23:00,0.363,W
6/5/25 23:15,0.288,W
6/5/25 23:30,0.207,W
6/5/25 23:45,0.213,W
6/6/25 0:00,0.232,W
6/6/25 0:15,0.238,W
6/6/25 0:30,0.221,W
6/6/25 0:45,0.266,W
6/6/25 1:00,0.275,W
6/6/25 1:15,0.254,W
6/6/25 1:30,0.239,W
6/6/25 1:45,0.223,W
6/6/25 2:00,0.259,W
6/6/25 2:15,0.25,W
6/6/25 2:30,0.211,W
6/6/25 2:45,0.243,W
6/6/25 3:00,0.242,W
6/6/25 3:15,0.247,W
6/6/25 3:30,0.246,W
6/6/25 3:45,0.234,W
6/6/25 4:00,0.209,W
6/6/25 4:15,0.229,W
6/6/25 4:30,0.248,W
6/6/25 4:45,0.24,W
6/6/25 5:00,0.207,W
6/6/25 5:15,0.243,W
6/6/25 5:30,0.259,W
6/6/25 5:45,0.231,W
6/6/25 6:00,0.232,W
6/6/25 6:15,0.214,W
6/6/25 6:30,0.257,W
6/6/25 6:45,0.291,W
6/6/25 7:00,0.445,W
6/6/25 7:15,0.329,W
6/6/25 7:30,0.341,W
6/6/25 7:45,0.528,W
6/6/25 8:00,0.96,W
6/6/25 8:15,0.278,W
6/6/25 8:30,0.691,W
6/6/25 8:45,0.506,W
6/6/25 9:00,0.265,W
6/6/25 9:15,0.272,W
6/6/25 9:30,0.269,W
6/6/25 9:45,0.294,W
6/6/25 10:00,0.285,W
6/6/25 10:15,0.277,W
6/6/25 10:30,0.334,W
6/6/25 10:45,0.455,W
6/6/25 11:00,0.417,W
6/6/25 11:15,0.309,W
6/6/25 11:30,0.442,W
6/6/25 11:45,0.33,W
6/6/25 12:00,0.326,W
6/6/25 12:15,0.32,W
6/6/25 12:30,0.324,W
6/6/25 12:45,0.304,W
6/6/25 13:00,0.294,W
6/6/25 13:15,0.339,W
6/6/25 13:30,0.466,W
6/6/25 13:45,0.451,W
6/6/25 14:00,0.472,W
6/6/25 14:15,0.354,W
6/6/25 14:30,0.3,W
6/6/25 14:45,0.302,W
6/6/25 15:00,0.549,W
6/6/25 15:15,0.522,W
6/6/25 15:30,0.787,W
6/6/25 15:45,0.538,W
6/6/25 16:00,0.24,W
6/6/25 16:15,0.276,W
6/6/25 16:30,0.303,W
6/6/25 16:45,0.286,W
6/6/25 17:00,0.3,W
6/6/25 17:15,0.61,W
6/6/25 17:30,0.993,W
6/6/25 17:45,0.798,W
6/6/25 18:00,0.369,W
6/6/25 18:15,0.454,W
6/6/25 18:30,0.44,W
6/6/25 18:45,0.461,W
6/6/25 19:00,0.495,W
6/6/25 19:15,0.52,W
6/6/25 19:30,0.509,W
6/6/25 19:45,0.323,W
6/6/25 20:00,0.326,W
6/6/25 20:15,0.324,W
6/6/25 20:30,0.364,W
6/6/25 20:45,0.359,W
6/6/25 21:00,0.353,W
6/6/25 21:15,0.368,W
6/6/25 21:30,0.358,W
6/6/25 21:45,0.351,W
6/6/25 22:00,0.385,W
6/6/25 22:15,0.345,W
6/6/25 22:30,0.335,W
6/6/25 22:45,0.375,W
6/6/25 23:00,0.414,W
6/6/25 23:15,0.356,W
6/6/25 23:30,0.316,W
6/6/25 23:45,0.315,W
6/7/25 0:00,0.246,W
6/7/25 0:15,0.178,W
6/7/25 0:30,0.138,W
6/7/25 0:45,0.13,W
6/7/25 1:00,0.136,W
6/7/25 1:15,0.147,W
6/7/25 1:30,0.125,W
6/7/25 1:45,0.104,W
6/7/25 2:00,0.13,W
6/7/25 2:15,0.26,W
6/7/25 2:30,0.258,W
6/7/25 2:45,0.285,W
6/7/25 3:00,0.242,W
6/7/25 3:15,0.265,W
6/7/25 3:30,0.278,W
6/7/25 3:45,0.331,W
6/7/25 4:00,0.247,W
6/7/25 4:15,0.277,W
6/7/25 4:30,0.266,W
6/7/25 4:45,0.268,W
6/7/25 5:00,0.242,W
6/7/25 5:15,0.104,W
6/7/25 5:30,0.085,W
6/7/25 5:45,0.131,W
6/7/25 6:00,0.126,W
6/7/25 6:15,0.086,W
6/7/25 6:30,0.137,W
6/7/25 6:45,0.134,W
6/7/25 7:00,0.153,W
6/7/25 7:15,0.168,W
6/7/25 7:30,0.103,W
6/7/25 7:45,0.394,W
6/7/25 8:00,0.289,W
6/7/25 8:15,0.261,W
6/7/25 8:30,0.517,W
6/7/25 8:45,0.61,W
6/7/25 9:00,0.692,W
6/7/25 9:15,0.623,W
6/7/25 9:30,0.307,W
6/7/25 9:45,0.308,W
6/7/25 10:00,0.263,W
6/7/25 10:15,0.323,W
6/7/25 10:30,0.322,W
6/7/25 10:45,0.304,W
6/7/25 11:00,0.39,W
6/7/25 11:15,0.424,W
6/7/25 11:30,0.377,W
6/7/25 11:45,0.832,W
6/7/25 12:00,0.889,W
6/7/25 12:15,0.766,W
6/7/25 12:30,0.436,W
6/7/25 12:45,0.433,W
6/7/25 13:00,0.383,W
6/7/25 13:15,0.518,W
6/7/25 13:30,0.542,W
6/7/25 13:45,0.644,W
6/7/25 14:00,0.532,W
6/7/25 14:15,0.293,W
6/7/25 14:30,0.305,W
6/7/25 14:45,0.299,W
6/7/25 15:00,0.344,W
6/7/25 15:15,0.359,W
6/7/25 15:30,0.279,W
6/7/25 15:45,0.288,W
6/7/25 16:00,0.288,W
6/7/25 16:15,0.487,W
6/7/25 16:30,0.824,W
6/7/25 16:45,0.67,W
6/7/25 17:00,0.361,W
6/7/25 17:15,0.331,W
6/7/25 17:30,0.321,W
6/7/25 17:45,0.315,W
6/7/25 18:00,0.415,W
6/7/25 18:15,0.382,W
6/7/25 18:30,0.285,W
6/7/25 18:45,0.273,W
6/7/25 19:00,0.347,W
6/7/25 19:15,0.368,W
6/7/25 19:30,0.315,W
6/7/25 19:45,0.33,W
6/7/25 20:00,0.323,W
6/7/25 20:15,0.367,W
6/7/25 20:30,0.384,W
6/7/25 20:45,0.373,W
6/7/25 21:00,0.358,W
6/7/25 21:15,0.375,W
6/7/25 21:30,0.353,W
6/7/25 21:45,0.339,W
6/7/25 22:00,0.364,W
6/7/25 22:15,0.355,W
6/7/25 22:30,0.383,W
6/7/25 22:45,0.38,W
6/7/25 23:00,0.329,W
6/7/25 23:15,0.354,W
6/7/25 23:30,0.405,W
6/7/25 23:45,0.364,W
6/8/25 0:00,0.352,W
6/8/25 0:15,0.366,W
6/8/25 0:30,0.237,W
6/8/25 0:45,0.146,W
6/8/25 1:00,0.158,W
6/8/25 1:15,0.125,W
6/8/25 1:30,0.123,W
6/8/25 1:45,0.135,W
6/8/25 2:00,0.126,W
6/8/25 2:15,0.146,W
6/8/25 2:30,0.216,W
6/8/25 2:45,0.265,W
6/8/25 3:00,0.28,W
6/8/25 3:15,0.264,W
6/8/25 3:30,0.234,W
6/8/25 3:45,0.242,W
6/8/25 4:00,0.27,W
6/8/25 4:15,0.229,W
6/8/25 4:30,0.203,W
6/8/25 4:45,0.241,W
6/8/25 5:00,0.275,W
6/8/25 5:15,0.265,W
6/8/25 5:30,0.227,W
6/8/25 5:45,0.162,W
6/8/25 6:00,0.139,W
6/8/25 6:15,0.107,W
6/8/25 6:30,0.109,W
6/8/25 6:45,0.1,W
6/8/25 7:00,0.108,W
6/8/25 7:15,0.118,W
6/8/25 7:30,0.104,W
6/8/25 7:45,0.32,W
6/8/25 8:00,0.214,W
6/8/25 8:15,0.284,W
6/8/25 8:30,0.371,W
6/8/25 8:45,0.639,W
6/8/25 9:00,0.268,W
6/8/25 9:15,0.284,W
6/8/25 9:30,0.263,W
6/8/25 9:45,0.275,W
6/8/25 10:00,0.232,W
6/8/25 10:15,0.284,W
6/8/25 10:30,0.611,W
6/8/25 10:45,0.389,W
6/8/25 11:00,0.769,W
6/8/25 11:15,0.889,W
6/8/25 11:30,0.911,W
6/8/25 11:45,0.501,W
6/8/25 12:00,0.367,W
6/8/25 12:15,0.338,W
6/8/25 12:30,0.315,W
6/8/25 12:45,0.348,W
6/8/25 13:00,0.294,W
6/8/25 13:15,0.6,W
6/8/25 13:30,0.773,W
6/8/25 13:45,0.359,W
6/8/25 14:00,0.401,W
6/8/25 14:15,0.53,W
6/8/25 14:30,0.519,W
6/8/25 14:45,0.553,W
6/8/25 15:00,0.511,W
6/8/25 15:15,0.489,W
6/8/25 15:30,0.458,W
6/8/25 15:45,0.487,W
6/8/25 16:00,0.371,W
6/8/25 16:15,0.302,W
6/8/25 16:30,0.316,W
6/8/25 16:45,0.254,W
6/8/25 17:00,0.318,W
6/8/25 17:15,0.298,W
6/8/25 17:30,0.274,W
6/8/25 17:45,0.258,W
6/8/25 18:00,0.282,W
6/8/25 18:15,0.646,W
6/8/25 18:30,0.53,W
6/8/25 18:45,0.623,W
6/8/25 19:00,0.453,W
6/8/25 19:15,0.299,W
6/8/25 19:30,0.328,W
6/8/25 19:45,0.359,W
6/8/25 20:00,0.328,W
6/8/25 20:15,0.343,W
6/8/25 20:30,0.382,W
6/8/25 20:45,0.413,W
6/8/25 21:00,0.379,W
6/8/25 21:15,0.401,W
6/8/25 21:30,0.24,W
6/8/25 21:45,0.23,W
6/8/25 22:00,0.276,W
6/8/25 22:15,0.285,W
6/8/25 22:30,0.253,W
6/8/25 22:45,0.26,W
6/8/25 23:00,0.372,W
6/8/25 23:15,0.184,W
6/8/25 23:30,0.133,W
6/8/25 23:45,0.147,W
6/9/25 0:00,0.256,W
6/9/25 0:15,0.284,W
6/9/25 0:30,0.246,W
6/9/25 0:45,0.231,W
6/9/25 1:00,0.231,W
6/9/25 1:15,0.249,W
6/9/25 1:30,0.279,W
6/9/25 1:45,0.27,W
6/9/25 2:00,0.273,W
6/9/25 2:15,0.255,W
6/9/25 2:30,0.273,W
6/9/25 2:45,0.259,W
6/9/25 3:00,0.223,W
6/9/25 3:15,0.234,W
6/9/25 3:30,0.273,W
6/9/25 3:45,0.193,W
6/9/25 4:00,0.099,W
6/9/25 4:15,0.093,W
6/9/25 4:30,0.106,W
6/9/25 4:45,0.112,W
6/9/25 5:00,0.094,W
6/9/25 5:15,0.111,W
6/9/25 5:30,0.127,W
6/9/25 5:45,0.142,W
6/9/25 6:00,0.185,W
6/9/25 6:15,0.233,W
6/9/25 6:30,0.258,W
6/9/25 6:45,0.261,W
6/9/25 7:00,0.26,W
6/9/25 7:15,0.261,W
6/9/25 7:30,0.384,W
6/9/25 7:45,0.442,W
6/9/25 8:00,0.425,W
6/9/25 8:15,0.275,W
6/9/25 8:30,0.267,W
6/9/25 8:45,0.319,W
6/9/25 9:00,0.302,W
6/9/25 9:15,0.547,W
6/9/25 9:30,0.895,W
6/9/25 9:45,0.989,W
6/9/25 10:00,0.85,W
6/9/25 10:15,0.334,W
6/9/25 10:30,0.322,W
6/9/25 10:45,0.306,W
6/9/25 11:00,0.453,W
6/9/25 11:15,0.471,W
6/9/25 11:30,0.519,W
6/9/25 11:45,0.309,W
6/9/25 12:00,0.396,W
6/9/25 12:15,0.67,W
6/9/25 12:30,0.625,W
6/9/25 12:45,0.678,W
6/9/25 13:00,0.404,W
6/9/25 13:15,0.321,W
6/9/25 13:30,0.392,W
6/9/25 13:45,0.408,W
6/9/25 14:00,0.35,W
6/9/25 14:15,0.512,W
6/9/25 14:30,0.942,W
6/9/25 14:45,1.229,W
6/9/25 15:00,0.644,W
6/9/25 15:15,0.954,W
6/9/25 15:30,0.316,W
6/9/25 15:45,0.203,W
6/9/25 16:00,0.19,W
6/9/25 16:15,0.183,W
6/9/25 16:30,0.186,W
6/9/25 16:45,0.175,W
6/9/25 17:00,0.26,W
6/9/25 17:15,0.329,W
6/9/25 17:30,0.353,W
6/9/25 17:45,0.341,W
6/9/25 18:00,0.483,W
6/9/25 18:15,0.416,W
6/9/25 18:30,0.339,W
6/9/25 18:45,0.416,W
6/9/25 19:00,0.52,W
6/9/25 19:15,0.322,W
6/9/25 19:30,0.335,W
6/9/25 19:45,0.349,W
6/9/25 20:00,0.514,W
6/9/25 20:15,0.434,W
6/9/25 20:30,0.335,W
6/9/25 20:45,0.248,W
6/9/25 21:00,0.308,W
6/9/25 21:15,0.297,W
6/9/25 21:30,0.251,W
6/9/25 21:45,0.219,W
6/9/25 22:00,0.294,W
6/9/25 22:15,0.405,W
6/9/25 22:30,0.37,W
6/9/25 22:45,0.368,W
6/9/25 23:00,0.389,W
6/9/25 23:15,0.375,W
6/9/25 23:30,0.255,W
6/9/25 23:45,0.251,W
6/10/25 0:00,0.269,W
6/10/25 0:15,0.298,W
6/10/25 0:30,0.253,W
6/10/25 0:45,0.255,W
6/10/25 1:00,0.283,W
6/10/25 1:15,0.264,W
6/10/25 1:30,0.26,W
6/10/25 1:45,0.17,W
6/10/25 2:00,0.15,W
6/10/25 2:15,0.105,W
6/10/25 2:30,0.158,W
6/10/25 2:45,0.123,W
6/10/25 3:00,0.109,W
6/10/25 3:15,0.114,W
6/10/25 3:30,0.096,W
6/10/25 3:45,0.139,W
6/10/25 4:00,0.23,W
6/10/25 4:15,0.236,W
6/10/25 4:30,0.237,W
6/10/25 4:45,0.227,W
6/10/25 5:00,0.237,W
6/10/25 5:15,0.253,W
6/10/25 5:30,0.251,W
6/10/25 5:45,0.229,W
6/10/25 6:00,0.212,W
6/10/25 6:15,0.245,W
6/10/25 6:30,0.252,W
6/10/25 6:45,0.231,W
6/10/25 7:00,0.118,W
6/10/25 7:15,0.126,W
6/10/25 7:30,0.135,W
6/10/25 7:45,0.281,W
6/10/25 8:00,0.123,W
6/10/25 8:15,0.121,W
6/10/25 8:30,0.136,W
6/10/25 8:45,0.403,W
6/10/25 9:00,0.123,W
6/10/25 9:15,0.241,W
6/10/25 9:30,0.223,W
6/10/25 9:45,0.185,W
6/10/25 10:00,0.181,W
6/10/25 10:15,0.204,W
6/10/25 10:30,0.235,W
6/10/25 10:45,0.228,W
6/10/25 11:00,0.22,W
6/10/25 11:15,0.243,W
6/10/25 11:30,0.247,W
6/10/25 11:45,0.228,W
6/10/25 12:00,0.3,W
6/10/25 12:15,0.273,W
6/10/25 12:30,0.287,W
6/10/25 12:45,0.465,W
6/10/25 13:00,0.31,W
6/10/25 13:15,0.287,W
6/10/25 13:30,0.292,W
6/10/25 13:45,0.279,W
6/10/25 14:00,0.262,W
6/10/25 14:15,0.284,W
6/10/25 14:30,0.303,W
6/10/25 14:45,0.292,W
6/10/25 15:00,0.256,W
6/10/25 15:15,0.243,W
6/10/25 15:30,0.283,W
6/10/25 15:45,0.392,W
6/10/25 16:00,0.316,W
6/10/25 16:15,0.298,W
6/10/25 16:30,0.291,W
6/10/25 16:45,0.25,W
6/10/25 17:00,0.216,W
6/10/25 17:15,0.246,W
6/10/25 17:30,0.33,W
6/10/25 17:45,0.275,W
6/10/25 18:00,0.36,W
6/10/25 18:15,0.352,W
6/10/25 18:30,0.289,W
6/10/25 18:45,0.304,W
6/10/25 19:00,0.303,W
6/10/25 19:15,0.31,W
6/10/25 19:30,0.348,W
6/10/25 19:45,0.348,W
6/10/25 20:00,0.314,W
6/10/25 20:15,0.297,W
6/10/25 20:30,0.329,W
6/10/25 20:45,0.353,W
6/10/25 21:00,0.279,W
6/10/25 21:15,0.494,W
6/10/25 21:30,0.573,W
6/10/25 21:45,0.285,W
6/10/25 22:00,0.467,W
6/10/25 22:15,0.506,W
6/10/25 22:30,0.584,W
6/10/25 22:45,0.523,W
6/10/25 23:00,0.26,W
6/10/25 23:15,0.247,W
6/10/25 23:30,0.33,W
6/10/25 23:45,0.325,W
6/11/25 0:00,0.338,W
6/11/25 0:15,0.359,W
6/11/25 0:30,0.268,W
6/11/25 0:45,0.29,W
6/11/25 1:00,0.285,W
6/11/25 1:15,0.259,W
6/11/25 1:30,0.229,W
6/11/25 1:45,0.245,W
6/11/25 2:00,0.252,W
6/11/25 2:15,0.25,W
6/11/25 2:30,0.259,W
6/11/25 2:45,0.243,W
6/11/25 3:00,0.259,W
6/11/25 3:15,0.246,W
6/11/25 3:30,0.226,W
6/11/25 3:45,0.234,W
6/11/25 4:00,0.235,W
6/11/25 4:15,0.264,W
6/11/25 4:30,0.216,W
6/11/25 4:45,0.097,W
6/11/25 5:00,0.112,W
6/11/25 5:15,0.133,W
6/11/25 5:30,0.097,W
6/11/25 5:45,0.076,W
6/11/25 6:00,0.109,W
6/11/25 6:15,0.122,W
6/11/25 6:30,0.113,W
6/11/25 6:45,0.207,W
6/11/25 7:00,0.39,W
6/11/25 7:15,0.957,W
6/11/25 7:30,0.281,W
6/11/25 7:45,0.749,W
6/11/25 8:00,0.565,W
6/11/25 8:15,0.246,W
6/11/25 8:30,0.241,W
6/11/25 8:45,0.295,W
6/11/25 9:00,0.371,W
6/11/25 9:15,0.295,W
6/11/25 9:30,0.31,W
6/11/25 9:45,0.323,W
6/11/25 10:00,0.317,W
6/11/25 10:15,0.352,W
6/11/25 10:30,0.289,W
6/11/25 10:45,0.246,W
6/11/25 11:00,0.255,W
6/11/25 11:15,0.237,W
6/11/25 11:30,0.263,W
6/11/25 11:45,0.749,W
6/11/25 12:00,1.266,W
6/11/25 12:15,0.719,W
6/11/25 12:30,0.467,W
6/11/25 12:45,0.455,W
6/11/25 13:00,0.32,W
6/11/25 13:15,0.362,W
6/11/25 13:30,0.344,W
6/11/25 13:45,0.291,W
6/11/25 14:00,0.309,W
6/11/25 14:15,0.309,W
6/11/25 14:30,0.278,W
6/11/25 14:45,0.479,W
6/11/25 15:00,0.622,W
6/11/25 15:15,0.382,W
6/11/25 15:30,0.427,W
6/11/25 15:45,0.394,W
6/11/25 16:00,0.288,W
6/11/25 16:15,0.31,W
6/11/25 16:30,0.3,W
6/11/25 16:45,0.265,W
6/11/25 17:00,0.275,W
6/11/25 17:15,0.305,W
6/11/25 17:30,0.283,W
6/11/25 17:45,0.359,W
6/11/25 18:00,0.425,W
6/11/25 18:15,0.432,W
6/11/25 18:30,0.275,W
6/11/25 18:45,0.324,W
6/11/25 19:00,0.291,W
6/11/25 19:15,0.376,W
6/11/25 19:30,0.333,W
6/11/25 19:45,0.35,W
6/11/25 20:00,0.348,W
6/11/25 20:15,0.344,W
6/11/25 20:30,0.328,W
6/11/25 20:45,0.372,W
6/11/25 21:00,0.375,W
6/11/25 21:15,0.342,W
6/11/25 21:30,0.335,W
6/11/25 21:45,0.371,W
6/11/25 22:00,0.368,W
6/11/25 22:15,0.35,W
6/11/25 22:30,0.373,W
6/11/25 22:45,0.34,W
6/11/25 23:00,0.33,W
6/11/25 23:15,0.213,W
6/11/25 23:30,0.235,W
6/11/25 23:45,0.198,W
6/12/25 0:00,0.202,W
6/12/25 0:15,0.247,W
6/12/25 0:30,0.237,W
6/12/25 0:45,0.189,W
6/12/25 1:00,0.187,W
6/12/25 1:15,0.222,W
6/12/25 1:30,0.272,W
6/12/25 1:45,0.248,W
6/12/25 2:00,0.247,W
6/12/25 2:15,0.254,W
6/12/25 2:30,0.233,W
6/12/25 2:45,0.245,W
6/12/25 3:00,0.232,W
6/12/25 3:15,0.237,W
6/12/25 3:30,0.29,W
6/12/25 3:45,0.265,W
6/12/25 4:00,0.233,W
6/12/25 4:15,0.236,W
6/12/25 4:30,0.165,W
6/12/25 4:45,0.121,W
6/12/25 5:00,0.145,W
6/12/25 5:15,0.12,W
6/12/25 5:30,0.126,W
6/12/25 5:45,0.12,W
6/12/25 6:00,0.129,W
6/12/25 6:15,0.082,W
6/12/25 6:30,0.081,W
6/12/25 6:45,0.205,W
6/12/25 7:00,0.232,W
6/12/25 7:15,0.215,W
6/12/25 7:30,0.232,W
6/12/25 7:45,0.437,W
6/12/25 8:00,0.37,W
6/12/25 8:15,0.236,W
6/12/25 8:30,0.261,W
6/12/25 8:45,0.56,W
6/12/25 9:00,0.637,W
6/12/25 9:15,0.552,W
6/12/25 9:30,0.255,W
6/12/25 9:45,0.29,W
6/12/25 10:00,0.304,W
6/12/25 10:15,0.303,W
6/12/25 10:30,0.236,W
6/12/25 10:45,0.242,W
6/12/25 11:00,0.276,W
6/12/25 11:15,0.247,W
6/12/25 11:30,0.254,W
6/12/25 11:45,0.311,W
6/12/25 12:00,0.283,W
6/12/25 12:15,0.44,W
6/12/25 12:30,0.379,W
6/12/25 12:45,0.29,W
6/12/25 13:00,0.244,W
6/12/25 13:15,0.279,W
6/12/25 13:30,0.288,W
6/12/25 13:45,0.258,W
6/12/25 14:00,0.273,W
6/12/25 14:15,0.315,W
6/12/25 14:30,0.299,W
6/12/25 14:45,0.233,W
6/12/25 15:00,0.156,W
6/12/25 15:15,0.168,W
6/12/25 15:30,0.233,W
6/12/25 15:45,0.443,W
6/12/25 16:00,0.935,W
6/12/25 16:15,0.555,W
6/12/25 16:30,0.282,W
6/12/25 16:45,0.32,W
6/12/25 17:00,0.3,W
6/12/25 17:15,0.287,W
6/12/25 17:30,0.643,W
6/12/25 17:45,0.26,W
6/12/25 18:00,0.318,W
6/12/25 18:15,0.329,W
6/12/25 18:30,0.347,W
6/12/25 18:45,0.325,W
6/12/25 19:00,0.487,W
6/12/25 19:15,0.334,W
6/12/25 19:30,0.511,W
6/12/25 19:45,0.582,W
6/12/25 20:00,0.688,W
6/12/25 20:15,0.62,W
6/12/25 20:30,0.352,W
6/12/25 20:45,0.373,W
6/12/25 21:00,0.423,W
6/12/25 21:15,0.359,W
6/12/25 21:30,0.364,W
6/12/25 21:45,0.396,W
6/12/25 22:00,0.368,W
6/12/25 22:15,0.373,W
6/12/25 22:30,0.412,W
6/12/25 22:45,0.41,W
6/12/25 23:00,0.381,W
6/12/25 23:15,0.358,W
6/12/25 23:30,0.35,W
6/12/25 23:45,0.347,W
6/13/25 0:00,0.331,W
6/13/25 0:15,0.275,W
6/13/25 0:30,0.249,W
6/13/25 0:45,0.269,W
6/13/25 1:00,0.293,W
6/13/25 1:15,0.278,W
6/13/25 1:30,0.259,W
6/13/25 1:45,0.205,W
6/13/25 2:00,0.12,W
6/13/25 2:15,0.145,W
6/13/25 2:30,0.135,W
6/13/25 2:45,0.099,W
6/13/25 3:00,0.141,W
6/13/25 3:15,0.159,W
6/13/25 3:30,0.156,W
6/13/25 3:45,0.21,W
6/13/25 4:00,0.291,W
6/13/25 4:15,0.293,W
6/13/25 4:30,0.277,W
6/13/25 4:45,0.267,W
6/13/25 5:00,0.248,W
6/13/25 5:15,0.299,W
6/13/25 5:30,0.288,W
6/13/25 5:45,0.264,W
6/13/25 6:00,0.261,W
6/13/25 6:15,0.263,W
6/13/25 6:30,0.253,W
6/13/25 6:45,0.23,W
6/13/25 7:00,0.195,W
6/13/25 7:15,0.137,W
6/13/25 7:30,0.129,W
6/13/25 7:45,0.196,W
6/13/25 8:00,0.31,W
6/13/25 8:15,0.129,W
6/13/25 8:30,0.181,W
6/13/25 8:45,0.18,W
6/13/25 9:00,0.133,W
6/13/25 9:15,0.231,W
6/13/25 9:30,0.273,W
6/13/25 9:45,0.276,W
6/13/25 10:00,0.398,W
6/13/25 10:15,0.447,W
6/13/25 10:30,0.673,W
6/13/25 10:45,0.809,W
6/13/25 11:00,0.651,W
6/13/25 11:15,0.375,W
6/13/25 11:30,0.353,W
6/13/25 11:45,0.335,W
6/13/25 12:00,0.309,W
6/13/25 12:15,0.354,W
6/13/25 12:30,0.399,W
6/13/25 12:45,0.3,W
6/13/25 13:00,0.304,W
6/13/25 13:15,0.272,W
6/13/25 13:30,0.305,W
6/13/25 13:45,0.277,W
6/13/25 14:00,0.282,W
6/13/25 14:15,0.278,W
6/13/25 14:30,0.281,W
6/13/25 14:45,0.264,W
6/13/25 15:00,0.357,W
6/13/25 15:15,0.481,W
6/13/25 15:30,0.515,W
6/13/25 15:45,0.481,W
6/13/25 16:00,0.782,W
6/13/25 16:15,0.718,W
6/13/25 16:30,0.556,W
6/13/25 16:45,0.543,W
6/13/25 17:00,0.437,W
6/13/25 17:15,0.295,W
6/13/25 17:30,0.262,W
6/13/25 17:45,0.339,W
6/13/25 18:00,0.375,W
6/13/25 18:15,0.312,W
6/13/25 18:30,0.589,W
6/13/25 18:45,0.305,W
6/13/25 19:00,0.344,W
6/13/25 19:15,0.34,W
6/13/25 19:30,0.299,W
6/13/25 19:45,0.315,W
6/13/25 20:00,0.354,W
6/13/25 20:15,0.35,W
6/13/25 20:30,0.344,W
6/13/25 20:45,0.323,W
6/13/25 21:00,0.26,W
6/13/25 21:15,0.206,W
6/13/25 21:30,0.208,W
6/13/25 21:45,0.203,W
6/13/25 22:00,0.229,W
6/13/25 22:15,0.247,W
6/13/25 22:30,0.267,W
6/13/25 22:45,0.38,W
6/13/25 23:00,0.362,W
6/13/25 23:15,0.352,W
6/13/25 23:30,0.33,W
6/13/25 23:45,0.302,W
6/14/25 0:00,0.287,W
6/14/25 0:15,0.287,W
6/14/25 0:30,0.266,W
6/14/25 0:45,0.267,W
6/14/25 1:00,0.239,W
6/14/25 1:15,0.24,W
6/14/25 1:30,0.263,W
6/14/25 1:45,0.237,W
6/14/25 2:00,0.224,W
6/14/25 2:15,0.265,W
6/14/25 2:30,0.307,W
6/14/25 2:45,0.182,W
6/14/25 3:00,0.112,W
6/14/25 3:15,0.093,W
6/14/25 3:30,0.097,W
6/14/25 3:45,0.115,W
6/14/25 4:00,0.089,W
6/14/25 4:15,0.067,W
6/14/25 4:30,0.116,W
6/14/25 4:45,0.24,W
6/14/25 5:00,0.23,W
6/14/25 5:15,0.245,W
6/14/25 5:30,0.218,W
6/14/25 5:45,0.214,W
6/14/25 6:00,0.244,W
6/14/25 6:15,0.22,W
6/14/25 6:30,0.222,W
6/14/25 6:45,0.244,W
6/14/25 7:00,0.261,W
6/14/25 7:15,0.235,W
6/14/25 7:30,0.233,W
6/14/25 7:45,0.427,W
6/14/25 8:00,0.234,W
6/14/25 8:15,0.243,W
6/14/25 8:30,0.631,W
6/14/25 8:45,0.546,W
6/14/25 9:00,0.431,W
6/14/25 9:15,0.64,W
6/14/25 9:30,0.577,W
6/14/25 9:45,0.769,W
6/14/25 10:00,0.523,W
6/14/25 10:15,1.02,W
6/14/25 10:30,0.57,W
6/14/25 10:45,0.432,W
6/14/25 11:00,0.944,W
6/14/25 11:15,0.501,W
6/14/25 11:30,0.558,W
6/14/25 11:45,0.809,W
6/14/25 12:00,0.731,W
6/14/25 12:15,0.533,W
6/14/25 12:30,0.521,W
6/14/25 12:45,0.296,W
6/14/25 13:00,0.266,W
6/14/25 13:15,0.295,W
6/14/25 13:30,0.721,W
6/14/25 13:45,0.509,W
6/14/25 14:00,0.316,W
6/14/25 14:15,0.324,W
6/14/25 14:30,0.317,W
6/14/25 14:45,0.483,W
6/14/25 15:00,0.38,W
6/14/25 15:15,0.302,W
6/14/25 15:30,0.273,W
6/14/25 15:45,0.322,W
6/14/25 16:00,0.37,W
6/14/25 16:15,0.568,W
6/14/25 16:30,0.398,W
6/14/25 16:45,0.3,W
6/14/25 17:00,0.622,W
6/14/25 17:15,0.772,W
6/14/25 17:30,0.509,W
6/14/25 17:45,0.757,W
6/14/25 18:00,0.66,W
6/14/25 18:15,0.597,W
6/14/25 18:30,0.721,W
6/14/25 18:45,0.359,W
6/14/25 19:00,0.286,W
6/14/25 19:15,0.731,W
6/14/25 19:30,1.007,W
6/14/25 19:45,1.089,W
6/14/25 20:00,0.831,W
6/14/25 20:15,0.753,W
6/14/25 20:30,0.733,W
6/14/25 20:45,0.739,W
6/14/25 21:00,0.75,W
6/14/25 21:15,0.717,W
6/14/25 21:30,0.71,W
6/14/25 21:45,0.735,W
6/14/25 22:00,0.782,W
6/14/25 22:15,0.788,W
6/14/25 22:30,0.72,W
6/14/25 22:45,0.713,W
6/14/25 23:00,0.671,W
6/14/25 23:15,0.696,W
6/14/25 23:30,0.719,W
6/14/25 23:45,0.644,W
6/15/25 0:00,0.604,W
6/15/25 0:15,0.623,W
6/15/25 0:30,0.616,W
6/15/25 0:45,0.572,W
6/15/25 1:00,0.212,W
6/15/25 1:15,0.122,W
6/15/25 1:30,0.168,W
6/15/25 1:45,0.169,W
6/15/25 2:00,0.121,W
6/15/25 2:15,0.129,W
6/15/25 2:30,0.203,W
6/15/25 2:45,0.238,W
6/15/25 3:00,0.228,W
6/15/25 3:15,0.223,W
6/15/25 3:30,0.284,W
6/15/25 3:45,0.267,W
6/15/25 4:00,0.27,W
6/15/25 4:15,0.273,W
6/15/25 4:30,0.242,W
6/15/25 4:45,0.248,W
6/15/25 5:00,0.283,W
6/15/25 5:15,0.276,W
6/15/25 5:30,0.287,W
6/15/25 5:45,0.265,W
6/15/25 6:00,0.257,W
6/15/25 6:15,0.229,W
6/15/25 6:30,0.247,W
6/15/25 6:45,0.27,W
6/15/25 7:00,0.244,W
6/15/25 7:15,0.243,W
6/15/25 7:30,0.376,W
6/15/25 7:45,0.309,W
6/15/25 8:00,0.241,W
6/15/25 8:15,0.254,W
6/15/25 8:30,0.264,W
6/15/25 8:45,0.382,W
6/15/25 9:00,0.263,W
6/15/25 9:15,0.285,W
6/15/25 9:30,0.269,W
6/15/25 9:45,0.228,W
6/15/25 10:00,0.16,W
6/15/25 10:15,0.125,W
6/15/25 10:30,0.133,W
6/15/25 10:45,0.148,W
6/15/25 11:00,0.13,W
6/15/25 11:15,0.158,W
6/15/25 11:30,0.202,W
6/15/25 11:45,0.569,W
6/15/25 12:00,0.39,W
6/15/25 12:15,0.317,W
6/15/25 12:30,0.289,W
6/15/25 12:45,0.28,W
6/15/25 13:00,0.289,W
6/15/25 13:15,0.268,W
6/15/25 13:30,0.226,W
6/15/25 13:45,0.275,W
6/15/25 14:00,0.605,W
6/15/25 14:15,0.3,W
6/15/25 14:30,0.821,W
6/15/25 14:45,0.875,W
6/15/25 15:00,0.827,W
6/15/25 15:15,0.585,W
6/15/25 15:30,0.673,W
6/15/25 15:45,0.349,W
6/15/25 16:00,0.329,W
6/15/25 16:15,0.331,W
6/15/25 16:30,0.337,W
6/15/25 16:45,0.458,W
6/15/25 17:00,0.499,W
6/15/25 17:15,0.51,W
6/15/25 17:30,0.444,W
6/15/25 17:45,0.564,W
6/15/25 18:00,0.55,W
6/15/25 18:15,0.478,W
6/15/25 18:30,0.436,W
6/15/25 18:45,0.36,W
6/15/25 19:00,0.32,W
6/15/25 19:15,0.901,W
6/15/25 19:30,0.912,W
6/15/25 19:45,0.742,W
6/15/25 20:00,0.733,W
6/15/25 20:15,0.448,W
6/15/25 20:30,0.49,W
6/15/25 20:45,0.782,W
6/15/25 21:00,0.735,W
6/15/25 21:15,0.726,W
6/15/25 21:30,0.402,W
6/15/25 21:45,0.358,W
6/15/25 22:00,0.359,W
6/15/25 22:15,0.372,W
6/15/25 22:30,0.381,W
6/15/25 22:45,0.365,W
6/15/25 23:00,0.366,W
6/15/25 23:15,0.286,W
6/15/25 23:30,0.296,W
6/15/25 23:45,0.135,W
6/16/25 0:00,0.125,W
6/16/25 0:15,0.132,W
6/16/25 0:30,0.135,W
6/16/25 0:45,0.119,W
6/16/25 1:00,0.102,W
6/16/25 1:15,0.136,W
6/16/25 1:30,0.159,W
6/16/25 1:45,0.256,W
6/16/25 2:00,0.25,W
6/16/25 2:15,0.254,W
6/16/25 2:30,0.254,W
6/16/25 2:45,0.25,W
6/16/25 3:00,0.257,W
6/16/25 3:15,0.275,W
6/16/25 3:30,0.296,W
6/16/25 3:45,0.263,W
6/16/25 4:00,0.227,W
6/16/25 4:15,0.227,W
6/16/25 4:30,0.227,W
6/16/25 4:45,0.234,W
6/16/25 5:00,0.251,W
6/16/25 5:15,0.164,W
6/16/25 5:30,0.119,W
6/16/25 5:45,0.096,W
6/16/25 6:00,0.112,W
6/16/25 6:15,0.109,W
6/16/25 6:30,0.107,W
6/16/25 6:45,0.127,W
6/16/25 7:00,0.125,W
6/16/25 7:15,0.138,W
6/16/25 7:30,0.134,W
6/16/25 7:45,0.445,W
6/16/25 8:00,0.26,W
6/16/25 8:15,0.229,W
6/16/25 8:30,0.277,W
6/16/25 8:45,0.43,W
6/16/25 9:00,0.313,W
6/16/25 9:15,0.323,W
6/16/25 9:30,0.282,W
6/16/25 9:45,0.316,W
6/16/25 10:00,0.29,W
6/16/25 10:15,0.255,W
6/16/25 10:30,0.27,W
6/16/25 10:45,0.299,W
6/16/25 11:00,0.31,W
6/16/25 11:15,0.47,W
6/16/25 11:30,0.385,W
6/16/25 11:45,0.269,W
6/16/25 12:00,0.228,W
6/16/25 12:15,0.255,W
6/16/25 12:30,0.232,W
6/16/25 12:45,0.234,W
6/16/25 13:00,0.264,W
6/16/25 13:15,0.25,W
6/16/25 13:30,0.22,W
6/16/25 13:45,0.224,W
6/16/25 14:00,0.238,W
6/16/25 14:15,0.268,W
6/16/25 14:30,0.282,W
6/16/25 14:45,0.247,W
6/16/25 15:00,0.24,W
6/16/25 15:15,0.346,W
6/16/25 15:30,0.36,W
6/16/25 15:45,0.33,W
6/16/25 16:00,0.346,W
6/16/25 16:15,0.405,W
6/16/25 16:30,0.323,W
6/16/25 16:45,0.247,W
6/16/25 17:00,0.218,W
6/16/25 17:15,0.241,W
6/16/25 17:30,0.406,W
6/16/25 17:45,0.435,W
6/16/25 18:00,0.31,W
6/16/25 18:15,0.726,W
6/16/25 18:30,0.661,W
6/16/25 18:45,0.634,W
6/16/25 19:00,0.527,W
6/16/25 19:15,0.316,W
6/16/25 19:30,0.224,W
6/16/25 19:45,0.214,W
6/16/25 20:00,0.201,W
6/16/25 20:15,0.169,W
6/16/25 20:30,0.207,W
6/16/25 20:45,0.213,W
6/16/25 21:00,0.225,W
6/16/25 21:15,0.242,W
6/16/25 21:30,0.32,W
6/16/25 21:45,0.501,W
6/16/25 22:00,0.392,W
6/16/25 22:15,0.363,W
6/16/25 22:30,0.344,W
6/16/25 22:45,0.37,W
6/16/25 23:00,0.35,W
6/16/25 23:15,0.348,W
6/16/25 23:30,0.365,W
6/16/25 23:45,0.355,W
6/17/25 0:00,0.346,W
6/17/25 0:15,0.335,W
6/17/25 0:30,0.253,W
6/17/25 0:45,0.289,W
6/17/25 1:00,0.31,W
6/17/25 1:15,0.134,W
6/17/25 1:30,0.131,W
6/17/25 1:45,0.142,W
6/17/25 2:00,0.127,W
6/17/25 2:15,0.122,W
6/17/25 2:30,0.115,W
6/17/25 2:45,0.111,W
6/17/25 3:00,0.15,W
6/17/25 3:15,0.304,W
6/17/25 3:30,0.253,W
6/17/25 3:45,0.225,W
6/17/25 4:00,0.25,W
6/17/25 4:15,0.252,W
6/17/25 4:30,0.225,W
6/17/25 4:45,0.242,W
6/17/25 5:00,0.244,W
6/17/25 5:15,0.265,W
6/17/25 5:30,0.287,W
6/17/25 5:45,0.25,W
6/17/25 6:00,0.278,W
6/17/25 6:15,0.318,W
6/17/25 6:30,0.291,W
6/17/25 6:45,0.217,W
6/17/25 7:00,0.252,W
6/17/25 7:15,0.794,W
6/17/25 7:30,0.735,W
6/17/25 7:45,0.424,W
6/17/25 8:00,0.861,W
6/17/25 8:15,0.316,W
6/17/25 8:30,0.301,W
6/17/25 8:45,0.305,W
6/17/25 9:00,0.173,W
6/17/25 9:15,0.178,W
6/17/25 9:30,0.19,W
6/17/25 9:45,0.161,W
6/17/25 10:00,0.087,W
6/17/25 10:15,0.089,W
6/17/25 10:30,0.146,W
6/17/25 10:45,0.131,W
6/17/25 11:00,0.255,W
6/17/25 11:15,0.284,W
6/17/25 11:30,0.293,W
6/17/25 11:45,0.226,W
6/17/25 12:00,0.223,W
6/17/25 12:15,0.622,W
6/17/25 12:30,0.387,W
6/17/25 12:45,0.289,W
6/17/25 13:00,0.374,W
6/17/25 13:15,0.391,W
6/17/25 13:30,0.432,W
6/17/25 13:45,0.39,W
6/17/25 14:00,0.214,W
6/17/25 14:15,0.221,W
6/17/25 14:30,0.241,W
6/17/25 14:45,0.256,W
6/17/25 15:00,0.265,W
6/17/25 15:15,0.244,W
6/17/25 15:30,0.228,W
6/17/25 15:45,0.242,W
6/17/25 16:00,0.188,W
6/17/25 16:15,0.106,W
6/17/25 16:30,0.119,W
6/17/25 16:45,0.136,W
6/17/25 17:00,0.131,W
6/17/25 17:15,0.113,W
6/17/25 17:30,0.133,W
6/17/25 17:45,0.201,W
6/17/25 18:00,0.215,W
6/17/25 18:15,0.305,W
6/17/25 18:30,0.314,W
6/17/25 18:45,0.349,W
6/17/25 19:00,0.403,W
6/17/25 19:15,0.31,W
6/17/25 19:30,0.31,W
6/17/25 19:45,0.349,W
6/17/25 20:00,0.363,W
6/17/25 20:15,0.398,W
6/17/25 20:30,0.374,W
6/17/25 20:45,0.383,W
6/17/25 21:00,0.41,W
6/17/25 21:15,0.374,W
6/17/25 21:30,0.219,W
6/17/25 21:45,0.243,W
6/17/25 22:00,0.286,W
6/17/25 22:15,0.297,W
6/17/25 22:30,0.264,W
6/17/25 22:45,0.223,W
6/17/25 23:00,0.258,W
6/17/25 23:15,0.23,W
6/17/25 23:30,0.129,W
6/17/25 23:45,0.167,W
6/18/25 0:00,0.279,W
6/18/25 0:15,0.297,W
6/18/25 0:30,0.269,W
6/18/25 0:45,0.256,W
6/18/25 1:00,0.244,W
6/18/25 1:15,0.262,W
6/18/25 1:30,0.276,W
6/18/25 1:45,0.27,W
6/18/25 2:00,0.263,W
6/18/25 2:15,0.26,W
6/18/25 2:30,0.33,W
6/18/25 2:45,0.282,W
6/18/25 3:00,0.229,W
6/18/25 3:15,0.193,W
6/18/25 3:30,0.12,W
6/18/25 3:45,0.159,W
6/18/25 4:00,0.133,W
6/18/25 4:15,0.119,W
6/18/25 4:30,0.134,W
6/18/25 4:45,0.118,W
6/18/25 5:00,0.09,W
6/18/25 5:15,0.127,W
6/18/25 5:30,0.252,W
6/18/25 5:45,0.285,W
6/18/25 6:00,0.245,W
6/18/25 6:15,0.243,W
6/18/25 6:30,0.359,W
6/18/25 6:45,0.308,W
6/18/25 7:00,0.25,W
6/18/25 7:15,0.537,W
6/18/25 7:30,0.619,W
6/18/25 7:45,0.716,W
6/18/25 8:00,0.57,W
6/18/25 8:15,0.308,W
6/18/25 8:30,0.318,W
6/18/25 8:45,0.32,W
6/18/25 9:00,0.284,W
6/18/25 9:15,0.279,W
6/18/25 9:30,0.228,W
6/18/25 9:45,0.151,W
6/18/25 10:00,0.169,W
6/18/25 10:15,0.238,W
6/18/25 10:30,0.16,W
6/18/25 10:45,0.133,W
6/18/25 11:00,0.111,W
6/18/25 11:15,0.122,W
6/18/25 11:30,0.179,W
6/18/25 11:45,0.259,W
6/18/25 12:00,0.243,W
6/18/25 12:15,0.236,W
6/18/25 12:30,0.397,W
6/18/25 12:45,0.273,W
6/18/25 13:00,0.301,W
6/18/25 13:15,0.342,W
6/18/25 13:30,0.263,W
6/18/25 13:45,0.288,W
6/18/25 14:00,0.339,W
6/18/25 14:15,0.296,W
6/18/25 14:30,0.246,W
6/18/25 14:45,0.246,W
6/18/25 15:00,0.278,W
6/18/25 15:15,0.279,W
6/18/25 15:30,0.273,W
6/18/25 15:45,0.237,W
6/18/25 16:00,0.253,W
6/18/25 16:15,0.274,W
6/18/25 16:30,0.245,W
6/18/25 16:45,0.258,W
6/18/25 17:00,0.244,W
6/18/25 17:15,0.308,W
6/18/25 17:30,0.312,W
6/18/25 17:45,0.154,W
6/18/25 18:00,0.117,W
6/18/25 18:15,0.328,W
6/18/25 18:30,0.283,W
6/18/25 18:45,0.289,W
6/18/25 19:00,0.258,W
6/18/25 19:15,0.284,W
6/18/25 19:30,0.312,W
6/18/25 19:45,0.343,W
6/18/25 20:00,0.343,W
6/18/25 20:15,0.44,W
6/18/25 20:30,0.398,W
6/18/25 20:45,0.396,W
6/18/25 21:00,0.368,W
6/18/25 21:15,0.423,W
6/18/25 21:30,0.436,W
6/18/25 21:45,0.389,W
6/18/25 22:00,0.396,W
6/18/25 22:15,0.387,W
6/18/25 22:30,0.412,W
6/18/25 22:45,0.7,W
6/18/25 23:00,0.385,W
6/18/25 23:15,0.365,W
6/18/25 23:30,0.365,W
6/18/25 23:45,0.145,W
6/19/25 0:00,0.154,W
6/19/25 0:15,0.357,W
6/19/25 0:30,0.535,W
6/19/25 0:45,0.135,W
6/19/25 1:00,0.13,W
6/19/25 1:15,0.142,W
6/19/25 1:30,0.241,W
6/19/25 1:45,0.3,W
6/19/25 2:00,0.295,W
6/19/25 2:15,0.3,W
6/19/25 2:30,0.309,W
6/19/25 2:45,0.262,W
6/19/25 3:00,0.256,W
6/19/25 3:15,0.247,W
6/19/25 3:30,0.253,W
6/19/25 3:45,0.269,W
6/19/25 4:00,0.295,W
6/19/25 4:15,0.237,W
6/19/25 4:30,0.131,W
6/19/25 4:45,0.186,W
6/19/25 5:00,0.173,W
6/19/25 5:15,0.111,W
6/19/25 5:30,0.118,W
6/19/25 5:45,0.137,W
6/19/25 6:00,0.154,W
6/19/25 6:15,0.132,W
6/19/25 6:30,0.134,W
6/19/25 6:45,0.239,W
6/19/25 7:00,0.286,W
6/19/25 7:15,0.405,W
6/19/25 7:30,0.21,W
6/19/25 7:45,0.249,W
6/19/25 8:00,0.278,W
6/19/25 8:15,0.234,W
6/19/25 8:30,0.209,W
6/19/25 8:45,0.218,W
6/19/25 9:00,0.224,W
6/19/25 9:15,0.214,W
6/19/25 9:30,0.224,W
6/19/25 9:45,0.246,W
6/19/25 10:00,0.247,W
6/19/25 10:15,0.24,W
6/19/25 10:30,0.215,W
6/19/25 10:45,0.227,W
6/19/25 11:00,0.261,W
6/19/25 11:15,0.265,W
6/19/25 11:30,0.278,W
6/19/25 11:45,0.271,W
6/19/25 12:00,0.361,W
6/19/25 12:15,0.32,W
6/19/25 12:30,0.312,W
6/19/25 12:45,0.297,W
6/19/25 13:00,0.308,W
6/19/25 13:15,0.211,W
6/19/25 13:30,0.226,W
6/19/25 13:45,0.203,W
6/19/25 14:00,0.211,W
6/19/25 14:15,0.222,W
6/19/25 14:30,0.298,W
6/19/25 14:45,0.265,W
6/19/25 15:00,0.258,W
6/19/25 15:15,0.243,W
6/19/25 15:30,0.304,W
6/19/25 15:45,0.409,W
6/19/25 16:00,0.409,W
6/19/25 16:15,0.414,W
6/19/25 16:30,0.398,W
6/19/25 16:45,0.598,W
6/19/25 17:00,0.497,W
6/19/25 17:15,0.887,W
6/19/25 17:30,0.866,W
6/19/25 17:45,0.466,W
6/19/25 18:00,0.281,W
6/19/25 18:15,0.335,W
6/19/25 18:30,0.415,W
6/19/25 18:45,0.418,W
6/19/25 19:00,0.357,W
6/19/25 19:15,0.359,W
6/19/25 19:30,0.833,W
6/19/25 19:45,1.02,W
6/19/25 20:00,1.384,W
6/19/25 20:15,0.859,W
6/19/25 20:30,0.644,W
6/19/25 20:45,0.564,W
6/19/25 21:00,0.514,W
6/19/25 21:15,0.418,W
6/19/25 21:30,0.291,W
6/19/25 21:45,0.242,W
6/19/25 22:00,0.234,W
6/19/25 22:15,0.269,W
6/19/25 22:30,0.325,W
6/19/25 22:45,0.392,W
6/19/25 23:00,0.393,W
6/19/25 23:15,0.393,W
6/19/25 23:30,0.33,W
6/19/25 23:45,0.358,W
6/20/25 0:00,0.325,W
6/20/25 0:15,0.284,W
6/20/25 0:30,0.295,W
6/20/25 0:45,0.279,W
6/20/25 1:00,0.264,W
6/20/25 1:15,0.283,W
6/20/25 1:30,0.279,W
6/20/25 1:45,0.276,W
6/20/25 2:00,0.273,W
6/20/25 2:15,0.321,W
6/20/25 2:30,0.286,W
6/20/25 2:45,0.239,W
6/20/25 3:00,0.103,W
6/20/25 3:15,0.1,W
6/20/25 3:30,0.117,W
6/20/25 3:45,0.151,W
6/20/25 4:00,0.159,W
6/20/25 4:15,0.139,W
6/20/25 4:30,0.132,W
6/20/25 4:45,0.15,W
6/20/25 5:00,0.255,W
6/20/25 5:15,0.226,W
6/20/25 5:30,0.237,W
6/20/25 5:45,0.289,W
6/20/25 6:00,0.284,W
6/20/25 6:15,0.234,W
6/20/25 6:30,0.232,W
6/20/25 6:45,0.273,W
6/20/25 7:00,0.274,W
6/20/25 7:15,0.27,W
6/20/25 7:30,0.257,W
6/20/25 7:45,0.311,W
6/20/25 8:00,0.306,W
6/20/25 8:15,0.248,W
6/20/25 8:30,0.233,W
6/20/25 8:45,0.32,W
6/20/25 9:00,0.353,W
6/20/25 9:15,0.303,W
6/20/25 9:30,0.286,W
6/20/25 9:45,0.338,W
6/20/25 10:00,0.321,W
6/20/25 10:15,0.353,W
6/20/25 10:30,0.291,W
6/20/25 10:45,0.283,W
6/20/25 11:00,0.358,W
6/20/25 11:15,0.653,W
6/20/25 11:30,0.432,W
6/20/25 11:45,0.702,W
6/20/25 12:00,0.671,W
6/20/25 12:15,0.655,W
6/20/25 12:30,0.811,W
6/20/25 12:45,0.447,W
6/20/25 13:00,0.392,W
6/20/25 13:15,0.353,W
6/20/25 13:30,0.341,W
6/20/25 13:45,0.348,W
6/20/25 14:00,0.347,W
6/20/25 14:15,0.32,W
6/20/25 14:30,0.259,W
6/20/25 14:45,0.25,W
6/20/25 15:00,0.277,W
6/20/25 15:15,0.258,W
6/20/25 15:30,0.277,W
6/20/25 15:45,0.285,W
6/20/25 16:00,0.286,W
6/20/25 16:15,0.271,W
6/20/25 16:30,0.285,W
6/20/25 16:45,0.276,W
6/20/25 17:00,0.303,W
6/20/25 17:15,0.293,W
6/20/25 17:30,0.291,W
6/20/25 17:45,0.297,W
6/20/25 18:00,0.399,W
6/20/25 18:15,0.309,W
6/20/25 18:30,0.442,W
6/20/25 18:45,0.476,W
6/20/25 19:00,0.409,W
6/20/25 19:15,0.354,W
6/20/25 19:30,0.77,W
6/20/25 19:45,0.623,W
6/20/25 20:00,0.223,W
6/20/25 20:15,0.778,W
6/20/25 20:30,0.248,W
6/20/25 20:45,0.296,W
6/20/25 21:00,0.277,W
6/20/25 21:15,0.295,W
6/20/25 21:30,0.358,W
6/20/25 21:45,0.36,W
6/20/25 22:00,0.353,W
6/20/25 22:15,0.377,W
6/20/25 22:30,0.386,W
6/20/25 22:45,0.383,W
6/20/25 23:00,0.407,W
6/20/25 23:15,0.38,W
6/20/25 23:30,0.368,W
6/20/25 23:45,0.317,W
6/21/25 0:00,0.296,W
6/21/25 0:15,0.286,W
6/21/25 0:30,0.268,W
6/21/25 0:45,0.171,W
6/21/25 1:00,0.136,W
6/21/25 1:15,0.109,W
6/21/25 1:30,0.131,W
6/21/25 1:45,0.157,W
6/21/25 2:00,0.158,W
6/21/25 2:15,0.116,W
6/21/25 2:30,0.12,W
6/21/25 2:45,0.228,W
6/21/25 3:00,0.282,W
6/21/25 3:15,0.25,W
6/21/25 3:30,0.236,W
6/21/25 3:45,0.273,W
6/21/25 4:00,0.262,W
6/21/25 4:15,0.217,W
6/21/25 4:30,0.221,W
6/21/25 4:45,0.233,W
6/21/25 5:00,0.24,W
6/21/25 5:15,0.281,W
6/21/25 5:30,0.263,W
6/21/25 5:45,0.124,W
6/21/25 6:00,0.12,W
6/21/25 6:15,0.107,W
6/21/25 6:30,0.127,W
6/21/25 6:45,0.137,W
6/21/25 7:00,0.142,W
6/21/25 7:15,0.141,W
6/21/25 7:30,0.165,W
6/21/25 7:45,0.33,W
6/21/25 8:00,0.247,W
6/21/25 8:15,0.298,W
6/21/25 8:30,0.282,W
6/21/25 8:45,0.316,W
6/21/25 9:00,0.541,W
6/21/25 9:15,0.409,W
6/21/25 9:30,0.297,W
6/21/25 9:45,0.297,W
6/21/25 10:00,0.27,W
6/21/25 10:15,0.335,W
6/21/25 10:30,0.365,W
6/21/25 10:45,0.427,W
6/21/25 11:00,0.482,W
6/21/25 11:15,0.368,W
6/21/25 11:30,0.387,W
6/21/25 11:45,0.466,W
6/21/25 12:00,0.312,W
6/21/25 12:15,0.295,W
6/21/25 12:30,0.304,W
6/21/25 12:45,0.293,W
6/21/25 13:00,0.288,W
6/21/25 13:15,0.315,W
6/21/25 13:30,0.268,W
6/21/25 13:45,0.263,W
6/21/25 14:00,0.327,W
6/21/25 14:15,0.307,W
6/21/25 14:30,0.172,W
6/21/25 14:45,0.158,W
6/21/25 15:00,0.122,W
6/21/25 15:15,0.24,W
6/21/25 15:30,0.44,W
6/21/25 15:45,1.009,W
6/21/25 16:00,0.772,W
6/21/25 16:15,0.564,W
6/21/25 16:30,0.302,W
6/21/25 16:45,0.295,W
6/21/25 17:00,0.34,W
6/21/25 17:15,0.456,W
6/21/25 17:30,0.757,W
6/21/25 17:45,0.867,W
6/21/25 18:00,0.779,W
6/21/25 18:15,0.382,W
6/21/25 18:30,0.384,W
6/21/25 18:45,0.333,W
6/21/25 19:00,0.284,W
6/21/25 19:15,0.309,W
6/21/25 19:30,0.329,W
6/21/25 19:45,0.333,W
6/21/25 20:00,0.39,W
6/21/25 20:15,0.432,W
6/21/25 20:30,0.406,W
6/21/25 20:45,0.374,W
6/21/25 21:00,0.378,W
6/21/25 21:15,0.353,W
6/21/25 21:30,0.361,W
6/21/25 21:45,0.408,W
6/21/25 22:00,0.406,W
6/21/25 22:15,0.391,W
6/21/25 22:30,0.356,W
6/21/25 22:45,0.349,W
6/21/25 23:00,0.37,W
6/21/25 23:15,0.23,W
6/21/25 23:30,0.133,W
6/21/25 23:45,0.139,W
6/22/25 0:00,0.121,W
6/22/25 0:15,0.137,W
6/22/25 0:30,0.142,W
6/22/25 0:45,0.106,W
6/22/25 1:00,0.086,W
6/22/25 1:15,0.175,W
6/22/25 1:30,0.293,W
6/22/25 1:45,0.276,W
6/22/25 2:00,0.248,W
6/22/25 2:15,0.239,W
6/22/25 2:30,0.237,W
6/22/25 2:45,0.253,W
6/22/25 3:00,0.211,W
6/22/25 3:15,0.243,W
6/22/25 3:30,0.275,W
6/22/25 3:45,0.264,W
6/22/25 4:00,0.247,W
6/22/25 4:15,0.102,W
6/22/25 4:30,0.086,W
6/22/25 4:45,0.129,W
6/22/25 5:00,0.131,W
6/22/25 5:15,0.116,W
6/22/25 5:30,0.113,W
6/22/25 5:45,0.123,W
6/22/25 6:00,0.099,W
6/22/25 6:15,0.1,W
6/22/25 6:30,0.123,W
6/22/25 6:45,0.221,W
6/22/25 7:00,0.246,W
6/22/25 7:15,0.439,W
6/22/25 7:30,0.286,W
6/22/25 7:45,0.268,W
6/22/25 8:00,0.309,W
6/22/25 8:15,0.694,W
6/22/25 8:30,0.445,W
6/22/25 8:45,0.77,W
6/22/25 9:00,0.518,W
6/22/25 9:15,0.321,W
6/22/25 9:30,0.292,W
6/22/25 9:45,0.274,W
6/22/25 10:00,0.27,W
6/22/25 10:15,0.397,W
6/22/25 10:30,0.401,W
6/22/25 10:45,0.569,W
6/22/25 11:00,0.479,W
6/22/25 11:15,0.44,W
6/22/25 11:30,0.766,W
6/22/25 11:45,0.666,W
6/22/25 12:00,0.77,W
6/22/25 12:15,0.273,W
6/22/25 12:30,0.275,W
6/22/25 12:45,0.284,W
6/22/25 13:00,0.284,W
6/22/25 13:15,0.257,W
6/22/25 13:30,0.251,W
6/22/25 13:45,0.292,W
6/22/25 14:00,0.273,W
6/22/25 14:15,0.449,W
6/22/25 14:30,0.455,W
6/22/25 14:45,0.791,W
6/22/25 15:00,0.805,W
6/22/25 15:15,0.147,W
6/22/25 15:30,0.178,W
6/22/25 15:45,0.118,W
6/22/25 16:00,0.268,W
6/22/25 16:15,0.295,W
6/22/25 16:30,0.423,W
6/22/25 16:45,0.586,W
6/22/25 17:00,0.352,W
6/22/25 17:15,0.406,W
6/22/25 17:30,0.859,W
6/22/25 17:45,0.635,W
6/22/25 18:00,0.681,W
6/22/25 18:15,0.608,W
6/22/25 18:30,0.626,W
6/22/25 18:45,0.484,W
6/22/25 19:00,0.37,W
6/22/25 19:15,0.676,W
6/22/25 19:30,0.555,W
6/22/25 19:45,1.06,W
6/22/25 20:00,0.923,W
6/22/25 20:15,0.43,W
6/22/25 20:30,0.428,W
6/22/25 20:45,0.397,W
6/22/25 21:00,0.397,W
6/22/25 21:15,0.372,W
6/22/25 21:30,0.273,W
6/22/25 21:45,0.242,W
6/22/25 22:00,0.249,W
6/22/25 22:15,0.236,W
6/22/25 22:30,0.216,W
6/22/25 22:45,0.237,W
6/22/25 23:00,0.25,W
6/22/25 23:15,0.242,W
6/22/25 23:30,0.204,W
6/22/25 23:45,0.245,W
6/23/25 0:00,0.306,W
6/23/25 0:15,0.321,W
6/23/25 0:30,0.325,W
6/23/25 0:45,0.268,W
6/23/25 1:00,0.273,W
6/23/25 1:15,0.258,W
6/23/25 1:30,0.249,W
6/23/25 1:45,0.238,W
6/23/25 2:00,0.233,W
6/23/25 2:15,0.265,W
6/23/25 2:30,0.265,W
6/23/25 2:45,0.289,W
6/23/25 3:00,0.266,W
6/23/25 3:15,0.263,W
6/23/25 3:30,0.259,W
6/23/25 3:45,0.165,W
6/23/25 4:00,0.1,W
6/23/25 4:15,0.092,W
6/23/25 4:30,0.136,W
6/23/25 4:45,0.148,W
6/23/25 5:00,0.089,W
6/23/25 5:15,0.094,W
6/23/25 5:30,0.112,W
6/23/25 5:45,0.129,W
6/23/25 6:00,0.235,W
6/23/25 6:15,0.237,W
6/23/25 6:30,0.247,W
6/23/25 6:45,0.254,W
6/23/25 7:00,0.242,W
6/23/25 7:15,0.23,W
6/23/25 7:30,0.232,W
6/23/25 7:45,0.248,W
6/23/25 8:00,0.465,W
6/23/25 8:15,1.119,W
6/23/25 8:30,0.4,W
6/23/25 8:45,0.576,W
6/23/25 9:00,0.92,W
6/23/25 9:15,0.576,W
6/23/25 9:30,1.056,W
6/23/25 9:45,0.463,W
6/23/25 10:00,0.531,W
6/23/25 10:15,0.644,W
6/23/25 10:30,0.848,W
6/23/25 10:45,0.549,W
6/23/25 11:00,0.545,W
6/23/25 11:15,0.808,W
6/23/25 11:30,0.322,W
6/23/25 11:45,0.258,W
6/23/25 12:00,0.259,W
6/23/25 12:15,0.522,W
6/23/25 12:30,0.305,W
6/23/25 12:45,0.264,W
6/23/25 13:00,0.243,W
6/23/25 13:15,0.254,W
6/23/25 13:30,0.253,W
6/23/25 13:45,0.257,W
6/23/25 14:00,0.301,W
6/23/25 14:15,0.26,W
6/23/25 14:30,0.259,W
6/23/25 14:45,0.307,W
6/23/25 15:00,0.239,W
6/23/25 15:15,0.466,W
6/23/25 15:30,0.332,W
6/23/25 15:45,0.824,W
6/23/25 16:00,0.594,W
6/23/25 16:15,0.285,W
6/23/25 16:30,0.4,W
6/23/25 16:45,0.41,W
6/23/25 17:00,0.444,W
6/23/25 17:15,0.542,W
6/23/25 17:30,0.385,W
6/23/25 17:45,0.353,W
6/23/25 18:00,0.353,W
6/23/25 18:15,0.305,W
6/23/25 18:30,0.19,W
6/23/25 18:45,0.377,W
6/23/25 19:00,0.168,W
6/23/25 19:15,0.259,W
6/23/25 19:30,0.347,W
6/23/25 19:45,0.494,W
6/23/25 20:00,0.472,W
6/23/25 20:15,0.74,W
6/23/25 20:30,0.639,W
6/23/25 20:45,0.703,W
6/23/25 21:00,0.472,W
6/23/25 21:15,0.469,W
6/23/25 21:30,0.869,W
6/23/25 21:45,0.483,W
6/23/25 22:00,0.353,W
6/23/25 22:15,0.319,W
6/23/25 22:30,0.412,W
6/23/25 22:45,0.366,W
6/23/25 23:00,0.333,W
6/23/25 23:15,0.348,W
6/23/25 23:30,0.344,W
6/23/25 23:45,0.345,W
6/24/25 0:00,0.301,W
6/24/25 0:15,0.291,W
6/24/25 0:30,0.293,W
6/24/25 0:45,0.302,W
6/24/25 1:00,0.216,W
6/24/25 1:15,0.184,W
6/24/25 1:30,0.153,W
6/24/25 1:45,0.149,W
6/24/25 2:00,0.157,W
6/24/25 2:15,0.136,W
6/24/25 2:30,0.131,W
6/24/25 2:45,0.178,W
6/24/25 3:00,0.286,W
6/24/25 3:15,0.264,W
6/24/25 3:30,0.276,W
6/24/25 3:45,0.252,W
6/24/25 4:00,0.269,W
6/24/25 4:15,0.308,W
6/24/25 4:30,0.287,W
6/24/25 4:45,0.264,W
6/24/25 5:00,0.282,W
6/24/25 5:15,0.308,W
6/24/25 5:30,0.274,W
6/24/25 5:45,0.218,W
6/24/25 6:00,0.131,W
6/24/25 6:15,0.131,W
6/24/25 6:30,0.153,W
6/24/25 6:45,0.184,W
6/24/25 7:00,0.121,W
6/24/25 7:15,0.15,W
6/24/25 7:30,0.331,W
6/24/25 7:45,0.163,W
6/24/25 8:00,0.212,W
6/24/25 8:15,0.296,W
6/24/25 8:30,0.293,W
6/24/25 8:45,0.313,W
6/24/25 9:00,0.288,W
6/24/25 9:15,0.275,W
6/24/25 9:30,0.246,W
6/24/25 9:45,0.269,W
6/24/25 10:00,0.29,W
6/24/25 10:15,0.336,W
6/24/25 10:30,0.33,W
6/24/25 10:45,0.285,W
6/24/25 11:00,0.283,W
6/24/25 11:15,0.274,W
6/24/25 11:30,0.545,W
6/24/25 11:45,0.573,W
6/24/25 12:00,0.549,W
6/24/25 12:15,0.533,W
6/24/25 12:30,0.33,W
6/24/25 12:45,0.506,W
6/24/25 13:00,0.584,W
6/24/25 13:15,0.639,W
6/24/25 13:30,0.565,W
6/24/25 13:45,0.286,W
6/24/25 14:00,0.303,W
6/24/25 14:15,0.291,W
6/24/25 14:30,0.311,W
6/24/25 14:45,0.305,W
6/24/25 15:00,0.54,W
6/24/25 15:15,0.432,W
6/24/25 15:30,0.448,W
6/24/25 15:45,0.43,W
6/24/25 16:00,0.293,W
6/24/25 16:15,0.256,W
6/24/25 16:30,0.318,W
6/24/25 16:45,0.384,W
6/24/25 17:00,0.47,W
6/24/25 17:15,0.417,W
6/24/25 17:30,0.403,W
6/24/25 17:45,0.526,W
6/24/25 18:00,0.506,W
6/24/25 18:15,0.474,W
6/24/25 18:30,0.331,W
6/24/25 18:45,0.31,W
6/24/25 19:00,0.307,W
6/24/25 19:15,0.313,W
6/24/25 19:30,0.349,W
6/24/25 19:45,0.229,W
6/24/25 20:00,0.235,W
6/24/25 20:15,0.239,W
6/24/25 20:30,0.236,W
6/24/25 20:45,0.239,W
6/24/25 21:00,0.286,W
6/24/25 21:15,0.284,W
6/24/25 21:30,0.249,W
6/24/25 21:45,0.336,W
6/24/25 22:00,0.425,W
6/24/25 22:15,0.409,W
6/24/25 22:30,0.386,W
6/24/25 22:45,0.384,W
6/24/25 23:00,0.387,W
6/24/25 23:15,0.349,W
6/24/25 23:30,0.367,W
6/24/25 23:45,0.346,W
6/25/25 0:00,0.258,W
6/25/25 0:15,0.237,W
6/25/25 0:30,0.263,W
6/25/25 0:45,0.267,W
6/25/25 1:00,0.241,W
6/25/25 1:15,0.254,W
6/25/25 1:30,0.273,W
6/25/25 1:45,0.129,W
6/25/25 2:00,0.124,W
6/25/25 2:15,0.105,W
6/25/25 2:30,0.11,W
6/25/25 2:45,0.129,W
6/25/25 3:00,0.121,W
6/25/25 3:15,0.1,W
6/25/25 3:30,0.087,W
6/25/25 3:45,0.211,W
6/25/25 4:00,0.253,W
6/25/25 4:15,0.239,W
6/25/25 4:30,0.22,W
6/25/25 4:45,0.224,W
6/25/25 5:00,0.256,W
6/25/25 5:15,0.258,W
6/25/25 5:30,0.236,W
6/25/25 5:45,0.244,W
6/25/25 6:00,0.233,W
6/25/25 6:15,0.243,W
6/25/25 6:30,0.226,W
6/25/25 6:45,0.13,W
6/25/25 7:00,0.115,W
6/25/25 7:15,0.159,W
6/25/25 7:30,0.36,W
6/25/25 7:45,0.179,W
6/25/25 8:00,0.11,W
6/25/25 8:15,0.14,W
6/25/25 8:30,0.171,W
6/25/25 8:45,0.102,W
6/25/25 9:00,0.228,W
6/25/25 9:15,0.277,W
6/25/25 9:30,0.312,W
6/25/25 9:45,0.268,W
6/25/25 10:00,0.249,W
6/25/25 10:15,0.272,W
6/25/25 10:30,0.271,W
6/25/25 10:45,0.303,W
6/25/25 11:00,0.428,W
6/25/25 11:15,0.618,W
6/25/25 11:30,0.298,W
6/25/25 11:45,0.281,W
6/25/25 12:00,0.272,W
6/25/25 12:15,0.223,W
6/25/25 12:30,0.221,W
6/25/25 12:45,0.254,W
6/25/25 13:00,0.239,W
6/25/25 13:15,0.217,W
6/25/25 13:30,0.239,W
6/25/25 13:45,0.244,W
6/25/25 14:00,0.253,W
6/25/25 14:15,0.24,W
6/25/25 14:30,0.238,W
6/25/25 14:45,0.28,W
6/25/25 15:00,0.397,W
6/25/25 15:15,0.398,W
6/25/25 15:30,0.363,W
6/25/25 15:45,0.362,W
6/25/25 16:00,0.359,W
6/25/25 16:15,0.365,W
6/25/25 16:30,0.358,W
6/25/25 16:45,0.364,W
6/25/25 17:00,0.741,W
6/25/25 17:15,0.374,W
6/25/25 17:30,0.478,W
6/25/25 17:45,0.374,W
6/25/25 18:00,0.456,W
6/25/25 18:15,0.482,W
6/25/25 18:30,0.531,W
6/25/25 18:45,0.604,W
6/25/25 19:00,1.008,W
6/25/25 19:15,0.9,W
6/25/25 19:30,0.715,W
6/25/25 19:45,0.931,W
6/25/25 20:00,0.507,W
6/25/25 20:15,0.454,W
6/25/25 20:30,0.405,W
6/25/25 20:45,0.411,W
6/25/25 21:00,0.39,W
6/25/25 21:15,0.385,W
6/25/25 21:30,0.399,W
6/25/25 21:45,0.307,W
6/25/25 22:00,0.492,W
6/25/25 22:15,0.462,W
6/25/25 22:30,0.409,W
6/25/25 22:45,0.35,W
6/25/25 23:00,0.361,W
6/25/25 23:15,0.352,W
6/25/25 23:30,0.328,W
6/25/25 23:45,0.265,W
6/26/25 0:00,0.235,W
6/26/25 0:15,0.253,W
6/26/25 0:30,0.278,W
6/26/25 0:45,0.238,W
6/26/25 1:00,0.256,W
6/26/25 1:15,0.253,W
6/26/25 1:30,0.245,W
6/26/25 1:45,0.247,W
6/26/25 2:00,0.257,W
6/26/25 2:15,0.238,W
6/26/25 2:30,0.241,W
6/26/25 2:45,0.269,W
6/26/25 3:00,0.254,W
6/26/25 3:15,0.223,W
6/26/25 3:30,0.247,W
6/26/25 3:45,0.262,W
6/26/25 4:00,0.254,W
6/26/25 4:15,0.245,W
6/26/25 4:30,0.258,W
6/26/25 4:45,0.279,W
6/26/25 5:00,0.25,W
6/26/25 5:15,0.257,W
6/26/25 5:30,0.254,W
6/26/25 5:45,0.241,W
6/26/25 6:00,0.266,W
6/26/25 6:15,0.243,W
6/26/25 6:30,0.249,W
6/26/25 6:45,0.277,W
6/26/25 7:00,0.243,W
6/26/25 7:15,0.227,W
6/26/25 7:30,0.364,W
6/26/25 7:45,0.222,W
6/26/25 8:00,0.219,W
6/26/25 8:15,0.23,W
6/26/25 8:30,0.238,W
6/26/25 8:45,0.229,W
6/26/25 9:00,0.236,W
6/26/25 9:15,0.228,W
6/26/25 9:30,0.215,W
6/26/25 9:45,0.219,W
6/26/25 10:00,0.236,W
6/26/25 10:15,0.24,W
6/26/25 10:30,0.221,W
6/26/25 10:45,0.222,W
6/26/25 11:00,0.234,W
6/26/25 11:15,0.242,W
6/26/25 11:30,0.245,W
6/26/25 11:45,0.369,W
6/26/25 12:00,0.527,W
6/26/25 12:15,0.282,W
6/26/25 12:30,0.296,W
6/26/25 12:45,0.313,W
6/26/25 13:00,0.296,W
6/26/25 13:15,0.282,W
6/26/25 13:30,0.298,W
6/26/25 13:45,0.311,W
6/26/25 14:00,0.239,W
6/26/25 14:15,0.165,W
6/26/25 14:30,0.236,W
6/26/25 14:45,0.228,W
6/26/25 15:00,0.227,W
6/26/25 15:15,0.216,W
6/26/25 15:30,0.577,W
6/26/25 15:45,0.869,W
6/26/25 16:00,0.582,W
6/26/25 16:15,0.348,W
6/26/25 16:30,0.95,W
6/26/25 16:45,0.358,W
6/26/25 17:00,0.379,W
6/26/25 17:15,0.409,W
6/26/25 17:30,0.345,W
6/26/25 17:45,0.293,W
6/26/25 18:00,0.34,W
6/26/25 18:15,0.371,W
6/26/25 18:30,0.322,W
6/26/25 18:45,0.657,W
6/26/25 19:00,0.561,W
6/26/25 19:15,0.632,W
6/26/25 19:30,0.525,W
6/26/25 19:45,0.339,W
6/26/25 20:00,0.224,W
6/26/25 20:15,0.203,W
6/26/25 20:30,0.208,W
6/26/25 20:45,0.265,W
6/26/25 21:00,0.29,W
6/26/25 21:15,0.194,W
6/26/25 21:30,0.218,W
6/26/25 21:45,0.348,W
6/26/25 22:00,0.374,W
6/26/25 22:15,0.364,W
6/26/25 22:30,0.378,W
6/26/25 22:45,0.384,W
6/26/25 23:00,0.388,W
6/26/25 23:15,0.371,W
6/26/25 23:30,0.345,W
6/26/25 23:45,0.357,W
6/27/25 0:00,0.323,W
6/27/25 0:15,0.279,W
6/27/25 0:30,0.259,W
6/27/25 0:45,0.242,W
6/27/25 1:00,0.257,W
6/27/25 1:15,0.134,W
6/27/25 1:30,0.116,W
6/27/25 1:45,0.119,W
6/27/25 2:00,0.132,W
6/27/25 2:15,0.146,W
6/27/25 2:30,0.11,W
6/27/25 2:45,0.097,W
6/27/25 3:00,0.112,W
6/27/25 3:15,0.247,W
6/27/25 3:30,0.236,W
6/27/25 3:45,0.249,W
6/27/25 4:00,0.251,W
6/27/25 4:15,0.245,W
6/27/25 4:30,0.242,W
6/27/25 4:45,0.216,W
6/27/25 5:00,0.234,W
6/27/25 5:15,0.273,W
6/27/25 5:30,0.254,W
6/27/25 5:45,0.232,W
6/27/25 6:00,0.223,W
6/27/25 6:15,0.097,W
6/27/25 6:30,0.094,W
6/27/25 6:45,0.095,W
6/27/25 7:00,0.088,W
6/27/25 7:15,0.114,W
6/27/25 7:30,0.189,W
6/27/25 7:45,0.234,W
6/27/25 8:00,0.206,W
6/27/25 8:15,0.244,W
6/27/25 8:30,0.279,W
6/27/25 8:45,0.298,W
6/27/25 9:00,0.267,W
6/27/25 9:15,0.254,W
6/27/25 9:30,0.261,W
6/27/25 9:45,0.268,W
6/27/25 10:00,0.24,W
6/27/25 10:15,0.231,W
6/27/25 10:30,0.236,W
6/27/25 10:45,0.261,W
6/27/25 11:00,0.264,W
6/27/25 11:15,0.272,W
6/27/25 11:30,0.428,W
6/27/25 11:45,0.484,W
6/27/25 12:00,0.96,W
6/27/25 12:15,0.366,W
6/27/25 12:30,0.298,W
6/27/25 12:45,0.337,W
6/27/25 13:00,0.307,W
6/27/25 13:15,0.586,W
6/27/25 13:30,0.441,W
6/27/25 13:45,0.65,W
6/27/25 14:00,0.16,W
6/27/25 14:15,0.147,W
6/27/25 14:30,0.128,W
6/27/25 14:45,0.286,W
6/27/25 15:00,0.322,W
6/27/25 15:15,0.624,W
6/27/25 15:30,0.779,W
6/27/25 15:45,0.268,W
6/27/25 16:00,0.27,W
6/27/25 16:15,0.344,W
6/27/25 16:30,0.354,W
6/27/25 16:45,0.4,W
6/27/25 17:00,0.388,W
6/27/25 17:15,0.405,W
6/27/25 17:30,0.646,W
6/27/25 17:45,0.801,W
6/27/25 18:00,0.868,W
6/27/25 18:15,1.092,W
6/27/25 18:30,0.822,W
6/27/25 18:45,0.548,W
6/27/25 19:00,0.705,E
6/27/25 19:15,0.686,E
6/27/25 19:30,0.889,E
6/27/25 19:45,1.19,W
6/27/25 20:00,0.867,W
6/27/25 20:15,0.542,W
6/27/25 20:30,0.378,W
6/27/25 20:45,0.394,W
6/27/25 21:00,0.423,W
6/27/25 21:15,0.387,W
6/27/25 21:30,0.366,W
6/27/25 21:45,0.356,W
6/27/25 22:00,0.439,W
6/27/25 22:15,0.532,W
6/27/25 22:30,0.468,W
6/27/25 22:45,0.418,W
6/27/25 23:00,0.347,W
6/27/25 23:15,0.356,W
6/27/25 23:30,0.37,W
6/27/25 23:45,0.387,W
6/28/25 0:00,0.376,W
6/28/25 0:15,0.311,W
6/28/25 0:30,0.267,W
6/28/25 0:45,0.263,W
6/28/25 1:00,0.222,W
6/28/25 1:15,0.219,W
6/28/25 1:30,0.215,W
6/28/25 1:45,0.136,W
6/28/25 2:00,0.107,W
6/28/25 2:15,0.141,W
6/28/25 2:30,0.208,W
6/28/25 2:45,0.247,W
6/28/25 3:00,0.229,W
6/28/25 3:15,0.214,W
6/28/25 3:30,0.226,W
6/28/25 3:45,0.258,W
6/28/25 4:00,0.248,W
6/28/25 4:15,0.237,W
6/28/25 4:30,0.23,W
6/28/25 4:45,0.279,W
6/28/25 5:00,0.299,W
6/28/25 5:15,0.25,W
6/28/25 5:30,0.266,W
6/28/25 5:45,0.273,W
6/28/25 6:00,0.19,W
6/28/25 6:15,0.117,W
6/28/25 6:30,0.107,W
6/28/25 6:45,0.138,W
6/28/25 7:00,0.145,W
6/28/25 7:15,0.126,W
6/28/25 7:30,0.108,W
6/28/25 7:45,0.361,W
6/28/25 8:00,0.273,W
6/28/25 8:15,0.24,W
6/28/25 8:30,0.369,W
6/28/25 8:45,0.481,W
6/28/25 9:00,0.539,W
6/28/25 9:15,1.748,W
6/28/25 9:30,1.362,W
6/28/25 9:45,1.279,W
6/28/25 10:00,1.68,W
6/28/25 10:15,0.544,W
6/28/25 10:30,0.366,W
6/28/25 10:45,0.331,W
6/28/25 11:00,0.623,W
6/28/25 11:15,1.09,W
6/28/25 11:30,0.782,W
6/28/25 11:45,0.595,W
6/28/25 12:00,0.466,W
6/28/25 12:15,0.392,W
6/28/25 12:30,0.336,W
6/28/25 12:45,0.332,W
6/28/25 13:00,0.592,W
6/28/25 13:15,0.559,W
6/28/25 13:30,0.719,W
6/28/25 13:45,0.965,W
6/28/25 14:00,0.614,W
6/28/25 14:15,0.362,W
6/28/25 14:30,0.52,W
6/28/25 14:45,0.69,W
6/28/25 15:00,0.675,W
6/28/25 15:15,0.576,W
6/28/25 15:30,0.56,W
6/28/25 15:45,0.569,W
6/28/25 16:00,0.543,W
6/28/25 16:15,0.538,W
6/28/25 16:30,0.665,W
6/28/25 16:45,0.464,W
6/28/25 17:00,0.29,W
6/28/25 17:15,0.251,W
6/28/25 17:30,0.214,W
6/28/25 17:45,0.23,W
6/28/25 18:00,0.29,W
6/28/25 18:15,0.21,W
6/28/25 18:30,0.217,W
6/28/25 18:45,0.171,W
6/28/25 19:00,0.182,W
6/28/25 19:15,0.242,W
6/28/25 19:30,0.223,W
6/28/25 19:45,0.321,W
6/28/25 20:00,0.338,W
6/28/25 20:15,0.348,W
6/28/25 20:30,0.376,W
6/28/25 20:45,0.375,W
6/28/25 21:00,0.36,W
6/28/25 21:15,0.383,W
6/28/25 21:30,0.384,W
6/28/25 21:45,0.37,W
6/28/25 22:00,0.353,W
6/28/25 22:15,0.358,W
6/28/25 22:30,0.36,W
6/28/25 22:45,0.358,W
6/28/25 23:00,0.321,W
6/28/25 23:15,0.259,W
6/28/25 23:30,0.25,W
6/28/25 23:45,0.284,W
6/29/25 0:00,0.282,W
6/29/25 0:15,0.281,W
6/29/25 0:30,0.14,W
6/29/25 0:45,0.115,W
6/29/25 1:00,0.119,W
6/29/25 1:15,0.142,W
6/29/25 1:30,0.102,W
6/29/25 1:45,0.091,W
6/29/25 2:00,0.129,W
6/29/25 2:15,0.135,W
6/29/25 2:30,0.139,W
6/29/25 2:45,0.219,W
6/29/25 3:00,0.243,W
6/29/25 3:15,0.238,W
6/29/25 3:30,0.223,W
6/29/25 3:45,0.229,W
6/29/25 4:00,0.223,W
6/29/25 4:15,0.247,W
6/29/25 4:30,0.24,W
6/29/25 4:45,0.231,W
6/29/25 5:00,0.248,W
6/29/25 5:15,0.245,W
6/29/25 5:30,0.208,W
6/29/25 5:45,0.126,W
6/29/25 6:00,0.117,W
6/29/25 6:15,0.109,W
6/29/25 6:30,0.113,W
6/29/25 6:45,0.134,W
6/29/25 7:00,0.128,W
6/29/25 7:15,0.09,W
6/29/25 7:30,0.126,W
6/29/25 7:45,0.341,W
6/29/25 8:00,0.267,W
6/29/25 8:15,0.24,W
6/29/25 8:30,0.252,W
6/29/25 8:45,0.287,W
6/29/25 9:00,0.267,W
6/29/25 9:15,0.243,W
6/29/25 9:30,0.221,W
6/29/25 9:45,0.257,W
6/29/25 10:00,0.271,W
6/29/25 10:15,0.257,W
6/29/25 10:30,0.244,W
6/29/25 10:45,0.271,W
6/29/25 11:00,0.525,W
6/29/25 11:15,0.422,W
6/29/25 11:30,0.419,W
6/29/25 11:45,0.265,W
6/29/25 12:00,0.272,W
6/29/25 12:15,0.637,W
6/29/25 12:30,0.545,W
6/29/25 12:45,0.649,W
6/29/25 13:00,0.388,W
6/29/25 13:15,0.282,W
6/29/25 13:30,0.288,W
6/29/25 13:45,0.28,W
6/29/25 14:00,0.281,W
6/29/25 14:15,0.31,W
6/29/25 14:30,0.353,W
6/29/25 14:45,0.35,W
6/29/25 15:00,0.313,W
6/29/25 15:15,0.326,W
6/29/25 15:30,0.375,W
6/29/25 15:45,0.294,W
6/29/25 16:00,0.221,W
6/29/25 16:15,0.231,W
6/29/25 16:30,0.292,W
6/29/25 16:45,0.414,W
6/29/25 17:00,0.465,W
6/29/25 17:15,0.325,W
6/29/25 17:30,0.367,W
6/29/25 17:45,0.414,W
6/29/25 18:00,0.437,W
6/29/25 18:15,0.762,W
6/29/25 18:30,0.54,W
6/29/25 18:45,0.382,W
6/29/25 19:00,0.357,W
6/29/25 19:15,0.417,W
6/29/25 19:30,0.338,W
6/29/25 19:45,0.342,W
6/29/25 20:00,0.37,W
6/29/25 20:15,0.441,W
6/29/25 20:30,0.431,W
6/29/25 20:45,0.427,W
6/29/25 21:00,0.317,W
6/29/25 21:15,0.257,W
6/29/25 21:30,0.207,W
6/29/25 21:45,0.232,W
6/29/25 22:00,0.258,W
6/29/25 22:15,0.25,W
6/29/25 22:30,0.223,W
6/29/25 22:45,0.21,W
6/29/25 23:00,0.499,W
6/29/25 23:15,0.366,W
6/29/25 23:30,0.457,W
6/29/25 23:45,0.463,W
6/30/25 0:00,0.315,W
6/30/25 0:15,0.274,W
6/30/25 0:30,0.55,W
6/30/25 0:45,0.554,W
6/30/25 1:00,0.278,W
6/30/25 1:15,0.285,W
6/30/25 1:30,0.271,W
6/30/25 1:45,0.28,W
6/30/25 2:00,0.265,W
6/30/25 2:15,0.278,W
6/30/25 2:30,0.273,W
6/30/25 2:45,0.259,W
6/30/25 3:00,0.264,W
6/30/25 3:15,0.265,W
6/30/25 3:30,0.286,W
6/30/25 3:45,0.293,W
6/30/25 4:00,0.125,W
6/30/25 4:15,0.145,W
6/30/25 4:30,0.157,W
6/30/25 4:45,0.116,W
6/30/25 5:00,0.118,W
6/30/25 5:15,0.138,W
6/30/25 5:30,0.13,W
6/30/25 5:45,0.109,W
6/30/25 6:00,0.158,W
6/30/25 6:15,0.217,W
6/30/25 6:30,0.238,W
6/30/25 6:45,0.269,W
6/30/25 7:00,0.255,W
6/30/25 7:15,0.226,W
6/30/25 7:30,0.287,W
6/30/25 7:45,0.442,W
6/30/25 8:00,0.25,W
6/30/25 8:15,0.259,W
6/30/25 8:30,0.348,W
6/30/25 8:45,0.315,W
6/30/25 9:00,0.243,W
6/30/25 9:15,0.238,W
6/30/25 9:30,0.239,W
6/30/25 9:45,0.245,W
6/30/25 10:00,0.25,W
6/30/25 10:15,0.237,W
6/30/25 10:30,0.232,W
6/30/25 10:45,0.265,W
6/30/25 11:00,0.337,W
6/30/25 11:15,0.316,W
6/30/25 11:30,0.228,W
6/30/25 11:45,0.232,W
6/30/25 12:00,0.247,W
6/30/25 12:15,0.259,W
6/30/25 12:30,0.239,W
6/30/25 12:45,0.249,W
6/30/25 13:00,0.251,W
6/30/25 13:15,0.239,W
6/30/25 13:30,0.218,W
6/30/25 13:45,0.692,W
6/30/25 14:00,0.292,W
6/30/25 14:15,0.267,W
6/30/25 14:30,0.278,W
6/30/25 14:45,0.248,W
6/30/25 15:00,0.266,W
6/30/25 15:15,0.293,W
6/30/25 15:30,0.301,W
6/30/25 15:45,0.211,W
6/30/25 16:00,0.333,W
6/30/25 16:15,0.576,W
6/30/25 16:30,0.527,W
6/30/25 16:45,0.36,W
6/30/25 17:00,0.35,W
6/30/25 17:15,0.398,W
6/30/25 17:30,0.386,W
6/30/25 17:45,0.382,W
6/30/25 18:00,0.589,W
6/30/25 18:15,0.396,W
6/30/25 18:30,0.354,W
6/30/25 18:45,0.557,W
6/30/25 19:00,0.581,W
6/30/25 19:15,0.643,W
6/30/25 19:30,0.582,W
6/30/25 19:45,0.333,W
6/30/25 20:00,0.32,W
6/30/25 20:15,0.313,W
6/30/25 20:30,0.364,W
6/30/25 20:45,0.377,W
6/30/25 21:00,0.385,W
6/30/25 21:15,0.345,W
6/30/25 21:30,0.365,W
6/30/25 21:45,0.374,W
6/30/25 22:00,0.392,W
6/30/25 22:15,0.377,W
6/30/25 22:30,0.345,W
6/30/25 22:45,0.392,W
6/30/25 23:00,0.402,W
6/30/25 23:15,0.263,W
6/30/25 23:30,0.205,W
6/30/25 23:45,0.226,W
7/1/25 0:00,0.151,W
7/1/25 0:15,0.196,W
7/1/25 0:30,0.131,W
7/1/25 0:45,0.149,W
7/1/25 1:00,0.141,W
7/1/25 1:15,0.134,W
7/1/25 1:30,0.225,W
7/1/25 1:45,0.258,W
7/1/25 2:00,0.287,W
7/1/25 2:15,0.271,W
7/1/25 2:30,0.271,W
7/1/25 2:45,0.268,W
7/1/25 3:00,0.262,W
7/1/25 3:15,0.244,W
7/1/25 3:30,0.238,W
7/1/25 3:45,0.238,W
7/1/25 4:00,0.256,W
7/1/25 4:15,0.281,W
7/1/25 4:30,0.106,W
7/1/25 4:45,0.073,W
7/1/25 5:00,0.086,W
7/1/25 5:15,0.14,W
7/1/25 5:30,0.117,W
7/1/25 5:45,0.083,W
7/1/25 6:00,0.12,W
7/1/25 6:15,0.123,W
7/1/25 6:30,0.114,W
7/1/25 6:45,0.194,W
7/1/25 7:00,0.211,W
7/1/25 7:15,0.271,W
7/1/25 7:30,0.299,W
7/1/25 7:45,0.461,W
7/1/25 8:00,0.258,W
7/1/25 8:15,0.264,W
7/1/25 8:30,0.267,W
7/1/25 8:45,0.257,W
7/1/25 9:00,0.258,W
7/1/25 9:15,0.268,W
7/1/25 9:30,0.319,W
7/1/25 9:45,0.274,W
7/1/25 10:00,0.272,W
7/1/25 10:15,0.243,W
7/1/25 10:30,0.276,W
7/1/25 10:45,0.281,W
7/1/25 11:00,0.332,W
7/1/25 11:15,0.301,W
7/1/25 11:30,0.321,W
7/1/25 11:45,0.356,W
7/1/25 12:00,0.488,W
7/1/25 12:15,0.357,W
7/1/25 12:30,0.261,W
7/1/25 12:45,0.24,W
7/1/25 13:00,0.248,W
7/1/25 13:15,0.228,W
7/1/25 13:30,0.285,W
7/1/25 13:45,0.274,W
7/1/25 14:00,0.267,W
7/1/25 14:15,0.256,W
7/1/25 14:30,0.248,W
7/1/25 14:45,0.241,W
7/1/25 15:00,0.293,W
7/1/25 15:15,0.288,W
7/1/25 15:30,0.269,W
7/1/25 15:45,0.316,W
7/1/25 16:00,0.345,W
7/1/25 16:15,0.296,W
7/1/25 16:30,0.258,W
7/1/25 16:45,0.284,W
7/1/25 17:00,0.354,W
7/1/25 17:15,0.348,W
7/1/25 17:30,0.262,W
7/1/25 17:45,0.221,W
7/1/25 18:00,0.304,W
7/1/25 18:15,0.214,W
7/1/25 18:30,0.257,W
7/1/25 18:45,0.183,W
7/1/25 19:00,0.188,W
7/1/25 19:15,0.205,W
7/1/25 19:30,0.239,W
7/1/25 19:45,0.218,W
7/1/25 20:00,0.307,W
7/1/25 20:15,0.34,W
7/1/25 20:30,0.362,W
7/1/25 20:45,0.391,W
7/1/25 21:00,0.394,W
7/1/25 21:15,0.379,W
7/1/25 21:30,0.416,W
7/1/25 21:45,0.397,W
7/1/25 22:00,0.333,W
7/1/25 22:15,0.346,W
7/1/25 22:30,0.364,W
7/1/25 22:45,0.373,W
7/1/25 23:00,0.406,W
7/1/25 23:15,0.358,W
7/1/25 23:30,0.37,W
7/1/25 23:45,0.349,W
7/2/25 0:00,0.249,W
7/2/25 0:15,0.256,W
7/2/25 0:30,0.206,W
7/2/25 0:45,0.137,W
7/2/25 1:00,0.091,W
7/2/25 1:15,0.114,W
7/2/25 1:30,0.117,W
7/2/25 1:45,0.103,W
7/2/25 2:00,0.107,W
7/2/25 2:15,0.125,W
7/2/25 2:30,0.187,W
7/2/25 2:45,0.286,W
7/2/25 3:00,0.261,W
7/2/25 3:15,0.232,W
7/2/25 3:30,0.237,W
7/2/25 3:45,0.247,W
7/2/25 4:00,0.227,W
7/2/25 4:15,0.243,W
7/2/25 4:30,0.254,W
7/2/25 4:45,0.253,W
7/2/25 5:00,0.237,W
7/2/25 5:15,0.23,W
7/2/25 5:30,0.105,W
7/2/25 5:45,0.141,W
7/2/25 6:00,0.16,W
7/2/25 6:15,0.103,W
7/2/25 6:30,0.112,W
7/2/25 6:45,0.109,W
7/2/25 7:00,0.11,W
7/2/25 7:15,0.107,W
7/2/25 7:30,0.095,W
7/2/25 7:45,0.244,W
7/2/25 8:00,0.422,W
7/2/25 8:15,0.24,W
7/2/25 8:30,0.288,W
7/2/25 8:45,0.385,W
7/2/25 9:00,0.347,W
7/2/25 9:15,0.673,W
7/2/25 9:30,0.547,W
7/2/25 9:45,0.6,W
7/2/25 10:00,0.767,W
7/2/25 10:15,0.559,W
7/2/25 10:30,0.83,W
7/2/25 10:45,0.712,W
7/2/25 11:00,0.259,W
7/2/25 11:15,0.3,W
7/2/25 11:30,0.285,W
7/2/25 11:45,0.251,W
7/2/25 12:00,0.29,W
7/2/25 12:15,0.499,W
7/2/25 12:30,0.269,W
7/2/25 12:45,0.276,W
7/2/25 13:00,0.256,W
7/2/25 13:15,0.254,W
7/2/25 13:30,0.288,W
7/2/25 13:45,0.249,W
7/2/25 14:00,0.25,W
7/2/25 14:15,0.196,W
7/2/25 14:30,0.145,W
7/2/25 14:45,0.22,W
7/2/25 15:00,0.483,W
7/2/25 15:15,0.282,W
7/2/25 15:30,0.42,W
7/2/25 15:45,0.468,W
7/2/25 16:00,0.627,W
7/2/25 16:15,1.052,W
7/2/25 16:30,0.752,W
7/2/25 16:45,1.234,W
7/2/25 17:00,0.851,W
7/2/25 17:15,0.464,W
7/2/25 17:30,0.43,W
7/2/25 17:45,0.403,W
7/2/25 18:00,0.394,W
7/2/25 18:15,0.348,W
7/2/25 18:30,0.349,W
7/2/25 18:45,0.306,W
7/2/25 19:00,0.308,W
7/2/25 19:15,0.285,W
7/2/25 19:30,0.291,W
7/2/25 19:45,0.284,W
7/2/25 20:00,0.359,W
7/2/25 20:15,0.369,W
7/2/25 20:30,0.438,W
7/2/25 20:45,1.025,W
7/2/25 21:00,0.457,W
7/2/25 21:15,0.291,W
7/2/25 21:30,0.788,W
7/2/25 21:45,0.238,W
7/2/25 22:00,0.219,W
7/2/25 22:15,0.246,W
7/2/25 22:30,0.251,W
7/2/25 22:45,0.248,W
7/2/25 23:00,0.364,W
7/2/25 23:15,0.367,W
7/2/25 23:30,0.35,W
7/2/25 23:45,0.344,W
7/3/25 0:00,0.351,W
7/3/25 0:15,0.326,W
7/3/25 0:30,0.267,W
7/3/25 0:45,0.25,W
7/3/25 1:00,0.278,W
7/3/25 1:15,0.272,W
7/3/25 1:30,0.244,W
7/3/25 1:45,0.275,W
7/3/25 2:00,0.262,W
7/3/25 2:15,0.129,W
7/3/25 2:30,0.105,W
7/3/25 2:45,0.106,W
7/3/25 3:00,0.128,W
7/3/25 3:15,0.136,W
7/3/25 3:30,0.133,W
7/3/25 3:45,0.132,W
7/3/25 4:00,0.167,W
7/3/25 4:15,0.247,W
7/3/25 4:30,0.206,W
7/3/25 4:45,0.205,W
7/3/25 5:00,0.27,W
7/3/25 5:15,0.377,W
7/3/25 5:30,0.288,W
7/3/25 5:45,0.246,W
7/3/25 6:00,0.234,W
7/3/25 6:15,0.258,W
7/3/25 6:30,0.278,W
7/3/25 6:45,0.255,W
7/3/25 7:00,0.103,W
7/3/25 7:15,0.135,W
7/3/25 7:30,0.278,W
7/3/25 7:45,0.107,W
7/3/25 8:00,0.317,W
7/3/25 8:15,0.382,W
7/3/25 8:30,0.568,W
7/3/25 8:45,0.445,W
7/3/25 9:00,0.222,W
7/3/25 9:15,0.255,W
7/3/25 9:30,0.261,W
7/3/25 9:45,0.235,W
7/3/25 10:00,0.211,W
7/3/25 10:15,0.237,W
7/3/25 10:30,0.227,W
7/3/25 10:45,0.235,W
7/3/25 11:00,0.214,W
7/3/25 11:15,0.219,W
7/3/25 11:30,0.358,W
7/3/25 11:45,0.324,W
7/3/25 12:00,0.282,W
7/3/25 12:15,0.32,W
7/3/25 12:30,0.327,W
7/3/25 12:45,0.285,W
7/3/25 13:00,0.276,W
7/3/25 13:15,0.302,W
7/3/25 13:30,0.286,W
7/3/25 13:45,0.297,W
7/3/25 14:00,0.328,W
7/3/25 14:15,0.329,W
7/3/25 14:30,0.344,W
7/3/25 14:45,0.333,W
7/3/25 15:00,0.348,W
7/3/25 15:15,0.333,W
7/3/25 15:30,0.221,W
7/3/25 15:45,0.219,W
7/3/25 16:00,0.245,W
7/3/25 16:15,0.205,W
7/3/25 16:30,0.182,W
7/3/25 16:45,0.243,W
7/3/25 17:00,0.268,W
7/3/25 17:15,0.361,W
7/3/25 17:30,0.396,W
7/3/25 17:45,0.493,W
7/3/25 18:00,0.472,W
7/3/25 18:15,0.36,W
7/3/25 18:30,0.342,W
7/3/25 18:45,0.335,W
7/3/25 19:00,0.342,W
7/3/25 19:15,0.338,W
7/3/25 19:30,0.334,W
7/3/25 19:45,0.404,W
7/3/25 20:00,0.476,W
7/3/25 20:15,0.769,W
7/3/25 20:30,0.762,W
7/3/25 20:45,0.731,W
7/3/25 21:00,0.721,W
7/3/25 21:15,0.748,W
7/3/25 21:30,0.705,W
7/3/25 21:45,0.502,W
7/3/25 22:00,0.501,W
7/3/25 22:15,0.424,W
7/3/25 22:30,0.349,W
7/3/25 22:45,0.324,W
7/3/25 23:00,0.325,W
7/3/25 23:15,0.347,W
7/3/25 23:30,0.359,W
7/3/25 23:45,0.335,W
7/4/25 0:00,0.334,W
7/4/25 0:15,0.36,W
7/4/25 0:30,0.347,W
7/4/25 0:45,0.368,W
7/4/25 1:00,0.348,W
7/4/25 1:15,0.372,W
7/4/25 1:30,0.356,W
7/4/25 1:45,0.335,W
7/4/25 2:00,0.335,W
7/4/25 2:15,0.28,W
7/4/25 2:30,0.284,W
7/4/25 2:45,0.272,W
7/4/25 3:00,0.236,W
7/4/25 3:15,0.222,W
7/4/25 3:30,0.246,W
7/4/25 3:45,0.236,W
7/4/25 4:00,0.227,W
7/4/25 4:15,0.249,W
7/4/25 4:30,0.256,W
7/4/25 4:45,0.298,W
7/4/25 5:00,0.258,W
7/4/25 5:15,0.258,W
7/4/25 5:30,0.267,W
7/4/25 5:45,0.225,W
7/4/25 6:00,0.132,W
7/4/25 6:15,0.102,W
7/4/25 6:30,0.11,W
7/4/25 6:45,0.132,W
7/4/25 7:00,0.109,W
7/4/25 7:15,0.096,W
7/4/25 7:30,0.101,W
7/4/25 7:45,0.205,W
7/4/25 8:00,0.281,W
7/4/25 8:15,0.246,W
7/4/25 8:30,0.372,W
7/4/25 8:45,0.553,W
7/4/25 9:00,0.643,W
7/4/25 9:15,0.559,W
7/4/25 9:30,0.285,W
7/4/25 9:45,0.27,W
7/4/25 10:00,0.281,W
7/4/25 10:15,0.268,W
7/4/25 10:30,0.277,W
7/4/25 10:45,0.305,W
7/4/25 11:00,0.269,W
7/4/25 11:15,0.503,W
7/4/25 11:30,1.011,W
7/4/25 11:45,0.384,W
7/4/25 12:00,0.324,W
7/4/25 12:15,0.314,W
7/4/25 12:30,0.279,W
7/4/25 12:45,0.288,W
7/4/25 13:00,0.299,W
7/4/25 13:15,0.311,W
7/4/25 13:30,0.369,W
7/4/25 13:45,0.325,W
7/4/25 14:00,0.343,W
7/4/25 14:15,0.329,W
7/4/25 14:30,0.385,W
7/4/25 14:45,0.409,W
7/4/25 15:00,0.822,W
7/4/25 15:15,0.519,W
7/4/25 15:30,0.349,W
7/4/25 15:45,0.346,W
7/4/25 16:00,0.342,W
7/4/25 16:15,0.343,W
7/4/25 16:30,0.323,W
7/4/25 16:45,0.187,W
7/4/25 17:00,0.19,W
7/4/25 17:15,0.189,W
7/4/25 17:30,0.316,W
7/4/25 17:45,0.281,W
7/4/25 18:00,0.236,W
7/4/25 18:15,0.265,W
7/4/25 18:30,0.375,W
7/4/25 18:45,0.325,W
7/4/25 19:00,0.34,W
7/4/25 19:15,0.333,W
7/4/25 19:30,0.356,W
7/4/25 19:45,0.323,W
7/4/25 20:00,0.319,W
7/4/25 20:15,0.379,W
7/4/25 20:30,0.334,W
7/4/25 20:45,0.35,W
7/4/25 21:00,0.358,W
7/4/25 21:15,0.361,W
7/4/25 21:30,0.322,W
7/4/25 21:45,0.337,W
7/4/25 22:00,0.521,W
7/4/25 22:15,0.53,W
7/4/25 22:30,0.362,W
7/4/25 22:45,0.306,W
7/4/25 23:00,0.358,W
7/4/25 23:15,0.245,W
7/4/25 23:30,0.207,W
7/4/25 23:45,0.204,W
7/5/25 0:00,0.216,W
7/5/25 0:15,0.175,W
7/5/25 0:30,0.18,W
7/5/25 0:45,0.196,W
7/5/25 1:00,0.158,W
7/5/25 1:15,0.157,W
7/5/25 1:30,0.273,W
7/5/25 1:45,0.317,W
7/5/25 2:00,0.292,W
7/5/25 2:15,0.273,W
7/5/25 2:30,0.286,W
7/5/25 2:45,0.289,W
7/5/25 3:00,0.287,W
7/5/25 3:15,0.289,W
7/5/25 3:30,0.238,W
7/5/25 3:45,0.232,W
7/5/25 4:00,0.258,W
7/5/25 4:15,0.266,W
7/5/25 4:30,0.259,W
7/5/25 4:45,0.118,W
7/5/25 5:00,0.127,W
7/5/25 5:15,0.162,W
7/5/25 5:30,0.148,W
7/5/25 5:45,0.094,W
7/5/25 6:00,0.101,W
7/5/25 6:15,0.142,W
7/5/25 6:30,0.129,W
7/5/25 6:45,0.121,W
7/5/25 7:00,0.246,W
7/5/25 7:15,0.234,W
7/5/25 7:30,0.238,W
7/5/25 7:45,0.454,W
7/5/25 8:00,0.275,W
7/5/25 8:15,0.249,W
7/5/25 8:30,0.58,W
7/5/25 8:45,0.552,W
7/5/25 9:00,0.634,W
7/5/25 9:15,0.398,W
7/5/25 9:30,0.243,W
7/5/25 9:45,0.316,W
7/5/25 10:00,0.293,W
7/5/25 10:15,0.304,W
7/5/25 10:30,0.271,W
7/5/25 10:45,0.275,W
7/5/25 11:00,0.559,W
7/5/25 11:15,0.441,W
7/5/25 11:30,0.54,W
7/5/25 11:45,1.456,W
7/5/25 12:00,1.128,W
7/5/25 12:15,0.761,W
7/5/25 12:30,0.401,W
7/5/25 12:45,0.332,W
7/5/25 13:00,0.293,W
7/5/25 13:15,0.341,W
7/5/25 13:30,0.307,W
7/5/25 13:45,0.282,W
7/5/25 14:00,0.333,W
7/5/25 14:15,0.34,W
7/5/25 14:30,0.316,W
7/5/25 14:45,0.309,W
7/5/25 15:00,0.737,W
7/5/25 15:15,0.301,W
7/5/25 15:30,0.347,W
7/5/25 15:45,0.329,W
7/5/25 16:00,0.311,W
7/5/25 16:15,0.427,W
7/5/25 16:30,0.367,W
7/5/25 16:45,0.38,W
7/5/25 17:00,0.321,W
7/5/25 17:15,0.326,W
7/5/25 17:30,0.329,W
7/5/25 17:45,0.352,W
7/5/25 18:00,0.337,W
7/5/25 18:15,0.44,W
7/5/25 18:30,0.376,W
7/5/25 18:45,0.346,W
7/5/25 19:00,0.324,W
7/5/25 19:15,0.366,W
7/5/25 19:30,0.346,W
7/5/25 19:45,0.316,W
7/5/25 20:00,0.344,W
7/5/25 20:15,0.26,W
7/5/25 20:30,0.242,W
7/5/25 20:45,0.222,W
7/5/25 21:00,0.267,W
7/5/25 21:15,0.249,W
7/5/25 21:30,0.246,W
7/5/25 21:45,0.232,W
7/5/25 22:00,0.264,W
7/5/25 22:15,0.426,W
7/5/25 22:30,0.41,W
7/5/25 22:45,0.388,W
7/5/25 23:00,0.34,W
7/5/25 23:15,0.385,W
7/5/25 23:30,0.385,W
7/5/25 23:45,0.36,W
7/6/25 0:00,0.259,W
7/6/25 0:15,0.267,W
7/6/25 0:30,0.26,W
7/6/25 0:45,0.264,W
7/6/25 1:00,0.272,W
7/6/25 1:15,0.263,W
7/6/25 1:30,0.228,W
7/6/25 1:45,0.148,W
7/6/25 2:00,0.13,W
7/6/25 2:15,0.108,W
7/6/25 2:30,0.099,W
7/6/25 2:45,0.141,W
7/6/25 3:00,0.176,W
7/6/25 3:15,0.179,W
7/6/25 3:30,0.181,W
7/6/25 3:45,0.255,W
7/6/25 4:00,0.289,W
7/6/25 4:15,0.253,W
7/6/25 4:30,0.242,W
7/6/25 4:45,0.259,W
7/6/25 5:00,0.289,W
7/6/25 5:15,0.289,W
7/6/25 5:30,0.265,W
7/6/25 5:45,0.223,W
7/6/25 6:00,0.223,W
7/6/25 6:15,0.187,W
7/6/25 6:30,0.223,W
7/6/25 6:45,0.272,W
7/6/25 7:00,0.164,W
7/6/25 7:15,0.16,W
7/6/25 7:30,0.407,W
7/6/25 7:45,0.216,W
7/6/25 8:00,0.258,W
7/6/25 8:15,0.208,W
7/6/25 8:30,0.256,W
7/6/25 8:45,0.453,W
7/6/25 9:00,0.409,W
7/6/25 9:15,0.266,W
7/6/25 9:30,0.218,W
7/6/25 9:45,0.237,W
7/6/25 10:00,0.594,W
7/6/25 10:15,0.387,W
7/6/25 10:30,0.292,W
7/6/25 10:45,0.215,W
7/6/25 11:00,0.237,W
7/6/25 11:15,0.246,W
7/6/25 11:30,0.271,W
7/6/25 11:45,0.353,W
7/6/25 12:00,0.698,W
7/6/25 12:15,0.979,W
7/6/25 12:30,1.2,W
7/6/25 12:45,0.318,W
7/6/25 13:00,0.776,W
7/6/25 13:15,0.495,W
7/6/25 13:30,0.284,W
7/6/25 13:45,0.249,W
7/6/25 14:00,0.264,W
7/6/25 14:15,0.252,W
7/6/25 14:30,0.304,W
7/6/25 14:45,0.256,W
7/6/25 15:00,0.118,W
7/6/25 15:15,0.123,W
7/6/25 15:30,0.205,W
7/6/25 15:45,0.288,W
7/6/25 16:00,0.271,W
7/6/25 16:15,0.251,W
7/6/25 16:30,0.268,W
7/6/25 16:45,0.276,W
7/6/25 17:00,0.346,W
7/6/25 17:15,0.462,W
7/6/25 17:30,0.403,W
7/6/25 17:45,0.482,W
7/6/25 18:00,0.422,W
7/6/25 18:15,0.451,W
7/6/25 18:30,0.622,W
7/6/25 18:45,0.582,W
7/6/25 19:00,0.605,W
7/6/25 19:15,0.368,W
7/6/25 19:30,0.634,W
7/6/25 19:45,0.513,W
7/6/25 20:00,0.493,W
7/6/25 20:15,0.477,W
7/6/25 20:30,0.384,W
7/6/25 20:45,0.399,W
7/6/25 21:00,0.714,W
7/6/25 21:15,0.639,W
7/6/25 21:30,0.414,W
7/6/25 21:45,0.41,W
7/6/25 22:00,0.357,W
7/6/25 22:15,0.287,E
7/6/25 22:30,0.27,E
7/6/25 22:45,0.275,E
7/6/25 23:00,0.35,E
7/6/25 23:15,0.292,E
7/6/25 23:30,0.312,E
7/6/25 23:45,0.276,E
7/7/25 0:00,0.245,E
7/7/25 0:15,0.239,E
7/7/25 0:30,0.331,E
7/7/25 0:45,0.308,E
7/7/25 1:00,0.214,E
7/7/25 1:15,0.223,E
7/7/25 1:30,0.223,E
7/7/25 1:45,0.253,E
7/7/25 2:00,0.245,E
7/7/25 2:15,0.261,E
7/7/25 2:30,0.259,E
7/7/25 2:45,0.262,E
7/7/25 3:00,0.258,E
7/7/25 3:15,0.263,E
7/7/25 3:30,0.275,E
7/7/25 3:45,0.235,E
7/7/25 4:00,0.148,E
7/7/25 4:15,0.151,E
7/7/25 4:30,0.17,E
7/7/25 4:45,0.163,E
7/7/25 5:00,0.149,E
7/7/25 5:15,0.129,E
7/7/25 5:30,0.118,E
7/7/25 5:45,0.11,E
7/7/25 6:00,0.166,E
7/7/25 6:15,0.185,E
7/7/25 6:30,0.194,E
7/7/25 6:45,0.213,E
7/7/25 7:00,0.204,E
7/7/25 7:15,0.195,E
7/7/25 7:30,0.214,E
7/7/25 7:45,0.371,E
7/7/25 8:00,0.321,E
7/7/25 8:15,0.532,E
7/7/25 8:30,0.336,E
7/7/25 8:45,0.434,E
7/7/25 9:00,0.488,E
7/7/25 9:15,0.374,E
7/7/25 9:30,0.522,E
7/7/25 9:45,0.337,E
7/7/25 10:00,0.353,E
7/7/25 10:15,0.375,E
7/7/25 10:30,0.446,E
7/7/25 10:45,0.366,E
7/7/25 11:00,0.392,E
7/7/25 11:15,0.525,E
7/7/25 11:30,0.306,E
7/7/25 11:45,0.249,E
7/7/25 12:00,0.241,E
7/7/25 12:15,0.341,E
7/7/25 12:30,0.255,E
7/7/25 12:45,0.309,W
7/7/25 13:00,0.279,W
7/7/25 13:15,0.38,W
7/7/25 13:30,0.318,W
7/7/25 13:45,0.661,W
7/7/25 14:00,0.681,W
7/7/25 14:15,0.8,W
7/7/25 14:30,0.67,W
7/7/25 14:45,0.585,W
7/7/25 15:00,0.606,W
7/7/25 15:15,0.566,W
7/7/25 15:30,0.435,W
7/7/25 15:45,0.436,W
7/7/25 16:00,0.804,W
7/7/25 16:15,0.296,W
7/7/25 16:30,0.24,W
7/7/25 16:45,0.232,W
7/7/25 17:00,0.28,W
7/7/25 17:15,0.403,W
7/7/25 17:30,0.445,W
7/7/25 17:45,0.493,W
7/7/25 18:00,0.742,W
7/7/25 18:15,0.485,W
7/7/25 18:30,0.445,W
7/7/25 18:45,0.925,W
7/7/25 19:00,0.672,W
7/7/25 19:15,0.395,W
7/7/25 19:30,0.931,W
7/7/25 19:45,0.326,W
7/7/25 20:00,0.311,W
7/7/25 20:15,0.334,W
7/7/25 20:30,0.353,W
7/7/25 20:45,0.386,W
7/7/25 21:00,0.395,W
7/7/25 21:15,0.36,W
7/7/25 21:30,0.387,W
7/7/25 21:45,0.394,W
7/7/25 22:00,0.32,W
7/7/25 22:15,0.26,W
7/7/25 22:30,0.257,W
7/7/25 22:45,0.265,W
7/7/25 23:00,0.233,W
7/7/25 23:15,0.239,W
7/7/25 23:30,0.229,W
7/7/25 23:45,0.194,W
7/8/25 0:00,0.163,W
7/8/25 0:15,0.233,W
7/8/25 0:30,0.276,W
7/8/25 0:45,0.286,W
7/8/25 1:00,0.255,W
7/8/25 1:15,0.267,W
7/8/25 1:30,0.248,W
7/8/25 1:45,0.232,W
7/8/25 2:00,0.231,W
7/8/25 2:15,0.289,W
7/8/25 2:30,0.276,W
7/8/25 2:45,0.263,W
7/8/25 3:00,0.238,W
7/8/25 3:15,0.163,W
7/8/25 3:30,0.105,W
7/8/25 3:45,0.125,W
7/8/25 4:00,0.15,W
7/8/25 4:15,0.102,W
7/8/25 4:30,0.107,W
7/8/25 4:45,0.132,W
7/8/25 5:00,0.118,W
7/8/25 5:15,0.136,W
7/8/25 5:30,0.167,W
7/8/25 5:45,0.277,W
7/8/25 6:00,0.39,W
7/8/25 6:15,0.447,W
7/8/25 6:30,0.284,W
7/8/25 6:45,0.339,W
7/8/25 7:00,0.255,W
7/8/25 7:15,0.373,W
7/8/25 7:30,0.494,W
7/8/25 7:45,0.461,W
7/8/25 8:00,0.354,W
7/8/25 8:15,0.272,W
7/8/25 8:30,0.393,W
7/8/25 8:45,0.313,W
7/8/25 9:00,0.254,W
7/8/25 9:15,0.293,W
7/8/25 9:30,0.31,W
7/8/25 9:45,0.278,W
7/8/25 10:00,0.353,W
7/8/25 10:15,0.379,W
7/8/25 10:30,0.384,W
7/8/25 10:45,0.568,W
7/8/25 11:00,0.489,W
7/8/25 11:15,0.368,W
7/8/25 11:30,0.217,W
7/8/25 11:45,0.132,W
7/8/25 12:00,0.115,W
7/8/25 12:15,0.169,W
7/8/25 12:30,0.247,W
7/8/25 12:45,0.268,W
7/8/25 13:00,0.256,W
7/8/25 13:15,0.26,W
7/8/25 13:30,0.245,W
7/8/25 13:45,0.296,W
7/8/25 14:00,0.288,W
7/8/25 14:15,0.332,W
7/8/25 14:30,0.312,W
7/8/25 14:45,0.286,W
7/8/25 15:00,0.273,W
7/8/25 15:15,0.3,W
7/8/25 15:30,0.222,W
7/8/25 15:45,0.159,W
7/8/25 16:00,0.185,W
7/8/25 16:15,0.196,W
7/8/25 16:30,0.175,W
7/8/25 16:45,0.199,W
7/8/25 17:00,0.185,W
7/8/25 17:15,0.17,W
7/8/25 17:30,0.554,W
7/8/25 17:45,0.39,W
7/8/25 18:00,0.445,W
7/8/25 18:15,0.292,W
7/8/25 18:30,0.327,W
7/8/25 18:45,0.633,W
7/8/25 19:00,0.608,W
7/8/25 19:15,0.677,W
7/8/25 19:30,0.547,W
7/8/25 19:45,0.329,W
7/8/25 20:00,0.346,W
7/8/25 20:15,0.375,W
7/8/25 20:30,0.384,W
7/8/25 20:45,0.432,W
7/8/25 21:00,0.413,W
7/8/25 21:15,0.441,W
7/8/25 21:30,0.42,W
7/8/25 21:45,0.376,W
7/8/25 22:00,0.36,W
7/8/25 22:15,0.371,W
7/8/25 22:30,0.377,W
7/8/25 22:45,0.353,W
7/8/25 23:00,0.336,W
7/8/25 23:15,0.347,W
7/8/25 23:30,0.311,W
7/8/25 23:45,0.247,W
7/9/25 0:00,0.254,W
7/9/25 0:15,0.228,W
7/9/25 0:30,0.228,W
7/9/25 0:45,0.263,W
7/9/25 1:00,0.334,W
7/9/25 1:15,0.262,W
7/9/25 1:30,0.253,W
7/9/25 1:45,0.228,W
7/9/25 2:00,0.228,W
7/9/25 2:15,0.269,W
7/9/25 2:30,0.26,W
7/9/25 2:45,0.219,W
7/9/25 3:00,0.253,W
7/9/25 3:15,0.267,W
7/9/25 3:30,0.232,W
7/9/25 3:45,0.229,W
7/9/25 4:00,0.238,W
7/9/25 4:15,0.266,W
7/9/25 4:30,0.259,W
7/9/25 4:45,0.249,W
7/9/25 5:00,0.241,W
7/9/25 5:15,0.22,W
7/9/25 5:30,0.141,W
7/9/25 5:45,0.1,W
7/9/25 6:00,0.191,W
7/9/25 6:15,0.117,W
7/9/25 6:30,0.2,W
7/9/25 6:45,0.144,W
7/9/25 7:00,0.287,W
7/9/25 7:15,0.127,W
7/9/25 7:30,0.177,W
7/9/25 7:45,0.234,W
7/9/25 8:00,0.264,W
7/9/25 8:15,0.275,W
7/9/25 8:30,0.251,W
7/9/25 8:45,0.232,W
7/9/25 9:00,0.27,W
7/9/25 9:15,0.293,W
7/9/25 9:30,0.306,W
7/9/25 9:45,0.297,W
7/9/25 10:00,0.318,W
7/9/25 10:15,0.326,W
7/9/25 10:30,0.282,W
7/9/25 10:45,0.231,W
7/9/25 11:00,0.646,W
7/9/25 11:15,0.338,W
7/9/25 11:30,0.193,W
7/9/25 11:45,0.194,W
7/9/25 12:00,0.316,W
7/9/25 12:15,0.449,W
7/9/25 12:30,0.63,W
7/9/25 12:45,0.543,W
7/9/25 13:00,0.34,W
7/9/25 13:15,0.257,W
7/9/25 13:30,0.253,W
7/9/25 13:45,0.276,W
7/9/25 14:00,0.273,W
7/9/25 14:15,0.331,W
7/9/25 14:30,0.267,W
7/9/25 14:45,0.18,W
7/9/25 15:00,0.175,W
7/9/25 15:15,0.198,W
7/9/25 15:30,0.157,W
7/9/25 15:45,0.169,W
7/9/25 16:00,0.177,W
7/9/25 16:15,0.236,W
7/9/25 16:30,0.299,W
7/9/25 16:45,0.359,W
7/9/25 17:00,0.35,W
7/9/25 17:15,0.387,W
7/9/25 17:30,0.424,W
7/9/25 17:45,0.476,W
7/9/25 18:00,0.43,W
7/9/25 18:15,0.448,W
7/9/25 18:30,0.951,W
7/9/25 18:45,0.583,W
7/9/25 19:00,0.337,W
7/9/25 19:15,0.929,W
7/9/25 19:30,0.337,W
7/9/25 19:45,0.359,W
7/9/25 20:00,0.329,W
7/9/25 20:15,0.342,W
7/9/25 20:30,0.305,W
7/9/25 20:45,0.327,W
7/9/25 21:00,0.358,W
7/9/25 21:15,0.405,W
7/9/25 21:30,0.391,W
7/9/25 21:45,0.351,W
7/9/25 22:00,0.234,W
7/9/25 22:15,0.26,W
7/9/25 22:30,0.245,W
7/9/25 22:45,0.245,W
7/9/25 23:00,0.246,W
7/9/25 23:15,0.136,W
7/9/25 23:30,0.135,W
7/9/25 23:45,0.178,W
7/10/25 0:00,0.118,W
7/10/25 0:15,0.118,W
7/10/25 0:30,0.361,W
7/10/25 0:45,0.316,W
7/10/25 1:00,0.263,W
7/10/25 1:15,0.268,W
7/10/25 1:30,0.254,W
7/10/25 1:45,0.258,W
7/10/25 2:00,0.277,W
7/10/25 2:15,0.29,W
7/10/25 2:30,0.257,W
7/10/25 2:45,0.266,W
7/10/25 3:00,0.277,W
7/10/25 3:15,0.27,W
7/10/25 3:30,0.216,W
7/10/25 3:45,0.134,W
7/10/25 4:00,0.141,W
7/10/25 4:15,0.132,W
7/10/25 4:30,0.138,W
7/10/25 4:45,0.093,W
7/10/25 5:00,0.101,W
7/10/25 5:15,0.124,W
7/10/25 5:30,0.149,W
7/10/25 5:45,0.279,W
7/10/25 6:00,0.299,W
7/10/25 6:15,0.209,W
7/10/25 6:30,0.268,W
7/10/25 6:45,0.33,W
7/10/25 7:00,0.245,W
7/10/25 7:15,0.298,W
7/10/25 7:30,0.239,W
7/10/25 7:45,0.246,W
7/10/25 8:00,0.229,W
7/10/25 8:15,0.257,W
7/10/25 8:30,0.591,W
7/10/25 8:45,0.25,W
7/10/25 9:00,0.377,W
7/10/25 9:15,0.257,W
7/10/25 9:30,0.299,W
7/10/25 9:45,0.36,W
7/10/25 10:00,0.432,W
7/10/25 10:15,0.424,W
7/10/25 10:30,0.303,W
7/10/25 10:45,0.27,W
7/10/25 11:00,0.543,W
7/10/25 11:15,0.598,W
7/10/25 11:30,0.223,W
7/10/25 11:45,0.294,W
7/10/25 12:00,0.306,W
7/10/25 12:15,0.407,W
7/10/25 12:30,0.452,W
7/10/25 12:45,0.432,W
7/10/25 13:00,0.333,W
7/10/25 13:15,0.304,W
7/10/25 13:30,0.316,W
7/10/25 13:45,0.344,W
7/10/25 14:00,0.351,W
7/10/25 14:15,0.317,W
7/10/25 14:30,0.259,W
7/10/25 14:45,0.143,W
7/10/25 15:00,0.172,W
7/10/25 15:15,0.155,W
7/10/25 15:30,0.201,W
7/10/25 15:45,0.227,W
7/10/25 16:00,0.171,W
7/10/25 16:15,0.247,W
7/10/25 16:30,0.298,W
7/10/25 16:45,0.367,W
7/10/25 17:00,0.476,W
7/10/25 17:15,0.463,W
7/10/25 17:30,0.312,W
7/10/25 17:45,0.281,W
7/10/25 18:00,0.352,W
7/10/25 18:15,0.486,W
7/10/25 18:30,0.556,W
7/10/25 18:45,0.685,W
7/10/25 19:00,0.604,W
7/10/25 19:15,0.337,W
7/10/25 19:30,0.324,W
7/10/25 19:45,0.177,W
7/10/25 20:00,0.193,W
7/10/25 20:15,0.233,W
7/10/25 20:30,0.182,W
7/10/25 20:45,0.41,W
7/10/25 21:00,0.731,W
7/10/25 21:15,0.315,W
7/10/25 21:30,0.27,W
7/10/25 21:45,0.316,W
7/10/25 22:00,0.42,W
7/10/25 22:15,0.428,W
7/10/25 22:30,0.394,W
7/10/25 22:45,0.367,W
7/10/25 23:00,0.359,W
7/10/25 23:15,0.354,W
7/10/25 23:30,0.368,W
7/10/25 23:45,0.359,W
7/11/25 0:00,0.355,W
7/11/25 0:15,0.326,W
7/11/25 0:30,0.325,W
7/11/25 0:45,0.272,W
7/11/25 1:00,0.142,W
7/11/25 1:15,0.138,W
7/11/25 1:30,0.17,W
7/11/25 1:45,0.143,W
7/11/25 2:00,0.125,W
7/11/25 2:15,0.11,W
7/11/25 2:30,0.118,W
7/11/25 2:45,0.137,W
7/11/25 3:00,0.278,W
7/11/25 3:15,0.288,W
7/11/25 3:30,0.25,W
7/11/25 3:45,0.26,W
7/11/25 4:00,0.295,W
7/11/25 4:15,0.291,W
7/11/25 4:30,0.279,W
7/11/25 4:45,0.317,W
7/11/25 5:00,0.305,W
7/11/25 5:15,0.3,W
7/11/25 5:30,0.146,W
7/11/25 5:45,0.131,W
7/11/25 6:00,0.131,W
7/11/25 6:15,0.198,W
7/11/25 6:30,0.18,W
7/11/25 6:45,0.154,W
7/11/25 7:00,0.146,W
7/11/25 7:15,0.14,W
7/11/25 7:30,0.15,W
7/11/25 7:45,0.239,W
7/11/25 8:00,0.413,W
7/11/25 8:15,0.314,W
7/11/25 8:30,0.294,W
7/11/25 8:45,0.284,W
7/11/25 9:00,0.256,W
7/11/25 9:15,0.266,W
7/11/25 9:30,0.246,W
7/11/25 9:45,0.287,W
7/11/25 10:00,0.294,W
7/11/25 10:15,0.276,W
7/11/25 10:30,0.269,W
7/11/25 10:45,0.262,W
7/11/25 11:00,0.268,W
7/11/25 11:15,0.675,W
7/11/25 11:30,0.96,W
7/11/25 11:45,0.738,W
7/11/25 12:00,0.361,W
7/11/25 12:15,0.373,W
7/11/25 12:30,0.369,W
7/11/25 12:45,0.43,W
7/11/25 13:00,0.492,W
7/11/25 13:15,0.361,W
7/11/25 13:30,0.245,W
7/11/25 13:45,0.126,W
7/11/25 14:00,0.163,W
7/11/25 14:15,0.181,W
7/11/25 14:30,0.171,W
7/11/25 14:45,0.153,W
7/11/25 15:00,0.15,W
7/11/25 15:15,0.197,W
7/11/25 15:30,0.273,W
7/11/25 15:45,0.248,W
7/11/25 16:00,0.41,W
7/11/25 16:15,0.334,W
7/11/25 16:30,0.312,W
7/11/25 16:45,0.343,W
7/11/25 17:00,0.299,W
7/11/25 17:15,0.269,W
7/11/25 17:30,0.299,W
7/11/25 17:45,0.322,W
7/11/25 18:00,0.317,W
7/11/25 18:15,0.344,W
7/11/25 18:30,0.311,W
7/11/25 18:45,0.387,W
7/11/25 19:00,0.248,W
7/11/25 19:15,0.296,W
7/11/25 19:30,0.556,W
7/11/25 19:45,0.496,W
7/11/25 20:00,0.527,W
7/11/25 20:15,0.28,W
7/11/25 20:30,0.229,W
7/11/25 20:45,0.258,W
7/11/25 21:00,0.25,W
7/11/25 21:15,0.264,W
7/11/25 21:30,0.384,W
7/11/25 21:45,0.368,W
7/11/25 22:00,0.382,W
7/11/25 22:15,0.4,W
7/11/25 22:30,0.378,W
7/11/25 22:45,0.383,W
7/11/25 23:00,0.383,W
7/11/25 23:15,0.435,W
7/11/25 23:30,0.375,W
7/11/25 23:45,0.365,W
7/12/25 0:00,0.346,W
7/12/25 0:15,0.343,W
7/12/25 0:30,0.336,W
7/12/25 0:45,0.213,W
7/12/25 1:00,0.184,W
7/12/25 1:15,0.203,W
7/12/25 1:30,0.215,W
7/12/25 1:45,0.21,W
7/12/25 2:00,0.219,W
7/12/25 2:15,0.185,W
7/12/25 2:30,0.152,W
7/12/25 2:45,0.283,W
7/12/25 3:00,0.269,W
7/12/25 3:15,0.254,W
7/12/25 3:30,0.266,W
7/12/25 3:45,0.301,W
7/12/25 4:00,0.31,W
7/12/25 4:15,0.306,W
7/12/25 4:30,0.249,W
7/12/25 4:45,0.246,W
7/12/25 5:00,0.18,W
7/12/25 5:15,0.162,W
7/12/25 5:30,0.135,W
7/12/25 5:45,0.124,W
7/12/25 6:00,0.126,W
7/12/25 6:15,0.131,W
7/12/25 6:30,0.129,W
7/12/25 6:45,0.091,W
7/12/25 7:00,0.121,W
7/12/25 7:15,0.184,W
7/12/25 7:30,0.203,W
7/12/25 7:45,0.411,W
7/12/25 8:00,0.29,W
7/12/25 8:15,0.234,W
7/12/25 8:30,0.261,W
7/12/25 8:45,0.309,W
7/12/25 9:00,0.567,W
7/12/25 9:15,0.433,W
7/12/25 9:30,0.439,W
7/12/25 9:45,0.617,W
7/12/25 10:00,0.583,W
7/12/25 10:15,0.825,W
7/12/25 10:30,0.932,W
7/12/25 10:45,0.67,W
7/12/25 11:00,0.311,W
7/12/25 11:15,0.327,W
7/12/25 11:30,0.612,W
7/12/25 11:45,0.983,W
7/12/25 12:00,0.529,W
7/12/25 12:15,0.41,W
7/12/25 12:30,0.287,W
7/12/25 12:45,0.289,W
7/12/25 13:00,0.298,W
7/12/25 13:15,0.579,W
7/12/25 13:30,0.797,W
7/12/25 13:45,0.847,W
7/12/25 14:00,0.828,W
7/12/25 14:15,0.456,W
7/12/25 14:30,0.593,W
7/12/25 14:45,0.495,W
7/12/25 15:00,0.478,W
7/12/25 15:15,0.766,W
7/12/25 15:30,0.905,W
7/12/25 15:45,0.611,W
7/12/25 16:00,0.387,W
7/12/25 16:15,0.353,W
7/12/25 16:30,0.324,W
7/12/25 16:45,0.337,W
7/12/25 17:00,0.404,W
7/12/25 17:15,0.707,W
7/12/25 17:30,0.846,W
7/12/25 17:45,0.658,W
7/12/25 18:00,0.743,W
7/12/25 18:15,0.557,W
7/12/25 18:30,0.559,W
7/12/25 18:45,0.774,W
7/12/25 19:00,0.794,W
7/12/25 19:15,0.342,W
7/12/25 19:30,0.332,W
7/12/25 19:45,0.33,W
7/12/25 20:00,0.717,W
7/12/25 20:15,0.893,W
7/12/25 20:30,0.441,W
7/12/25 20:45,0.835,W
7/12/25 21:00,0.516,W
7/12/25 21:15,0.236,W
7/12/25 21:30,0.247,W
7/12/25 21:45,0.251,W
7/12/25 22:00,0.242,W
7/12/25 22:15,0.271,W
7/12/25 22:30,0.253,W
7/12/25 22:45,0.249,W
7/12/25 23:00,0.229,W
7/12/25 23:15,0.246,W
7/12/25 23:30,0.245,W
7/12/25 23:45,0.327,W
7/13/25 0:00,0.298,W
7/13/25 0:15,0.278,W
7/13/25 0:30,0.262,W
7/13/25 0:45,0.278,W
7/13/25 1:00,0.295,W
7/13/25 1:15,0.274,W
7/13/25 1:30,0.308,W
7/13/25 1:45,0.308,W
7/13/25 2:00,0.289,W
7/13/25 2:15,0.268,W
7/13/25 2:30,0.278,W
7/13/25 2:45,0.159,W
7/13/25 3:00,0.101,W
7/13/25 3:15,0.159,W
7/13/25 3:30,0.152,W
7/13/25 3:45,0.154,W
7/13/25 4:00,0.144,W
7/13/25 4:15,0.145,W
7/13/25 4:30,0.144,W
7/13/25 4:45,0.16,W
7/13/25 5:00,0.216,W
7/13/25 5:15,0.279,W
7/13/25 5:30,0.292,W
7/13/25 5:45,0.304,W
7/13/25 6:00,0.356,W
7/13/25 6:15,0.301,W
7/13/25 6:30,0.323,W
7/13/25 6:45,0.274,W
7/13/25 7:00,0.282,W
7/13/25 7:15,0.291,W
7/13/25 7:30,0.384,W
7/13/25 7:45,0.257,W
7/13/25 8:00,0.243,W
7/13/25 8:15,0.243,W
7/13/25 8:30,0.282,W
7/13/25 8:45,0.252,W
7/13/25 9:00,0.254,W
7/13/25 9:15,0.271,W
7/13/25 9:30,0.238,W
7/13/25 9:45,0.234,W
7/13/25 10:00,0.261,W
7/13/25 10:15,0.316,W
7/13/25 10:30,0.155,W
7/13/25 10:45,0.141,W
7/13/25 11:00,0.499,W
7/13/25 11:15,0.13,W
7/13/25 11:30,0.114,W
7/13/25 11:45,0.13,W
7/13/25 12:00,0.164,W
7/13/25 12:15,0.26,W
7/13/25 12:30,0.251,W
7/13/25 12:45,0.329,W
7/13/25 13:00,0.259,W
7/13/25 13:15,0.296,W
7/13/25 13:30,0.329,W
7/13/25 13:45,0.312,W
7/13/25 14:00,0.285,W
7/13/25 14:15,0.276,W
7/13/25 14:30,0.28,W
7/13/25 14:45,0.29,W
7/13/25 15:00,0.318,W
7/13/25 15:15,0.3,W
7/13/25 15:30,0.307,W
7/13/25 15:45,0.235,W
7/13/25 16:00,0.169,W
7/13/25 16:15,0.192,W
7/13/25 16:30,0.22,W
7/13/25 16:45,0.242,W
7/13/25 17:00,0.225,W
7/13/25 17:15,0.206,W
7/13/25 17:30,0.236,W
7/13/25 17:45,0.188,W
7/13/25 18:00,0.507,W
7/13/25 18:15,0.406,W
7/13/25 18:30,0.413,W
7/13/25 18:45,0.448,W
7/13/25 19:00,0.347,W
7/13/25 19:15,0.409,W
7/13/25 19:30,0.39,W
7/13/25 19:45,0.328,W
7/13/25 20:00,0.36,W
7/13/25 20:15,0.362,W
7/13/25 20:30,0.392,W
7/13/25 20:45,0.371,W
7/13/25 21:00,0.366,W
7/13/25 21:15,0.358,W
7/13/25 21:30,0.373,W
7/13/25 21:45,0.363,W
7/13/25 22:00,0.235,W
7/13/25 22:15,0.229,W
7/13/25 22:30,0.272,W
7/13/25 22:45,0.285,W
7/13/25 23:00,0.256,W
7/13/25 23:15,0.202,W
7/13/25 23:30,0.207,W
7/13/25 23:45,0.24,W
7/14/25 0:00,0.272,W
7/14/25 0:15,0.315,W
7/14/25 0:30,0.301,W
7/14/25 0:45,0.284,W
7/14/25 1:00,0.303,W
7/14/25 1:15,0.316,W
7/14/25 1:30,0.281,W
7/14/25 1:45,0.266,W
7/14/25 2:00,0.285,W
7/14/25 2:15,0.285,W
7/14/25 2:30,0.255,W
7/14/25 2:45,0.253,W
7/14/25 3:00,0.294,W
7/14/25 3:15,0.272,W
7/14/25 3:30,0.136,W
7/14/25 3:45,0.119,W
7/14/25 4:00,0.115,W
7/14/25 4:15,0.123,W
7/14/25 4:30,0.144,W
7/14/25 4:45,0.136,W
7/14/25 5:00,0.111,W
7/14/25 5:15,0.132,W
7/14/25 5:30,0.151,W
7/14/25 5:45,0.251,W
7/14/25 6:00,0.225,W
7/14/25 6:15,0.245,W
7/14/25 6:30,0.28,W
7/14/25 6:45,0.278,W
7/14/25 7:00,0.265,W
7/14/25 7:15,0.388,W
7/14/25 7:30,0.245,W
7/14/25 7:45,0.25,W
7/14/25 8:00,0.417,W
7/14/25 8:15,0.559,W
7/14/25 8:30,0.674,W
7/14/25 8:45,0.588,W
7/14/25 9:00,0.232,W
7/14/25 9:15,0.215,W
7/14/25 9:30,0.241,W
7/14/25 9:45,0.277,W
7/14/25 10:00,0.266,W
7/14/25 10:15,0.248,W
7/14/25 10:30,0.227,W
7/14/25 10:45,0.218,W
7/14/25 11:00,0.238,W
7/14/25 11:15,0.265,W
7/14/25 11:30,0.253,W
7/14/25 11:45,0.253,W
7/14/25 12:00,0.259,W
7/14/25 12:15,0.25,W
7/14/25 12:30,0.247,W
7/14/25 12:45,0.239,W
7/14/25 13:00,0.477,W
7/14/25 13:15,0.595,W
7/14/25 13:30,0.194,W
7/14/25 13:45,0.193,W
7/14/25 14:00,0.227,W
7/14/25 14:15,0.113,W
7/14/25 14:30,0.109,W
7/14/25 14:45,0.097,W
7/14/25 15:00,0.12,W
7/14/25 15:15,0.133,W
7/14/25 15:30,0.325,W
7/14/25 15:45,0.329,W
7/14/25 16:00,0.358,W
7/14/25 16:15,0.303,W
7/14/25 16:30,0.337,W
7/14/25 16:45,0.345,W
7/14/25 17:00,0.568,W
7/14/25 17:15,0.501,W
7/14/25 17:30,0.341,W
7/14/25 17:45,0.336,W
7/14/25 18:00,0.5,W
7/14/25 18:15,0.614,W
7/14/25 18:30,0.398,W
7/14/25 18:45,0.358,W
7/14/25 19:00,0.388,W
7/14/25 19:15,0.349,W
7/14/25 19:30,0.329,W
7/14/25 19:45,0.367,W
7/14/25 20:00,0.383,W
7/14/25 20:15,0.439,W
7/14/25 20:30,0.377,W
7/14/25 20:45,0.365,W
7/14/25 21:00,0.253,W
7/14/25 21:15,0.27,W
7/14/25 21:30,0.262,W
7/14/25 21:45,0.236,W
7/14/25 22:00,0.247,W
7/14/25 22:15,0.264,W
7/14/25 22:30,0.25,W
7/14/25 22:45,0.245,W
7/14/25 23:00,0.319,W
7/14/25 23:15,0.349,W
7/14/25 23:30,0.274,W
7/14/25 23:45,0.275,W
7/15/25 0:00,0.275,W
7/15/25 0:15,0.256,W
7/15/25 0:30,0.282,W
7/15/25 0:45,0.316,W
7/15/25 1:00,0.295,W
7/15/25 1:15,0.263,W
7/15/25 1:30,0.261,W
7/15/25 1:45,0.283,W
7/15/25 2:00,0.26,W
7/15/25 2:15,0.289,W
7/15/25 2:30,0.177,W
7/15/25 2:45,0.146,W
7/15/25 3:00,0.141,W
7/15/25 3:15,0.126,W
7/15/25 3:30,0.107,W
7/15/25 3:45,0.109,W
7/15/25 4:00,0.164,W
7/15/25 4:15,0.154,W
7/15/25 4:30,0.158,W
7/15/25 4:45,0.256,W
7/15/25 5:00,0.266,W
7/15/25 5:15,0.275,W
7/15/25 5:30,0.265,W
7/15/25 5:45,0.266,W
7/15/25 6:00,0.268,W
7/15/25 6:15,0.293,W
7/15/25 6:30,0.296,W
7/15/25 6:45,0.265,W
7/15/25 7:00,0.246,W
7/15/25 7:15,0.425,W
7/15/25 7:30,0.293,W
7/15/25 7:45,0.297,W
7/15/25 8:00,0.257,W
7/15/25 8:15,0.215,W
7/15/25 8:30,0.234,W
7/15/25 8:45,0.245,W
7/15/25 9:00,0.22,W
7/15/25 9:15,0.236,W
7/15/25 9:30,0.238,W
7/15/25 9:45,0.237,W
7/15/25 10:00,0.258,W
7/15/25 10:15,0.247,W
7/15/25 10:30,0.231,W
7/15/25 10:45,0.236,W
7/15/25 11:00,0.274,W
7/15/25 11:15,0.252,W
7/15/25 11:30,0.228,W
7/15/25 11:45,0.249,W
7/15/25 12:00,0.259,W
7/15/25 12:15,0.247,W
7/15/25 12:30,0.264,W
7/15/25 12:45,0.238,W
7/15/25 13:00,0.258,W
7/15/25 13:15,0.266,W
7/15/25 13:30,0.345,W
7/15/25 13:45,0.411,W
7/15/25 14:00,0.366,W
7/15/25 14:15,0.445,W
7/15/25 14:30,0.26,W
7/15/25 14:45,0.119,W
7/15/25 15:00,0.119,W
7/15/25 15:15,0.118,W
7/15/25 15:30,0.183,W
7/15/25 15:45,0.316,W
7/15/25 16:00,0.216,W
7/15/25 16:15,0.251,W
7/15/25 16:30,0.547,W
7/15/25 16:45,0.676,W
7/15/25 17:00,0.377,W
7/15/25 17:15,0.384,W
7/15/25 17:30,0.327,W
7/15/25 17:45,0.279,W
7/15/25 18:00,0.326,W
7/15/25 18:15,0.319,W
7/15/25 18:30,0.313,W
7/15/25 18:45,0.303,W
7/15/25 19:00,0.366,W
7/15/25 19:15,0.337,W
7/15/25 19:30,0.343,W
7/15/25 19:45,0.222,W
7/15/25 20:00,0.231,W
7/15/25 20:15,0.25,W
7/15/25 20:30,0.229,W
7/15/25 20:45,0.225,W
7/15/25 21:00,0.304,W
7/15/25 21:15,0.249,W
7/15/25 21:30,0.266,W
7/15/25 21:45,0.332,W
7/15/25 22:00,0.383,W
7/15/25 22:15,0.391,W
7/15/25 22:30,0.4,W
7/15/25 22:45,0.397,W
7/15/25 23:00,0.309,W
7/15/25 23:15,0.311,W
7/15/25 23:30,0.307,W
7/15/25 23:45,0.271,W
7/16/25 0:00,0.249,W
7/16/25 0:15,0.277,W
7/16/25 0:30,0.279,W
7/16/25 0:45,0.265,W
7/16/25 1:00,0.283,W
7/16/25 1:15,0.261,W
7/16/25 1:30,0.135,W
7/16/25 1:45,0.142,W
7/16/25 2:00,0.128,W
7/16/25 2:15,0.12,W
7/16/25 2:30,0.131,W
7/16/25 2:45,0.165,W
7/16/25 3:00,0.136,W
7/16/25 3:15,0.116,W
7/16/25 3:30,0.233,W
7/16/25 3:45,0.244,W
7/16/25 4:00,0.26,W
7/16/25 4:15,0.252,W
7/16/25 4:30,0.244,W
7/16/25 4:45,0.24,W
7/16/25 5:00,0.244,W
7/16/25 5:15,0.255,W
7/16/25 5:30,0.228,W
7/16/25 5:45,0.248,W
7/16/25 6:00,0.229,W
7/16/25 6:15,0.226,W
7/16/25 6:30,0.12,W
7/16/25 6:45,0.072,W
7/16/25 7:00,0.086,W
7/16/25 7:15,0.294,W
7/16/25 7:30,0.158,W
7/16/25 7:45,0.103,W
7/16/25 8:00,0.159,W
7/16/25 8:15,0.289,W
7/16/25 8:30,0.214,W
7/16/25 8:45,0.568,W
7/16/25 9:00,0.294,W
7/16/25 9:15,0.206,W
7/16/25 9:30,0.222,W
7/16/25 9:45,0.238,W
7/16/25 10:00,0.225,W
7/16/25 10:15,0.219,W
7/16/25 10:30,0.226,W
7/16/25 10:45,0.216,W
7/16/25 11:00,0.21,W
7/16/25 11:15,0.199,W
7/16/25 11:30,0.211,W
7/16/25 11:45,0.273,W
7/16/25 12:00,0.292,W
7/16/25 12:15,0.241,W
7/16/25 12:30,0.222,W
7/16/25 12:45,0.233,W
7/16/25 13:00,0.634,W
7/16/25 13:15,0.848,W
7/16/25 13:30,0.252,W
7/16/25 13:45,0.244,W
7/16/25 14:00,0.251,W
7/16/25 14:15,0.256,W
7/16/25 14:30,0.22,W
7/16/25 14:45,0.238,W
7/16/25 15:00,0.275,W
7/16/25 15:15,0.257,W
7/16/25 15:30,0.519,W
7/16/25 15:45,0.388,W
7/16/25 16:00,0.755,W
7/16/25 16:15,0.817,W
7/16/25 16:30,0.489,W
7/16/25 16:45,0.169,W
7/16/25 17:00,0.238,W
7/16/25 17:15,0.36,W
7/16/25 17:30,0.199,W
7/16/25 17:45,0.158,W
7/16/25 18:00,0.192,W
7/16/25 18:15,0.181,W
7/16/25 18:30,0.285,W
7/16/25 18:45,0.327,W
7/16/25 19:00,0.697,W
7/16/25 19:15,0.526,W
7/16/25 19:30,0.61,W
7/16/25 19:45,0.6,W
7/16/25 20:00,0.639,W
7/16/25 20:15,1.336,W
7/16/25 20:30,0.626,W
7/16/25 20:45,0.859,W
7/16/25 21:00,0.921,W
7/16/25 21:15,0.56,W
7/16/25 21:30,0.397,W
7/16/25 21:45,0.387,W
7/16/25 22:00,0.393,W
7/16/25 22:15,0.393,W
7/16/25 22:30,0.407,W
7/16/25 22:45,0.417,W
7/16/25 23:00,0.416,W
7/16/25 23:15,0.384,W
7/16/25 23:30,0.264,W
7/16/25 23:45,0.274,W
7/17/25 0:00,0.179,W
7/17/25 0:15,0.145,W
7/17/25 0:30,0.148,W
7/17/25 0:45,0.139,W
7/17/25 1:00,0.134,W
7/17/25 1:15,0.125,W
7/17/25 1:30,0.114,W
7/17/25 1:45,0.131,W
7/17/25 2:00,0.202,W
7/17/25 2:15,0.271,W
7/17/25 2:30,0.238,W
7/17/25 2:45,0.229,W
7/17/25 3:00,0.259,W
7/17/25 3:15,0.267,W
7/17/25 3:30,0.245,W
7/17/25 3:45,0.275,W
7/17/25 4:00,0.288,W
7/17/25 4:15,0.28,W
7/17/25 4:30,0.258,W
7/17/25 4:45,0.257,W
7/17/25 5:00,0.178,W
7/17/25 5:15,0.124,W
7/17/25 5:30,0.169,W
7/17/25 5:45,0.156,W
7/17/25 6:00,0.108,W
7/17/25 6:15,0.12,W
7/17/25 6:30,0.142,W
7/17/25 6:45,0.114,W
7/17/25 7:00,0.15,W
7/17/25 7:15,0.349,W
7/17/25 7:30,0.285,W
7/17/25 7:45,0.257,W
7/17/25 8:00,0.248,W
7/17/25 8:15,0.463,W
7/17/25 8:30,0.541,W
7/17/25 8:45,0.6,W
7/17/25 9:00,0.487,W
7/17/25 9:15,0.257,W
7/17/25 9:30,0.249,W
7/17/25 9:45,0.32,W
7/17/25 10:00,0.518,W
7/17/25 10:15,0.399,W
7/17/25 10:30,0.327,W
7/17/25 10:45,0.269,W
7/17/25 11:00,0.288,W
7/17/25 11:15,0.282,W
7/17/25 11:30,0.386,W
7/17/25 11:45,0.392,W
7/17/25 12:00,0.674,W
7/17/25 12:15,0.601,W
7/17/25 12:30,0.442,W
7/17/25 12:45,0.453,W
7/17/25 13:00,0.342,W
7/17/25 13:15,0.322,W
7/17/25 13:30,0.31,W
7/17/25 13:45,0.286,W
7/17/25 14:00,0.28,W
7/17/25 14:15,0.287,W
7/17/25 14:30,0.309,W
7/17/25 14:45,0.313,W
7/17/25 15:00,0.285,W
7/17/25 15:15,0.39,W
7/17/25 15:30,0.318,W
7/17/25 15:45,0.3,W
7/17/25 16:00,0.274,W
7/17/25 16:15,0.311,W
7/17/25 16:30,0.362,W
7/17/25 16:45,0.351,W
7/17/25 17:00,0.349,W
7/17/25 17:15,0.309,W
7/17/25 17:30,0.193,W
7/17/25 17:45,0.221,W
7/17/25 18:00,0.218,W
7/17/25 18:15,0.249,W
7/17/25 18:30,0.255,W
7/17/25 18:45,0.254,W
7/17/25 19:00,0.235,W
7/17/25 19:15,0.187,W
7/17/25 19:30,0.189,W
7/17/25 19:45,0.471,W
7/17/25 20:00,0.82,W
7/17/25 20:15,0.888,W
7/17/25 20:30,1.002,W
7/17/25 20:45,1.123,W
7/17/25 21:00,1.069,W
7/17/25 21:15,0.698,W
7/17/25 21:30,0.694,W
7/17/25 21:45,0.712,W
7/17/25 22:00,0.848,W
7/17/25 22:15,0.713,W
7/17/25 22:30,0.695,W
7/17/25 22:45,0.681,W
7/17/25 23:00,0.725,W
7/17/25 23:15,0.712,W
7/17/25 23:30,0.752,W
7/17/25 23:45,0.439,W
7/18/25 0:00,0.229,W
7/18/25 0:15,0.183,W
7/18/25 0:30,0.122,W
7/18/25 0:45,0.124,W
7/18/25 1:00,0.09,W
7/18/25 1:15,0.092,W
7/18/25 1:30,0.22,W
7/18/25 1:45,0.246,W
7/18/25 2:00,0.203,W
7/18/25 2:15,0.224,W
7/18/25 2:30,0.261,W
7/18/25 2:45,0.238,W
7/18/25 3:00,0.249,W
7/18/25 3:15,0.248,W
7/18/25 3:30,0.227,W
7/18/25 3:45,0.226,W
7/18/25 4:00,0.243,W
7/18/25 4:15,0.213,W
7/18/25 4:30,0.22,W
7/18/25 4:45,0.262,W
7/18/25 5:00,0.24,W
7/18/25 5:15,0.265,W
7/18/25 5:30,0.133,W
7/18/25 5:45,0.084,W
7/18/25 6:00,0.102,W
7/18/25 6:15,0.128,W
7/18/25 6:30,0.115,W
7/18/25 6:45,0.094,W
7/18/25 7:00,0.127,W
7/18/25 7:15,0.145,W
7/18/25 7:30,0.11,W
7/18/25 7:45,0.222,W
7/18/25 8:00,0.353,W
7/18/25 8:15,0.262,W
7/18/25 8:30,0.296,W
7/18/25 8:45,0.314,W
7/18/25 9:00,0.286,W
7/18/25 9:15,0.295,W
7/18/25 9:30,0.287,W
7/18/25 9:45,0.252,W
7/18/25 10:00,0.25,W
7/18/25 10:15,0.259,W
7/18/25 10:30,0.27,W
7/18/25 10:45,0.295,W
7/18/25 11:00,0.28,W
7/18/25 11:15,0.237,W
7/18/25 11:30,0.271,W
7/18/25 11:45,0.694,W
7/18/25 12:00,0.787,W
7/18/25 12:15,0.298,W
7/18/25 12:30,0.297,W
7/18/25 12:45,0.276,W
7/18/25 13:00,0.285,W
7/18/25 13:15,0.277,W
7/18/25 13:30,0.262,W
7/18/25 13:45,0.275,W
7/18/25 14:00,0.306,W
7/18/25 14:15,0.284,W
7/18/25 14:30,0.326,W
7/18/25 14:45,0.297,W
7/18/25 15:00,0.274,W
7/18/25 15:15,0.614,W
7/18/25 15:30,0.379,W
7/18/25 15:45,0.31,W
7/18/25 16:00,0.355,W
7/18/25 16:15,0.153,W
7/18/25 16:30,0.161,W
7/18/25 16:45,0.378,W
7/18/25 17:00,0.815,W
7/18/25 17:15,0.382,W
7/18/25 17:30,1.121,W
7/18/25 17:45,0.735,W
7/18/25 18:00,0.491,W
7/18/25 18:15,0.36,W
7/18/25 18:30,0.345,W
7/18/25 18:45,0.322,W
7/18/25 19:00,0.358,W
7/18/25 19:15,0.33,W
7/18/25 19:30,0.303,W
7/18/25 19:45,0.306,W
7/18/25 20:00,0.635,W
7/18/25 20:15,0.605,W
7/18/25 20:30,0.564,W
7/18/25 20:45,0.703,W
7/18/25 21:00,0.381,W
7/18/25 21:15,0.338,W
7/18/25 21:30,0.332,W
7/18/25 21:45,0.363,W
7/18/25 22:00,0.373,W
7/18/25 22:15,0.396,W
7/18/25 22:30,0.36,W
7/18/25 22:45,0.299,W
7/18/25 23:00,0.321,W
7/18/25 23:15,0.387,W
7/18/25 23:30,0.37,W
7/18/25 23:45,0.356,W
7/19/25 0:00,0.258,W
7/19/25 0:15,0.226,W
7/19/25 0:30,0.214,W
7/19/25 0:45,0.204,W
7/19/25 1:00,0.224,W
7/19/25 1:15,0.246,W
7/19/25 1:30,0.251,W
7/19/25 1:45,0.214,W
7/19/25 2:00,0.263,W
7/19/25 2:15,0.284,W
7/19/25 2:30,0.25,W
7/19/25 2:45,0.24,W
7/19/25 3:00,0.259,W
7/19/25 3:15,0.265,W
7/19/25 3:30,0.273,W
7/19/25 3:45,0.268,W
7/19/25 4:00,0.214,W
7/19/25 4:15,0.219,W
7/19/25 4:30,0.243,W
7/19/25 4:45,0.258,W
7/19/25 5:00,0.187,W
7/19/25 5:15,0.11,W
7/19/25 5:30,0.126,W
7/19/25 5:45,0.126,W
7/19/25 6:00,0.106,W
7/19/25 6:15,0.132,W
7/19/25 6:30,0.152,W
7/19/25 6:45,0.148,W
7/19/25 7:00,0.109,W
7/19/25 7:15,0.123,W
7/19/25 7:30,0.17,W
7/19/25 7:45,0.499,W
7/19/25 8:00,0.239,W
7/19/25 8:15,0.254,W
7/19/25 8:30,0.271,W
7/19/25 8:45,0.281,W
7/19/25 9:00,0.269,W
7/19/25 9:15,0.277,W
7/19/25 9:30,0.265,W
7/19/25 9:45,0.312,W
7/19/25 10:00,0.298,W
7/19/25 10:15,0.283,W
7/19/25 10:30,0.277,W
7/19/25 10:45,0.29,W
7/19/25 11:00,0.293,W
7/19/25 11:15,0.516,W
7/19/25 11:30,0.911,W
7/19/25 11:45,1.126,W
7/19/25 12:00,0.862,W
7/19/25 12:15,0.52,W
7/19/25 12:30,0.387,W
7/19/25 12:45,0.372,W
7/19/25 13:00,0.395,W
7/19/25 13:15,0.376,W
7/19/25 13:30,0.417,W
7/19/25 13:45,0.598,W
7/19/25 14:00,0.686,W
7/19/25 14:15,0.627,W
7/19/25 14:30,0.291,W
7/19/25 14:45,0.31,W
7/19/25 15:00,0.304,W
7/19/25 15:15,0.291,W
7/19/25 15:30,0.307,W
7/19/25 15:45,0.607,W
7/19/25 16:00,0.63,W
7/19/25 16:15,0.506,W
7/19/25 16:30,0.356,W
7/19/25 16:45,0.796,W
7/19/25 17:00,0.715,W
7/19/25 17:15,0.422,W
7/19/25 17:30,0.871,W
7/19/25 17:45,0.444,W
7/19/25 18:00,0.494,W
7/19/25 18:15,0.475,W
7/19/25 18:30,0.557,W
7/19/25 18:45,0.28,W
7/19/25 19:00,0.277,W
7/19/25 19:15,0.31,W
7/19/25 19:30,0.296,W
7/19/25 19:45,0.295,W
7/19/25 20:00,0.32,W
7/19/25 20:15,0.331,W
7/19/25 20:30,0.296,W
7/19/25 20:45,0.322,W
7/19/25 21:00,0.36,W
7/19/25 21:15,0.369,W
7/19/25 21:30,0.363,W
7/19/25 21:45,0.229,W
7/19/25 22:00,0.215,W
7/19/25 22:15,0.285,W
7/19/25 22:30,0.253,W
7/19/25 22:45,0.226,W
7/19/25 23:00,0.374,W
7/19/25 23:15,0.252,W
7/19/25 23:30,0.247,W
7/19/25 23:45,0.201,W
7/20/25 0:00,0.301,W
7/20/25 0:15,0.349,W
7/20/25 0:30,0.327,W
7/20/25 0:45,0.259,W
7/20/25 1:00,0.218,W
7/20/25 1:15,0.247,W
7/20/25 1:30,0.243,W
7/20/25 1:45,0.227,W
7/20/25 2:00,0.258,W
7/20/25 2:15,0.267,W
7/20/25 2:30,0.235,W
7/20/25 2:45,0.212,W
7/20/25 3:00,0.222,W
7/20/25 3:15,0.256,W
7/20/25 3:30,0.228,W
7/20/25 3:45,0.102,W
7/20/25 4:00,0.144,W
7/20/25 4:15,0.118,W
7/20/25 4:30,0.111,W
7/20/25 4:45,0.117,W
7/20/25 5:00,0.114,W
7/20/25 5:15,0.146,W
7/20/25 5:30,0.159,W
7/20/25 5:45,0.185,W
7/20/25 6:00,0.317,W
7/20/25 6:15,0.333,W
7/20/25 6:30,0.259,W
7/20/25 6:45,0.201,W
7/20/25 7:00,0.202,W
7/20/25 7:15,0.241,W
7/20/25 7:30,0.289,W
7/20/25 7:45,0.275,W
7/20/25 8:00,0.266,W
7/20/25 8:15,0.289,W
7/20/25 8:30,0.359,W
7/20/25 8:45,0.254,W
7/20/25 9:00,0.237,W
7/20/25 9:15,0.273,W
7/20/25 9:30,0.265,W
7/20/25 9:45,0.226,W
7/20/25 10:00,0.224,W
7/20/25 10:15,0.24,W
7/20/25 10:30,0.247,W
7/20/25 10:45,0.221,W
7/20/25 11:00,0.41,W
7/20/25 11:15,0.382,W
7/20/25 11:30,0.47,W
7/20/25 11:45,0.488,W
7/20/25 12:00,0.576,W
7/20/25 12:15,0.497,W
7/20/25 12:30,0.328,W
7/20/25 12:45,0.279,W
7/20/25 13:00,0.31,W
7/20/25 13:15,0.348,W
7/20/25 13:30,0.426,W
7/20/25 13:45,0.303,W
7/20/25 14:00,0.185,W
7/20/25 14:15,0.237,W
7/20/25 14:30,0.208,W
7/20/25 14:45,0.217,W
7/20/25 15:00,0.266,W
7/20/25 15:15,0.256,W
7/20/25 15:30,0.317,W
7/20/25 15:45,0.281,W
7/20/25 16:00,0.335,W
7/20/25 16:15,0.409,W
7/20/25 16:30,0.434,W
7/20/25 16:45,0.444,W
7/20/25 17:00,0.437,W
7/20/25 17:15,0.426,W
7/20/25 17:30,0.461,W
7/20/25 17:45,0.475,W
7/20/25 18:00,0.446,W
7/20/25 18:15,0.427,W
7/20/25 18:30,0.334,W
7/20/25 18:45,0.292,W
7/20/25 19:00,0.257,W
7/20/25 19:15,0.296,W
7/20/25 19:30,0.29,W
7/20/25 19:45,0.295,W
7/20/25 20:00,0.287,W
7/20/25 20:15,0.263,W
7/20/25 20:30,0.323,W
7/20/25 20:45,0.389,W
7/20/25 21:00,0.349,W
7/20/25 21:15,0.32,W
7/20/25 21:30,0.393,W
7/20/25 21:45,0.454,W
7/20/25 22:00,0.334,W
7/20/25 22:15,0.38,W
7/20/25 22:30,0.371,W
7/20/25 22:45,0.346,W
7/20/25 23:00,0.372,W
7/20/25 23:15,0.356,W
7/20/25 23:30,0.293,W
7/20/25 23:45,0.211,W
7/21/25 0:00,0.23,W
7/21/25 0:15,0.145,W
7/21/25 0:30,0.12,W
7/21/25 0:45,0.145,W
7/21/25 1:00,0.125,W
7/21/25 1:15,0.099,W
7/21/25 1:30,0.153,W
7/21/25 1:45,0.278,W
7/21/25 2:00,0.266,W
7/21/25 2:15,0.253,W
7/21/25 2:30,0.239,W
7/21/25 2:45,0.241,W
7/21/25 3:00,0.272,W
7/21/25 3:15,0.261,W
7/21/25 3:30,0.257,W
7/21/25 3:45,0.285,W
7/21/25 4:00,0.27,W
7/21/25 4:15,0.255,W
7/21/25 4:30,0.235,W
7/21/25 4:45,0.13,W
7/21/25 5:00,0.135,W
7/21/25 5:15,0.126,W
7/21/25 5:30,0.156,W
7/21/25 5:45,0.262,W
7/21/25 6:00,0.318,W
7/21/25 6:15,0.182,W
7/21/25 6:30,0.158,W
7/21/25 6:45,0.306,W
7/21/25 7:00,0.35,W
7/21/25 7:15,0.297,W
7/21/25 7:30,0.303,W
7/21/25 7:45,0.385,W
7/21/25 8:00,0.306,W
7/21/25 8:15,0.273,W
7/21/25 8:30,0.29,W
7/21/25 8:45,0.317,W
7/21/25 9:00,0.319,W
7/21/25 9:15,0.329,W
7/21/25 9:30,0.32,W
7/21/25 9:45,0.323,W
7/21/25 10:00,0.47,W
7/21/25 10:15,0.452,W
7/21/25 10:30,0.422,W
7/21/25 10:45,0.377,W
7/21/25 11:00,0.366,W
7/21/25 11:15,0.539,W
7/21/25 11:30,0.459,W
7/21/25 11:45,0.358,W
7/21/25 12:00,0.393,W
7/21/25 12:15,0.567,W
7/21/25 12:30,0.589,W
7/21/25 12:45,0.647,W
7/21/25 13:00,0.551,W
7/21/25 13:15,0.319,W
7/21/25 13:30,0.195,W
7/21/25 13:45,0.172,W
7/21/25 14:00,0.102,W
7/21/25 14:15,0.135,W
7/21/25 14:30,0.16,W
7/21/25 14:45,0.335,W
7/21/25 15:00,0.479,W
7/21/25 15:15,0.642,W
7/21/25 15:30,0.882,W
7/21/25 15:45,0.713,W
7/21/25 16:00,0.415,W
7/21/25 16:15,0.572,W
7/21/25 16:30,0.648,W
7/21/25 16:45,0.786,W
7/21/25 17:00,0.499,W
7/21/25 17:15,0.475,W
7/21/25 17:30,0.501,W
7/21/25 17:45,0.362,W
7/21/25 18:00,0.349,W
7/21/25 18:15,0.375,W
7/21/25 18:30,0.428,W
7/21/25 18:45,0.488,W
7/21/25 19:00,0.484,W
7/21/25 19:15,0.528,W
7/21/25 19:30,0.534,W
7/21/25 19:45,0.554,W
7/21/25 20:00,0.547,W
7/21/25 20:15,0.553,W
7/21/25 20:30,0.575,W
7/21/25 20:45,0.539,W
7/21/25 21:00,0.265,W
7/21/25 21:15,0.201,W
7/21/25 21:30,0.27,W
7/21/25 21:45,0.276,W
7/21/25 22:00,0.289,W
7/21/25 22:15,0.414,W
7/21/25 22:30,0.256,W
7/21/25 22:45,0.242,W
7/21/25 23:00,0.22,W
7/21/25 23:15,0.212,W
7/21/25 23:30,0.293,W
7/21/25 23:45,0.379,W
7/22/25 0:00,0.341,W
7/22/25 0:15,0.313,W
7/22/25 0:30,0.272,W
7/22/25 0:45,0.274,W
7/22/25 1:00,0.24,W
7/22/25 1:15,0.22,W
7/22/25 1:30,0.223,W
7/22/25 1:45,0.26,W
7/22/25 2:00,0.268,W
7/22/25 2:15,0.245,W
7/22/25 2:30,0.241,W
7/22/25 2:45,0.266,W
7/22/25 3:00,0.271,W
7/22/25 3:15,0.233,W
7/22/25 3:30,0.141,W
7/22/25 3:45,0.108,W
7/22/25 4:00,0.099,W
7/22/25 4:15,0.089,W
7/22/25 4:30,0.087,W
7/22/25 4:45,0.11,W
7/22/25 5:00,0.117,W
7/22/25 5:15,0.122,W
7/22/25 5:30,0.153,W
7/22/25 5:45,0.274,W
7/22/25 6:00,0.279,W
7/22/25 6:15,0.404,W
7/22/25 6:30,0.233,W
7/22/25 6:45,0.332,W
7/22/25 7:00,0.262,W
7/22/25 7:15,0.287,W
7/22/25 7:30,0.278,W
7/22/25 7:45,0.281,W
7/22/25 8:00,0.296,W
7/22/25 8:15,0.287,W
7/22/25 8:30,0.258,W
7/22/25 8:45,0.282,W
7/22/25 9:00,0.314,W
7/22/25 9:15,0.344,W
7/22/25 9:30,0.299,W
7/22/25 9:45,0.285,W
7/22/25 10:00,0.3,W
7/22/25 10:15,0.258,W
7/22/25 10:30,0.135,W
7/22/25 10:45,0.138,W
7/22/25 11:00,0.182,W
7/22/25 11:15,0.285,W
7/22/25 11:30,0.701,W
7/22/25 11:45,0.377,W
7/22/25 12:00,0.307,W
7/22/25 12:15,0.328,W
7/22/25 12:30,0.304,W
7/22/25 12:45,0.288,W
7/22/25 13:00,0.31,W
7/22/25 13:15,0.326,W
7/22/25 13:30,0.306,W
7/22/25 13:45,0.287,W
7/22/25 14:00,0.301,W
7/22/25 14:15,0.32,W
7/22/25 14:30,0.28,W
7/22/25 14:45,0.303,W
7/22/25 15:00,0.303,W
7/22/25 15:15,0.289,W
7/22/25 15:30,0.28,W
7/22/25 15:45,0.209,W
7/22/25 16:00,0.131,W
7/22/25 16:15,0.143,W
7/22/25 16:30,0.174,W
7/22/25 16:45,0.126,W
7/22/25 17:00,0.14,W
7/22/25 17:15,0.207,W
7/22/25 17:30,0.2,W
7/22/25 17:45,0.297,W
7/22/25 18:00,0.333,W
7/22/25 18:15,0.358,W
7/22/25 18:30,0.357,W
7/22/25 18:45,0.318,W
7/22/25 19:00,0.331,W
7/22/25 19:15,0.385,W
7/22/25 19:30,0.38,W
7/22/25 19:45,0.382,W
7/22/25 20:00,0.413,W
7/22/25 20:15,0.418,W
7/22/25 20:30,0.388,W
7/22/25 20:45,0.402,W
7/22/25 21:00,0.395,W
7/22/25 21:15,0.397,W
7/22/25 21:30,0.273,W
7/22/25 21:45,0.316,W
7/22/25 22:00,0.301,W
7/22/25 22:15,0.262,W
7/22/25 22:30,0.283,W
7/22/25 22:45,0.262,W
7/22/25 23:00,0.232,W
7/22/25 23:15,0.186,W
7/22/25 23:30,0.211,W
7/22/25 23:45,0.305,W
7/23/25 0:00,0.303,W
7/23/25 0:15,0.227,W
7/23/25 0:30,0.25,W
7/23/25 0:45,0.25,W
7/23/25 1:00,0.234,W
7/23/25 1:15,0.218,W
7/23/25 1:30,0.269,W
7/23/25 1:45,0.26,W
7/23/25 2:00,0.247,W
7/23/25 2:15,0.238,W
7/23/25 2:30,0.235,W
7/23/25 2:45,0.233,W
7/23/25 3:00,0.247,W
7/23/25 3:15,0.24,W
7/23/25 3:30,0.084,W
7/23/25 3:45,0.115,W
7/23/25 4:00,0.109,W
7/23/25 4:15,0.063,W
7/23/25 4:30,0.081,W
7/23/25 4:45,0.122,W
7/23/25 5:00,0.137,W
7/23/25 5:15,0.125,W
7/23/25 5:30,0.186,W
7/23/25 5:45,0.265,W
7/23/25 6:00,0.232,W
7/23/25 6:15,0.328,W
7/23/25 6:30,0.325,W
7/23/25 6:45,1.058,W
7/23/25 7:00,0.393,W
7/23/25 7:15,0.412,W
7/23/25 7:30,0.777,W
7/23/25 7:45,0.277,W
7/23/25 8:00,0.633,W
7/23/25 8:15,0.567,W
7/23/25 8:30,0.906,W
7/23/25 8:45,0.403,W
7/23/25 9:00,0.201,W
7/23/25 9:15,0.162,W
7/23/25 9:30,0.144,W
7/23/25 9:45,0.115,W
7/23/25 10:00,0.156,W
7/23/25 10:15,0.149,W
7/23/25 10:30,0.17,W
7/23/25 10:45,0.231,W
7/23/25 11:00,0.351,W
7/23/25 11:15,0.492,W
7/23/25 11:30,0.487,W
7/23/25 11:45,0.374,W
7/23/25 12:00,0.558,W
7/23/25 12:15,0.32,W
7/23/25 12:30,0.225,W
7/23/25 12:45,0.209,W
7/23/25 13:00,0.228,W
7/23/25 13:15,0.24,W
7/23/25 13:30,0.258,W
7/23/25 13:45,0.276,W
7/23/25 14:00,0.254,W
7/23/25 14:15,0.252,W
7/23/25 14:30,0.245,W
7/23/25 14:45,0.216,W
7/23/25 15:00,0.22,W
7/23/25 15:15,0.303,W
7/23/25 15:30,0.278,W
7/23/25 15:45,0.351,W
7/23/25 16:00,0.234,W
7/23/25 16:15,0.299,W
7/23/25 16:30,0.331,W
7/23/25 16:45,0.308,W
7/23/25 17:00,0.62,W
7/23/25 17:15,0.312,W
7/23/25 17:30,0.314,W
7/23/25 17:45,0.281,W
7/23/25 18:00,0.319,W
7/23/25 18:15,0.351,W
7/23/25 18:30,0.432,W
7/23/25 18:45,0.415,W
7/23/25 19:00,0.317,W
7/23/25 19:15,0.376,W
7/23/25 19:30,0.435,W
7/23/25 19:45,0.404,W
7/23/25 20:00,0.331,W
7/23/25 20:15,0.337,W
7/23/25 20:30,0.379,W
7/23/25 20:45,0.386,W
7/23/25 21:00,0.384,W
7/23/25 21:15,0.396,W
7/23/25 21:30,0.365,W
7/23/25 21:45,0.299,W
7/23/25 22:00,0.256,W
7/23/25 22:15,0.229,W
7/23/25 22:30,0.227,W
7/23/25 22:45,0.261,W
7/23/25 23:00,0.246,W
7/23/25 23:15,0.183,W
7/23/25 23:30,0.153,W
7/23/25 23:45,0.125,W
7/24/25 0:00,0.12,W
7/24/25 0:15,0.223,W
7/24/25 0:30,0.27,W
7/24/25 0:45,0.275,W
7/24/25 1:00,0.29,W
7/24/25 1:15,0.274,W
7/24/25 1:30,0.249,W
7/24/25 1:45,0.245,W
7/24/25 2:00,0.254,W
7/24/25 2:15,0.279,W
7/24/25 2:30,0.343,W
7/24/25 2:45,0.271,W
7/24/25 3:00,0.209,W
7/24/25 3:15,0.146,W
7/24/25 3:30,0.112,W
7/24/25 3:45,0.076,W
7/24/25 4:00,0.086,W
7/24/25 4:15,0.119,W
7/24/25 4:30,0.113,W
7/24/25 4:45,0.087,W
7/24/25 5:00,0.121,W
7/24/25 5:15,0.173,W
7/24/25 5:30,0.257,W
7/24/25 5:45,0.245,W
7/24/25 6:00,0.249,W
7/24/25 6:15,0.243,W
7/24/25 6:30,0.259,W
7/24/25 6:45,0.241,W
7/24/25 7:00,0.261,W
7/24/25 7:15,0.252,W
7/24/25 7:30,0.242,W
7/24/25 7:45,0.371,W
7/24/25 8:00,0.232,W
7/24/25 8:15,0.217,W
7/24/25 8:30,0.24,W
7/24/25 8:45,0.271,W
7/24/25 9:00,0.245,W
7/24/25 9:15,0.239,W
7/24/25 9:30,0.265,W
7/24/25 9:45,0.253,W
7/24/25 10:00,0.231,W
7/24/25 10:15,0.241,W
7/24/25 10:30,0.221,W
7/24/25 10:45,0.148,W
7/24/25 11:00,0.123,W
7/24/25 11:15,0.111,W
7/24/25 11:30,0.12,W
7/24/25 11:45,0.143,W
7/24/25 12:00,0.38,W
7/24/25 12:15,0.406,W
7/24/25 12:30,0.299,W
7/24/25 12:45,0.549,W
7/24/25 13:00,0.55,W
7/24/25 13:15,0.544,W
7/24/25 13:30,0.656,W
7/24/25 13:45,0.283,W
7/24/25 14:00,0.281,W
7/24/25 14:15,0.314,W
7/24/25 14:30,0.605,W
7/24/25 14:45,0.623,W
7/24/25 15:00,0.331,W
7/24/25 15:15,0.289,W
7/24/25 15:30,0.172,W
7/24/25 15:45,0.168,W
7/24/25 16:00,0.141,W
7/24/25 16:15,0.224,W
7/24/25 16:30,0.219,W
7/24/25 16:45,0.196,W
7/24/25 17:00,0.5,W
7/24/25 17:15,0.478,W
7/24/25 17:30,0.321,W
7/24/25 17:45,0.392,W
7/24/25 18:00,0.333,W
7/24/25 18:15,0.317,W
7/24/25 18:30,0.312,W
7/24/25 18:45,0.304,W
7/24/25 19:00,0.306,W
7/24/25 19:15,0.299,W
7/24/25 19:30,0.316,W
7/24/25 19:45,0.35,W
7/24/25 20:00,0.406,W
7/24/25 20:15,0.419,W
7/24/25 20:30,0.274,W
7/24/25 20:45,0.264,W
7/24/25 21:00,0.255,W
7/24/25 21:15,0.248,W
7/24/25 21:30,0.239,W
7/24/25 21:45,0.263,W
7/24/25 22:00,0.319,W
7/24/25 22:15,0.299,W
7/24/25 22:30,0.264,W
7/24/25 22:45,0.343,W
7/24/25 23:00,0.324,W
7/24/25 23:15,0.369,W
7/24/25 23:30,0.337,W
7/24/25 23:45,0.267,W
7/25/25 0:00,0.247,W
7/25/25 0:15,0.273,W
7/25/25 0:30,0.266,W
7/25/25 0:45,0.263,W
7/25/25 1:00,0.246,W
7/25/25 1:15,0.249,W
7/25/25 1:30,0.283,W
7/25/25 1:45,0.266,W
7/25/25 2:00,0.12,W
7/25/25 2:15,0.121,W
7/25/25 2:30,0.138,W
7/25/25 2:45,0.127,W
7/25/25 3:00,0.125,W
7/25/25 3:15,0.138,W
7/25/25 3:30,0.431,W
7/25/25 3:45,0.194,W
7/25/25 4:00,0.404,W
7/25/25 4:15,0.508,W
7/25/25 4:30,0.26,W
7/25/25 4:45,0.267,W
7/25/25 5:00,0.489,W
7/25/25 5:15,0.704,W
7/25/25 5:30,0.248,W
7/25/25 5:45,0.268,W
7/25/25 6:00,0.257,W
7/25/25 6:15,0.233,W
7/25/25 6:30,0.143,W
7/25/25 6:45,0.129,W
7/25/25 7:00,0.165,W
7/25/25 7:15,0.239,W
7/25/25 7:30,0.124,W
7/25/25 7:45,0.297,W
7/25/25 8:00,0.245,W
7/25/25 8:15,0.35,W
7/25/25 8:30,0.374,W
7/25/25 8:45,0.358,W
7/25/25 9:00,0.659,W
7/25/25 9:15,0.3,W
7/25/25 9:30,0.323,W
7/25/25 9:45,0.297,W
7/25/25 10:00,0.281,W
7/25/25 10:15,0.329,W
7/25/25 10:30,0.331,W
7/25/25 10:45,0.305,W
7/25/25 11:00,0.276,W
7/25/25 11:15,0.277,W
7/25/25 11:30,0.384,W
7/25/25 11:45,0.735,W
7/25/25 12:00,0.742,W
7/25/25 12:15,0.517,W
7/25/25 12:30,0.326,W
7/25/25 12:45,0.332,W
7/25/25 13:00,0.649,W
7/25/25 13:15,0.655,W
7/25/25 13:30,0.661,W
7/25/25 13:45,0.313,W
7/25/25 14:00,0.32,W
7/25/25 14:15,0.267,W
7/25/25 14:30,0.157,W
7/25/25 14:45,0.181,W
7/25/25 15:00,0.299,W
7/25/25 15:15,0.316,W
7/25/25 15:30,0.319,W
7/25/25 15:45,0.408,W
7/25/25 16:00,0.4,W
7/25/25 16:15,0.361,W
7/25/25 16:30,0.454,W
7/25/25 16:45,0.446,W
7/25/25 17:00,0.766,W
7/25/25 17:15,0.702,W
7/25/25 17:30,0.821,W
7/25/25 17:45,1.117,W
7/25/25 18:00,0.816,W
7/25/25 18:15,0.411,W
7/25/25 18:30,0.829,W
7/25/25 18:45,0.695,W
7/25/25 19:00,0.531,E
7/25/25 19:15,0.539,E
7/25/25 19:30,0.686,E
7/25/25 19:45,0.379,W
7/25/25 20:00,0.468,W
7/25/25 20:15,0.521,W
7/25/25 20:30,0.545,W
7/25/25 20:45,0.538,W
7/25/25 21:00,0.545,W
7/25/25 21:15,0.554,W
7/25/25 21:30,0.408,W
7/25/25 21:45,0.351,W
7/25/25 22:00,0.558,W
7/25/25 22:15,0.256,W
7/25/25 22:30,0.245,W
7/25/25 22:45,0.266,W
7/25/25 23:00,0.208,W
7/25/25 23:15,0.2,W
7/25/25 23:30,0.224,W
7/25/25 23:45,0.222,W
7/26/25 0:00,0.236,W
7/26/25 0:15,0.162,W
7/26/25 0:30,0.228,W
7/26/25 0:45,0.269,W
7/26/25 1:00,0.279,W
7/26/25 1:15,0.244,W
7/26/25 1:30,0.239,W
7/26/25 1:45,0.265,W
7/26/25 2:00,0.258,W
7/26/25 2:15,0.27,W
7/26/25 2:30,0.268,W
7/26/25 2:45,0.24,W
7/26/25 3:00,0.251,W
7/26/25 3:15,0.283,W
7/26/25 3:30,0.126,W
7/26/25 3:45,0.111,W
7/26/25 4:00,0.137,W
7/26/25 4:15,0.158,W
7/26/25 4:30,0.129,W
7/26/25 4:45,0.118,W
7/26/25 5:00,0.136,W
7/26/25 5:15,0.149,W
7/26/25 5:30,0.135,W
7/26/25 5:45,0.257,W
7/26/25 6:00,0.252,W
7/26/25 6:15,0.286,W
7/26/25 6:30,0.278,W
7/26/25 6:45,0.255,W
7/26/25 7:00,0.238,W
7/26/25 7:15,0.237,W
7/26/25 7:30,0.226,W
7/26/25 7:45,0.382,W
7/26/25 8:00,0.32,W
7/26/25 8:15,0.26,W
7/26/25 8:30,0.248,W
7/26/25 8:45,0.816,W
7/26/25 9:00,0.249,W
7/26/25 9:15,0.272,W
7/26/25 9:30,0.294,W
7/26/25 9:45,0.273,W
7/26/25 10:00,0.239,W
7/26/25 10:15,0.309,W
7/26/25 10:30,0.505,W
7/26/25 10:45,0.326,W
7/26/25 11:00,0.402,W
7/26/25 11:15,0.384,W
7/26/25 11:30,0.533,W
7/26/25 11:45,1.2,W
7/26/25 12:00,0.87,W
7/26/25 12:15,0.501,W
7/26/25 12:30,0.373,W
7/26/25 12:45,0.397,W
7/26/25 13:00,0.515,W
7/26/25 13:15,0.585,W
7/26/25 13:30,0.661,W
7/26/25 13:45,0.579,W
7/26/25 14:00,0.226,W
7/26/25 14:15,0.162,W
7/26/25 14:30,0.146,W
7/26/25 14:45,0.133,W
7/26/25 15:00,0.17,W
7/26/25 15:15,0.23,W
7/26/25 15:30,0.287,W
7/26/25 15:45,0.271,W
7/26/25 16:00,0.254,W
7/26/25 16:15,0.367,W
7/26/25 16:30,0.423,W
7/26/25 16:45,0.504,W
7/26/25 17:00,0.559,W
7/26/25 17:15,0.385,W
7/26/25 17:30,0.282,W
7/26/25 17:45,0.327,W
7/26/25 18:00,0.364,W
7/26/25 18:15,0.279,W
7/26/25 18:30,0.31,W
7/26/25 18:45,0.336,W
7/26/25 19:00,0.337,W
7/26/25 19:15,0.362,W
7/26/25 19:30,0.354,W
7/26/25 19:45,0.326,W
7/26/25 20:00,0.202,W
7/26/25 20:15,0.25,W
7/26/25 20:30,0.274,W
7/26/25 20:45,0.239,W
7/26/25 21:00,0.255,W
7/26/25 21:15,0.265,W
7/26/25 21:30,0.248,W
7/26/25 21:45,0.226,W
7/26/25 22:00,0.221,W
7/26/25 22:15,0.296,W
7/26/25 22:30,0.416,W
7/26/25 22:45,0.419,W
7/26/25 23:00,0.315,W
7/26/25 23:15,0.334,W
7/26/25 23:30,0.355,W
7/26/25 23:45,0.343,W
7/27/25 0:00,0.346,W
7/27/25 0:15,0.351,W
7/27/25 0:30,0.271,W
7/27/25 0:45,0.272,W
7/27/25 1:00,0.251,W
7/27/25 1:15,0.119,W
7/27/25 1:30,0.143,W
7/27/25 1:45,0.142,W
7/27/25 2:00,0.139,W
7/27/25 2:15,0.147,W
7/27/25 2:30,0.157,W
7/27/25 2:45,0.134,W
7/27/25 3:00,0.128,W
7/27/25 3:15,0.121,W
7/27/25 3:30,0.204,W
7/27/25 3:45,0.263,W
7/27/25 4:00,0.287,W
7/27/25 4:15,0.244,W
7/27/25 4:30,0.24,W
7/27/25 4:45,0.271,W
7/27/25 5:00,0.257,W
7/27/25 5:15,0.239,W
7/27/25 5:30,0.244,W
7/27/25 5:45,0.266,W
7/27/25 6:00,0.104,W
7/27/25 6:15,0.086,W
7/27/25 6:30,0.106,W
7/27/25 6:45,0.111,W
7/27/25 7:00,0.096,W
7/27/25 7:15,0.127,W
7/27/25 7:30,0.196,W
7/27/25 7:45,0.489,W
7/27/25 8:00,0.55,W
7/27/25 8:15,0.364,W
7/27/25 8:30,0.325,W
7/27/25 8:45,0.332,W
7/27/25 9:00,0.325,W
7/27/25 9:15,0.32,W
7/27/25 9:30,0.733,W
7/27/25 9:45,0.615,W
7/27/25 10:00,0.279,W
7/27/25 10:15,0.86,W
7/27/25 10:30,0.253,W
7/27/25 10:45,0.228,W
7/27/25 11:00,0.299,W
7/27/25 11:15,0.418,W
7/27/25 11:30,0.416,W
7/27/25 11:45,0.373,W
7/27/25 12:00,0.582,W
7/27/25 12:15,0.344,W
7/27/25 12:30,0.265,W
7/27/25 12:45,0.256,W
7/27/25 13:00,0.248,W
7/27/25 13:15,0.304,W
7/27/25 13:30,0.315,W
7/27/25 13:45,0.282,W
7/27/25 14:00,0.289,W
7/27/25 14:15,0.516,W
7/27/25 14:30,0.328,W
7/27/25 14:45,0.564,W
7/27/25 15:00,0.386,W
7/27/25 15:15,0.72,W
7/27/25 15:30,0.629,W
7/27/25 15:45,0.216,W
7/27/25 16:00,0.233,W
7/27/25 16:15,0.328,W
7/27/25 16:30,0.479,W
7/27/25 16:45,0.487,W
7/27/25 17:00,0.421,W
7/27/25 17:15,0.388,W
7/27/25 17:30,0.408,W
7/27/25 17:45,0.495,W
7/27/25 18:00,0.457,W
7/27/25 18:15,0.476,W
7/27/25 18:30,0.853,W
7/27/25 18:45,0.818,W
7/27/25 19:00,0.799,W
7/27/25 19:15,0.486,W
7/27/25 19:30,0.285,W
7/27/25 19:45,0.284,W
7/27/25 20:00,0.323,W
7/27/25 20:15,0.382,W
7/27/25 20:30,0.371,W
7/27/25 20:45,0.369,W
7/27/25 21:00,0.394,W
7/27/25 21:15,0.335,W
7/27/25 21:30,0.658,W
7/27/25 21:45,0.705,W
7/27/25 22:00,0.832,W
7/27/25 22:15,0.688,W
7/27/25 22:30,0.692,W
7/27/25 22:45,0.69,W
7/27/25 23:00,0.719,W
7/27/25 23:15,0.708,W
7/27/25 23:30,0.671,W
7/27/25 23:45,0.653,W
7/28/25 0:00,0.637,W
7/28/25 0:15,0.622,W
7/28/25 0:30,0.612,W
7/28/25 0:45,0.285,W
7/28/25 1:00,0.112,W
7/28/25 1:15,0.144,W
7/28/25 1:30,0.165,W
7/28/25 1:45,0.12,W
7/28/25 2:00,0.092,W
7/28/25 2:15,0.297,W
7/28/25 2:30,0.248,W
7/28/25 2:45,0.229,W
7/28/25 3:00,0.236,W
7/28/25 3:15,0.276,W
7/28/25 3:30,0.296,W
7/28/25 3:45,0.268,W
7/28/25 4:00,0.236,W
7/28/25 4:15,0.253,W
7/28/25 4:30,0.289,W
7/28/25 4:45,0.265,W
7/28/25 5:00,0.271,W
7/28/25 5:15,0.343,W
7/28/25 5:30,0.213,W
7/28/25 5:45,0.125,W
7/28/25 6:00,0.113,W
7/28/25 6:15,0.108,W
7/28/25 6:30,0.142,W
7/28/25 6:45,0.168,W
7/28/25 7:00,0.135,W
7/28/25 7:15,0.108,W
7/28/25 7:30,0.192,W
7/28/25 7:45,0.248,W
7/28/25 8:00,0.25,W
7/28/25 8:15,0.245,W
7/28/25 8:30,0.247,W
7/28/25 8:45,0.287,W
7/28/25 9:00,0.282,W
7/28/25 9:15,0.205,W
7/28/25 9:30,0.212,W
7/28/25 9:45,0.231,W
7/28/25 10:00,0.244,W
7/28/25 10:15,0.21,W
7/28/25 10:30,0.241,W
7/28/25 10:45,0.284,W
7/28/25 11:00,0.248,W
7/28/25 11:15,0.218,W
7/28/25 11:30,0.346,W
7/28/25 11:45,0.33,W
7/28/25 12:00,0.265,W
7/28/25 12:15,0.34,W
7/28/25 12:30,0.303,W
7/28/25 12:45,0.261,W
7/28/25 13:00,0.275,W
7/28/25 13:15,0.265,W
7/28/25 13:30,0.141,W
7/28/25 13:45,0.144,W
7/28/25 14:00,0.159,W
7/28/25 14:15,0.252,W
7/28/25 14:30,0.285,W
7/28/25 14:45,0.272,W
7/28/25 15:00,0.266,W
7/28/25 15:15,0.175,W
7/28/25 15:30,0.201,W
7/28/25 15:45,0.281,W
7/28/25 16:00,0.315,W
7/28/25 16:15,0.3,W
7/28/25 16:30,0.281,W
7/28/25 16:45,0.37,W
7/28/25 17:00,0.474,W
7/28/25 17:15,0.843,W
7/28/25 17:30,0.553,W
7/28/25 17:45,0.44,W
7/28/25 18:00,0.487,W
7/28/25 18:15,0.519,W
7/28/25 18:30,0.451,W
7/28/25 18:45,0.298,W
7/28/25 19:00,0.314,W
7/28/25 19:15,0.325,W
7/28/25 19:30,0.231,W
7/28/25 19:45,0.22,W
7/28/25 20:00,0.188,W
7/28/25 20:15,0.203,W
7/28/25 20:30,0.224,W
7/28/25 20:45,0.235,W
7/28/25 21:00,0.268,W
7/28/25 21:15,0.272,W
7/28/25 21:30,0.394,W
7/28/25 21:45,0.394,W
7/28/25 22:00,0.39,W
7/28/25 22:15,0.385,W
7/28/25 22:30,0.374,W
7/28/25 22:45,0.381,W
7/28/25 23:00,0.391,W
7/28/25 23:15,0.404,W
7/28/25 23:30,0.383,W
7/28/25 23:45,0.358,W
7/29/25 0:00,0.369,W
7/29/25 0:15,0.378,W
7/29/25 0:30,0.304,W
7/29/25 0:45,0.221,W
7/29/25 1:00,0.143,W
7/29/25 1:15,0.129,W
7/29/25 1:30,0.16,W
7/29/25 1:45,0.165,W
7/29/25 2:00,0.129,W
7/29/25 2:15,0.123,W
7/29/25 2:30,0.149,W
7/29/25 2:45,0.212,W
7/29/25 3:00,0.262,W
7/29/25 3:15,0.253,W
7/29/25 3:30,0.245,W
7/29/25 3:45,0.279,W
7/29/25 4:00,0.273,W
7/29/25 4:15,0.256,W
7/29/25 4:30,0.28,W
7/29/25 4:45,0.26,W
7/29/25 5:00,0.297,W
7/29/25 5:15,0.289,W
7/29/25 5:30,0.139,W
7/29/25 5:45,0.087,W
7/29/25 6:00,0.099,W
7/29/25 6:15,0.158,W
7/29/25 6:30,0.13,W
7/29/25 6:45,0.106,W
7/29/25 7:00,0.178,W
7/29/25 7:15,0.164,W
7/29/25 7:30,0.247,W
7/29/25 7:45,0.447,W
7/29/25 8:00,0.314,W
7/29/25 8:15,0.289,W
7/29/25 8:30,0.291,W
7/29/25 8:45,0.274,W
7/29/25 9:00,0.276,W
7/29/25 9:15,0.285,W
7/29/25 9:30,0.272,W
7/29/25 9:45,0.32,W
7/29/25 10:00,0.326,W
7/29/25 10:15,0.487,W
7/29/25 10:30,0.523,W
7/29/25 10:45,0.655,W
7/29/25 11:00,0.497,W
7/29/25 11:15,0.291,W
7/29/25 11:30,0.439,W
7/29/25 11:45,0.339,W
7/29/25 12:00,0.318,W
7/29/25 12:15,0.697,W
7/29/25 12:30,0.693,W
7/29/25 12:45,0.306,W
7/29/25 13:00,0.862,W
7/29/25 13:15,0.306,W
7/29/25 13:30,0.273,W
7/29/25 13:45,0.155,W
7/29/25 14:00,0.122,W
7/29/25 14:15,0.141,W
7/29/25 14:30,0.153,W
7/29/25 14:45,0.164,W
7/29/25 15:00,0.161,W
7/29/25 15:15,0.203,W
7/29/25 15:30,0.322,W
7/29/25 15:45,0.431,W
7/29/25 16:00,0.412,W
7/29/25 16:15,0.38,W
7/29/25 16:30,0.378,W
7/29/25 16:45,0.377,W
7/29/25 17:00,0.391,W
7/29/25 17:15,0.344,W
7/29/25 17:30,0.3,W
7/29/25 17:45,0.284,W
7/29/25 18:00,0.374,W
7/29/25 18:15,0.322,W
7/29/25 18:30,0.291,W
7/29/25 18:45,0.283,W
7/29/25 19:00,0.26,W
7/29/25 19:15,0.297,W
7/29/25 19:30,0.302,W
7/29/25 19:45,0.161,W
7/29/25 20:00,0.299,W
7/29/25 20:15,0.361,W
7/29/25 20:30,0.387,W
7/29/25 20:45,0.547,W
7/29/25 21:00,0.16,W
7/29/25 21:15,0.127,W
7/29/25 21:30,0.261,W
7/29/25 21:45,0.384,W
7/29/25 22:00,0.343,W
7/29/25 22:15,0.335,W
7/29/25 22:30,0.32,W
7/29/25 22:45,0.357,W
7/29/25 23:00,0.332,W
7/29/25 23:15,0.346,W
7/29/25 23:30,0.32,W
7/29/25 23:45,0.321,W
7/30/25 0:00,0.351,W
7/30/25 0:15,0.356,W
7/30/25 0:30,0.358,W
7/30/25 0:45,0.333,W
7/30/25 1:00,0.129,W
7/30/25 1:15,0.127,W
7/30/25 1:30,0.119,W
7/30/25 1:45,0.104,W
7/30/25 2:00,0.111,W
7/30/25 2:15,0.11,W
7/30/25 2:30,0.104,W
7/30/25 2:45,0.101,W
7/30/25 3:00,0.194,W
7/30/25 3:15,0.242,W
7/30/25 3:30,0.216,W
7/30/25 3:45,0.223,W
7/30/25 4:00,0.244,W
7/30/25 4:15,0.283,W
7/30/25 4:30,0.312,W
7/30/25 4:45,0.27,W
7/30/25 5:00,0.25,W
7/30/25 5:15,0.296,W
7/30/25 5:30,0.226,W
7/30/25 5:45,0.139,W
7/30/25 6:00,0.146,W
7/30/25 6:15,0.137,W
7/30/25 6:30,0.119,W
7/30/25 6:45,0.126,W
7/30/25 7:00,0.11,W
7/30/25 7:15,0.108,W
7/30/25 7:30,0.156,W
7/30/25 7:45,0.422,W
7/30/25 8:00,0.323,W
7/30/25 8:15,0.282,W
7/30/25 8:30,0.257,W
7/30/25 8:45,0.264,W
7/30/25 9:00,0.275,W
7/30/25 9:15,0.27,W
7/30/25 9:30,0.251,W
7/30/25 9:45,0.291,W
7/30/25 10:00,0.296,W
7/30/25 10:15,0.235,W
7/30/25 10:30,0.225,W
7/30/25 10:45,0.24,W
7/30/25 11:00,0.248,W
7/30/25 11:15,0.458,W
7/30/25 11:30,0.591,W
7/30/25 11:45,0.405,W
7/30/25 12:00,0.328,W
7/30/25 12:15,0.326,W
7/30/25 12:30,0.289,W
7/30/25 12:45,0.258,W
7/30/25 13:00,0.344,W
7/30/25 13:15,0.359,W
7/30/25 13:30,0.314,W
7/30/25 13:45,0.267,W
7/30/25 14:00,0.224,W
7/30/25 14:15,0.168,W
7/30/25 14:30,0.174,W
7/30/25 14:45,0.174,W
7/30/25 15:00,0.255,W
7/30/25 15:15,0.275,W
7/30/25 15:30,0.211,W
7/30/25 15:45,0.251,W
7/30/25 16:00,0.336,W
7/30/25 16:15,0.355,W
7/30/25 16:30,0.334,W
7/30/25 16:45,0.37,W
7/30/25 17:00,0.412,W
7/30/25 17:15,0.381,W
7/30/25 17:30,0.337,W
7/30/25 17:45,0.312,W
7/30/25 18:00,0.378,W
7/30/25 18:15,0.359,W
7/30/25 18:30,0.267,W
7/30/25 18:45,0.323,W
7/30/25 19:00,0.28,W
7/30/25 19:15,0.335,W
7/30/25 19:30,0.329,W
7/30/25 19:45,0.321,W
7/30/25 20:00,0.318,W
7/30/25 20:15,0.321,W
7/30/25 20:30,0.269,W
7/30/25 20:45,0.275,W
7/30/25 21:00,0.208,W
7/30/25 21:15,0.205,W
7/30/25 21:30,0.252,W
7/30/25 21:45,0.245,W
7/30/25 22:00,0.299,W
7/30/25 22:15,0.343,W
7/30/25 22:30,0.306,W
7/30/25 22:45,0.421,W
7/30/25 23:00,0.374,W
7/30/25 23:15,0.355,W
7/30/25 23:30,0.336,W
7/30/25 23:45,0.333,W
7/31/25 0:00,0.331,W
7/31/25 0:15,0.318,W
7/31/25 0:30,0.372,W
7/31/25 0:45,0.244,W
7/31/25 1:00,0.23,W
7/31/25 1:15,0.283,W
7/31/25 1:30,0.157,W
7/31/25 1:45,0.133,W
7/31/25 2:00,0.132,W
7/31/25 2:15,0.125,W
7/31/25 2:30,0.108,W
7/31/25 2:45,0.117,W
7/31/25 3:00,0.105,W
7/31/25 3:15,0.109,W
7/31/25 3:30,0.178,W
7/31/25 3:45,0.282,W
7/31/25 4:00,0.277,W
7/31/25 4:15,0.259,W
7/31/25 4:30,0.212,W
7/31/25 4:45,0.203,W
7/31/25 5:00,0.238,W
7/31/25 5:15,0.281,W
7/31/25 5:30,0.237,W
7/31/25 5:45,0.234,W
7/31/25 6:00,0.152,W
7/31/25 6:15,0.1,W
7/31/25 6:30,0.097,W
7/31/25 6:45,0.108,W
7/31/25 7:00,0.09,W
7/31/25 7:15,0.116,W
7/31/25 7:30,0.355,W
7/31/25 7:45,0.118,W
7/31/25 8:00,0.101,W
7/31/25 8:15,0.233,W
7/31/25 8:30,0.261,W
7/31/25 8:45,0.254,W
7/31/25 9:00,0.227,W
7/31/25 9:15,0.27,W
7/31/25 9:30,0.322,W
7/31/25 9:45,0.282,W
7/31/25 10:00,0.275,W
7/31/25 10:15,0.259,W
7/31/25 10:30,0.273,W
7/31/25 10:45,0.286,W
7/31/25 11:00,0.291,W
7/31/25 11:15,0.334,W
7/31/25 11:30,0.487,W
7/31/25 11:45,0.81,W
7/31/25 12:00,1.185,W
7/31/25 12:15,0.939,W
7/31/25 12:30,0.319,W
7/31/25 12:45,0.308,W
7/31/25 13:00,0.306,W
7/31/25 13:15,0.316,W
7/31/25 13:30,0.287,W
7/31/25 13:45,0.187,W
7/31/25 14:00,0.184,W
7/31/25 14:15,0.186,W
7/31/25 14:30,0.236,W
7/31/25 14:45,0.227,W
7/31/25 15:00,0.176,W
7/31/25 15:15,0.254,W
7/31/25 15:30,0.245,W
7/31/25 15:45,0.267,W
7/31/25 16:00,0.245,W
7/31/25 16:15,0.284,W
7/31/25 16:30,0.417,W
7/31/25 16:45,0.485,W
7/31/25 17:00,0.433,W
7/31/25 17:15,0.364,W
7/31/25 17:30,0.369,W
7/31/25 17:45,0.453,W
7/31/25 18:00,0.456,W
7/31/25 18:15,0.458,W
7/31/25 18:30,0.525,W
7/31/25 18:45,0.277,W
7/31/25 19:00,0.315,W
7/31/25 19:15,0.338,W
7/31/25 19:30,0.488,W
7/31/25 19:45,0.391,W
7/31/25 20:00,0.782,W
7/31/25 20:15,0.899,W
7/31/25 20:30,0.687,W
7/31/25 20:45,0.325,W
7/31/25 21:00,0.241,W
7/31/25 21:15,0.261,W
7/31/25 21:30,0.266,W
7/31/25 21:45,0.249,W
7/31/25 22:00,0.335,W
7/31/25 22:15,0.286,W
7/31/25 22:30,0.257,W
7/31/25 22:45,0.263,W
7/31/25 23:00,0.242,W
7/31/25 23:15,0.196,W
7/31/25 23:30,0.205,W
7/31/25 23:45,0.37,W
8/1/25 0:00,0.363,W
8/1/25 0:15,0.332,W
8/1/25 0:30,0.311,W
8/1/25 0:45,0.297,W
8/1/25 1:00,0.26,W
8/1/25 1:15,0.271,W
8/1/25 1:30,0.276,W
8/1/25 1:45,0.247,W
8/1/25 2:00,0.271,W
8/1/25 2:15,0.278,W
8/1/25 2:30,0.265,W
8/1/25 2:45,0.258,W
8/1/25 3:00,0.097,W
8/1/25 3:15,0.112,W
8/1/25 3:30,0.146,W
8/1/25 3:45,0.13,W
8/1/25 4:00,0.105,W
8/1/25 4:15,0.083,W
8/1/25 4:30,0.097,W
8/1/25 4:45,0.104,W
8/1/25 5:00,0.118,W
8/1/25 5:15,0.249,W
8/1/25 5:30,0.224,W
8/1/25 5:45,0.227,W
8/1/25 6:00,0.252,W
8/1/25 6:15,0.233,W
8/1/25 6:30,0.232,W
8/1/25 6:45,0.237,W
8/1/25 7:00,0.267,W
8/1/25 7:15,0.272,W
8/1/25 7:30,0.27,W
8/1/25 7:45,0.426,W
8/1/25 8:00,0.235,W
8/1/25 8:15,0.247,W
8/1/25 8:30,0.302,W
8/1/25 8:45,0.693,W
8/1/25 9:00,0.778,W
8/1/25 9:15,0.96,W
8/1/25 9:30,1.114,W
8/1/25 9:45,1.178,W
8/1/25 10:00,0.813,W
8/1/25 10:15,0.413,W
8/1/25 10:30,1.119,W
8/1/25 10:45,0.801,W
8/1/25 11:00,0.403,W
8/1/25 11:15,0.348,W
8/1/25 11:30,0.162,W
8/1/25 11:45,0.208,W
8/1/25 12:00,0.53,W
8/1/25 12:15,0.494,W
8/1/25 12:30,0.405,W
8/1/25 12:45,0.441,W
8/1/25 13:00,0.934,W
8/1/25 13:15,0.949,W
8/1/25 13:30,1.126,W
8/1/25 13:45,0.823,W
8/1/25 14:00,1.025,W
8/1/25 14:15,0.591,W
8/1/25 14:30,0.371,W
8/1/25 14:45,0.341,W
8/1/25 15:00,0.313,W
8/1/25 15:15,0.175,W
8/1/25 15:30,0.531,W
8/1/25 15:45,0.313,W
8/1/25 16:00,0.264,W
8/1/25 16:15,0.236,W
8/1/25 16:30,0.234,W
8/1/25 16:45,0.253,W
8/1/25 17:00,0.222,W
8/1/25 17:15,0.217,W
8/1/25 17:30,0.226,W
8/1/25 17:45,0.274,W
8/1/25 18:00,0.669,W
8/1/25 18:15,0.724,W
8/1/25 18:30,0.466,W
8/1/25 18:45,0.326,W
8/1/25 19:00,0.287,W
8/1/25 19:15,0.302,W
8/1/25 19:30,0.323,W
8/1/25 19:45,0.375,W
8/1/25 20:00,0.637,W
8/1/25 20:15,0.316,W
8/1/25 20:30,0.364,W
8/1/25 20:45,0.354,W
8/1/25 21:00,0.364,W
8/1/25 21:15,0.362,W
8/1/25 21:30,0.373,W
8/1/25 21:45,0.431,W
8/1/25 22:00,0.383,W
8/1/25 22:15,0.267,W
8/1/25 22:30,0.217,W
8/1/25 22:45,0.234,W
8/1/25 23:00,0.246,W
8/1/25 23:15,0.242,W
8/1/25 23:30,0.242,W
8/1/25 23:45,0.19,W
8/2/25 0:00,0.166,W
8/2/25 0:15,0.215,W
8/2/25 0:30,0.297,W
8/2/25 0:45,0.329,W
8/2/25 1:00,0.277,W
8/2/25 1:15,0.269,W
8/2/25 1:30,0.245,W
8/2/25 1:45,0.251,W
8/2/25 2:00,0.215,W
8/2/25 2:15,0.228,W
8/2/25 2:30,0.265,W
8/2/25 2:45,0.268,W
8/2/25 3:00,0.267,W
8/2/25 3:15,0.167,W
8/2/25 3:30,0.098,W
8/2/25 3:45,0.108,W
8/2/25 4:00,0.123,W
8/2/25 4:15,0.093,W
8/2/25 4:30,0.108,W
8/2/25 4:45,0.159,W
8/2/25 5:00,0.159,W
8/2/25 5:15,0.142,W
8/2/25 5:30,0.178,W
8/2/25 5:45,0.218,W
8/2/25 6:00,0.255,W
8/2/25 6:15,0.285,W
8/2/25 6:30,0.29,W
8/2/25 6:45,0.279,W
8/2/25 7:00,0.288,W
8/2/25 7:15,0.279,W
8/2/25 7:30,0.291,W
8/2/25 7:45,0.49,W
8/2/25 8:00,0.245,W
8/2/25 8:15,0.261,W
8/2/25 8:30,0.284,W
8/2/25 8:45,0.288,W
8/2/25 9:00,0.276,W
8/2/25 9:15,0.249,W
8/2/25 9:30,0.316,W
8/2/25 9:45,0.18,W
8/2/25 10:00,0.157,W
8/2/25 10:15,0.197,W
8/2/25 10:30,0.182,W
8/2/25 10:45,0.144,W
8/2/25 11:00,0.133,W
8/2/25 11:15,0.275,W
8/2/25 11:30,0.279,W
8/2/25 11:45,0.724,W
8/2/25 12:00,0.84,W
8/2/25 12:15,0.792,W
8/2/25 12:30,0.372,W
8/2/25 12:45,0.326,W
8/2/25 13:00,0.458,W
8/2/25 13:15,0.543,W
8/2/25 13:30,0.648,W
8/2/25 13:45,0.595,W
8/2/25 14:00,0.291,W
8/2/25 14:15,0.333,W
8/2/25 14:30,0.34,W
8/2/25 14:45,0.365,W
8/2/25 15:00,0.622,W
8/2/25 15:15,0.756,W
8/2/25 15:30,0.277,W
8/2/25 15:45,0.24,W
8/2/25 16:00,0.21,W
8/2/25 16:15,0.206,W
8/2/25 16:30,0.257,W
8/2/25 16:45,0.312,W
8/2/25 17:00,0.276,W
8/2/25 17:15,0.297,W
8/2/25 17:30,0.277,W
8/2/25 17:45,0.32,W
8/2/25 18:00,0.315,W
8/2/25 18:15,0.329,W
8/2/25 18:30,0.356,W
8/2/25 18:45,0.286,W
8/2/25 19:00,0.307,W
8/2/25 19:15,0.323,W
8/2/25 19:30,0.358,W
8/2/25 19:45,0.369,W
8/2/25 20:00,0.313,W
8/2/25 20:15,0.338,W
8/2/25 20:30,0.239,W
8/2/25 20:45,0.27,W
8/2/25 21:00,0.257,W
8/2/25 21:15,0.23,W
8/2/25 21:30,0.229,W
8/2/25 21:45,0.246,W
8/2/25 22:00,0.274,W
8/2/25 22:15,0.229,W
8/2/25 22:30,0.247,W
8/2/25 22:45,0.238,W
8/2/25 23:00,0.211,W
8/2/25 23:15,0.202,W
8/2/25 23:30,0.273,W
8/2/25 23:45,0.365,W
8/3/25 0:00,0.357,W
8/3/25 0:15,0.341,W
8/3/25 0:30,0.284,W
8/3/25 0:45,0.249,W
8/3/25 1:00,0.233,W
8/3/25 1:15,0.268,W
8/3/25 1:30,0.269,W
8/3/25 1:45,0.258,W
8/3/25 2:00,0.258,W
8/3/25 2:15,0.132,W
8/3/25 2:30,0.14,W
8/3/25 2:45,0.133,W
8/3/25 3:00,0.112,W
8/3/25 3:15,0.149,W
8/3/25 3:30,0.145,W
8/3/25 3:45,0.143,W
8/3/25 4:00,0.135,W
8/3/25 4:15,0.125,W
8/3/25 4:30,0.132,W
8/3/25 4:45,0.264,W
8/3/25 5:00,0.274,W
8/3/25 5:15,0.314,W
8/3/25 5:30,0.285,W
8/3/25 5:45,0.3,W
8/3/25 6:00,0.308,W
8/3/25 6:15,0.256,W
8/3/25 6:30,0.269,W
8/3/25 6:45,0.192,W
8/3/25 7:00,0.142,W
8/3/25 7:15,0.229,W
8/3/25 7:30,0.176,W
8/3/25 7:45,0.362,W
8/3/25 8:00,0.178,W
8/3/25 8:15,0.232,W
8/3/25 8:30,0.196,W
8/3/25 8:45,0.193,W
8/3/25 9:00,0.185,W
8/3/25 9:15,0.191,W
8/3/25 9:30,0.301,W
8/3/25 9:45,0.281,W
8/3/25 10:00,0.596,W
8/3/25 10:15,0.357,W
8/3/25 10:30,0.344,W
8/3/25 10:45,0.296,W
8/3/25 11:00,0.325,W
8/3/25 11:15,0.315,W
8/3/25 11:30,0.351,W
8/3/25 11:45,0.467,W
8/3/25 12:00,0.392,W
8/3/25 12:15,0.411,W
8/3/25 12:30,0.32,W
8/3/25 12:45,0.297,W
8/3/25 13:00,0.272,W
8/3/25 13:15,0.293,W
8/3/25 13:30,0.288,W
8/3/25 13:45,0.266,W
8/3/25 14:00,0.291,W
8/3/25 14:15,0.324,W
8/3/25 14:30,0.246,W
8/3/25 14:45,0.162,W
8/3/25 15:00,0.159,W
8/3/25 15:15,0.129,W
8/3/25 15:30,0.236,W
8/3/25 15:45,0.218,W
8/3/25 16:00,0.263,W
8/3/25 16:15,0.178,W
8/3/25 16:30,0.186,W
8/3/25 16:45,0.302,W
8/3/25 17:00,0.286,W
8/3/25 17:15,0.287,W
8/3/25 17:30,0.27,W
8/3/25 17:45,0.319,W
8/3/25 18:00,0.294,W
8/3/25 18:15,0.266,W
8/3/25 18:30,0.373,W
8/3/25 18:45,0.302,W
8/3/25 19:00,0.322,W
8/3/25 19:15,0.321,W
8/3/25 19:30,0.371,W
8/3/25 19:45,0.48,W
8/3/25 20:00,0.561,W
8/3/25 20:15,0.729,W
8/3/25 20:30,0.821,W
8/3/25 20:45,0.798,W
8/3/25 21:00,0.722,W
8/3/25 21:15,0.691,W
8/3/25 21:30,0.717,W
8/3/25 21:45,0.756,W
8/3/25 22:00,0.79,W
8/3/25 22:15,0.723,W
8/3/25 22:30,0.71,W
8/3/25 22:45,0.743,W
8/3/25 23:00,0.725,W
8/3/25 23:15,0.321,W
8/3/25 23:30,0.22,W
8/3/25 23:45,0.189,W
8/4/25 0:00,0.194,W
8/4/25 0:15,0.2,W
8/4/25 0:30,0.137,W
8/4/25 0:45,0.109,W
8/4/25 1:00,0.129,W
8/4/25 1:15,0.163,W
8/4/25 1:30,0.209,W
8/4/25 1:45,0.292,W
8/4/25 2:00,0.237,W
8/4/25 2:15,0.262,W
8/4/25 2:30,0.263,W
8/4/25 2:45,0.259,W
8/4/25 3:00,0.246,W
8/4/25 3:15,0.231,W
8/4/25 3:30,0.241,W
8/4/25 3:45,0.245,W
8/4/25 4:00,0.227,W
8/4/25 4:15,0.234,W
8/4/25 4:30,0.201,W
8/4/25 4:45,0.131,W
8/4/25 5:00,0.122,W
8/4/25 5:15,0.187,W
8/4/25 5:30,0.152,W
8/4/25 5:45,0.105,W
8/4/25 6:00,0.125,W
8/4/25 6:15,0.105,W
8/4/25 6:30,0.096,W
8/4/25 6:45,0.12,W
8/4/25 7:00,0.233,W
8/4/25 7:15,0.257,W
8/4/25 7:30,0.26,W
8/4/25 7:45,0.346,W
8/4/25 8:00,0.306,W
8/4/25 8:15,0.264,W
8/4/25 8:30,0.465,W
8/4/25 8:45,0.536,W
8/4/25 9:00,0.638,W
8/4/25 9:15,0.534,W
8/4/25 9:30,0.268,W
8/4/25 9:45,0.277,W
8/4/25 10:00,0.289,W
8/4/25 10:15,0.267,W
8/4/25 10:30,0.282,W
8/4/25 10:45,0.29,W
8/4/25 11:00,0.278,W
8/4/25 11:15,0.274,W
8/4/25 11:30,0.508,W
8/4/25 11:45,0.558,W
8/4/25 12:00,0.45,W
8/4/25 12:15,0.449,W
8/4/25 12:30,0.31,W
8/4/25 12:45,0.285,W
8/4/25 13:00,0.294,W
8/4/25 13:15,0.275,W
8/4/25 13:30,0.197,W
8/4/25 13:45,0.157,W
8/4/25 14:00,0.155,W
8/4/25 14:15,0.18,W
8/4/25 14:30,0.157,W
8/4/25 14:45,0.147,W
8/4/25 15:00,0.187,W
8/4/25 15:15,0.158,W
8/4/25 15:30,0.191,W
8/4/25 15:45,0.201,W
8/4/25 16:00,0.239,W
8/4/25 16:15,0.297,W
8/4/25 16:30,0.316,W
8/4/25 16:45,0.34,W
8/4/25 17:00,0.304,W
8/4/25 17:15,0.335,W
8/4/25 17:30,0.318,W
8/4/25 17:45,0.237,W
8/4/25 18:00,0.284,W
8/4/25 18:15,0.272,W
8/4/25 18:30,0.278,W
8/4/25 18:45,0.276,W
8/4/25 19:00,0.51,W
8/4/25 19:15,0.325,W
8/4/25 19:30,0.302,W
8/4/25 19:45,0.291,W
8/4/25 20:00,0.3,W
8/4/25 20:15,0.638,W
8/4/25 20:30,0.748,W
8/4/25 20:45,0.416,W
8/4/25 21:00,0.416,W
8/4/25 21:15,0.275,W
8/4/25 21:30,0.281,W
8/4/25 21:45,0.803,W
8/4/25 22:00,0.538,W
8/4/25 22:15,0.22,W
8/4/25 22:30,0.244,W
8/4/25 22:45,0.263,W
8/4/25 23:00,0.246,W
8/4/25 23:15,0.211,W
8/4/25 23:30,0.217,W
8/4/25 23:45,0.31,W
8/5/25 0:00,0.282,W
8/5/25 0:15,0.291,W
8/5/25 0:30,0.272,W
8/5/25 0:45,0.245,W
8/5/25 1:00,0.267,W
8/5/25 1:15,0.249,W
8/5/25 1:30,0.239,W
8/5/25 1:45,0.246,W
8/5/25 2:00,0.259,W
8/5/25 2:15,0.29,W
8/5/25 2:30,0.276,W
8/5/25 2:45,0.283,W
8/5/25 3:00,0.256,W
8/5/25 3:15,0.281,W
8/5/25 3:30,0.161,W
8/5/25 3:45,0.146,W
8/5/25 4:00,0.162,W
8/5/25 4:15,0.141,W
8/5/25 4:30,0.114,W
8/5/25 4:45,0.119,W
8/5/25 5:00,0.116,W
8/5/25 5:15,0.117,W
8/5/25 5:30,0.152,W
8/5/25 5:45,0.287,W
8/5/25 6:00,0.27,W
8/5/25 6:15,0.249,W
8/5/25 6:30,0.234,W
8/5/25 6:45,0.237,W
8/5/25 7:00,0.267,W
8/5/25 7:15,0.301,W
8/5/25 7:30,0.412,W
8/5/25 7:45,0.263,W
8/5/25 8:00,1.12,W
8/5/25 8:15,1.351,W
8/5/25 8:30,0.581,W
8/5/25 8:45,0.861,W
8/5/25 9:00,0.484,W
8/5/25 9:15,0.66,W
8/5/25 9:30,1.158,W
8/5/25 9:45,0.702,W
8/5/25 10:00,0.547,W
8/5/25 10:15,0.636,W
8/5/25 10:30,0.351,W
8/5/25 10:45,0.33,W
8/5/25 11:00,0.33,W
8/5/25 11:15,0.709,W
8/5/25 11:30,0.333,W
8/5/25 11:45,0.598,W
8/5/25 12:00,0.399,W
8/5/25 12:15,0.394,W
8/5/25 12:30,0.298,W
8/5/25 12:45,0.316,W
8/5/25 13:00,0.302,W
8/5/25 13:15,0.288,W
8/5/25 13:30,0.308,W
8/5/25 13:45,0.3,W
8/5/25 14:00,0.219,W
8/5/25 14:15,0.176,W
8/5/25 14:30,0.297,W
8/5/25 14:45,0.353,W
8/5/25 15:00,0.42,W
8/5/25 15:15,0.223,W
8/5/25 15:30,0.267,W
8/5/25 15:45,0.333,W
8/5/25 16:00,0.247,W
8/5/25 16:15,0.45,W
8/5/25 16:30,0.303,W
8/5/25 16:45,0.267,W
8/5/25 17:00,0.269,W
8/5/25 17:15,0.322,W
8/5/25 17:30,0.332,W
8/5/25 17:45,0.293,W
8/5/25 18:00,0.301,W
8/5/25 18:15,0.436,W
8/5/25 18:30,0.779,W
8/5/25 18:45,0.692,W
8/5/25 19:00,1.019,W
8/5/25 19:15,0.763,W
8/5/25 19:30,0.306,W
8/5/25 19:45,0.342,W
8/5/25 20:00,0.353,W
8/5/25 20:15,0.401,W
8/5/25 20:30,0.395,W
8/5/25 20:45,0.43,W
8/5/25 21:00,0.405,W
8/5/25 21:15,0.504,W
8/5/25 21:30,0.46,W
8/5/25 21:45,0.436,W
8/5/25 22:00,0.44,W
8/5/25 22:15,0.418,W
8/5/25 22:30,0.403,W
8/5/25 22:45,0.234,W
8/5/25 23:00,0.21,W
8/5/25 23:15,0.263,W
8/5/25 23:30,0.217,W
8/5/25 23:45,0.1,W
8/6/25 0:00,0.194,W
8/6/25 0:15,0.232,W
8/6/25 0:30,0.262,W
8/6/25 0:45,0.275,W
8/6/25 1:00,0.277,W
8/6/25 1:15,0.269,W
8/6/25 1:30,0.268,W
8/6/25 1:45,0.261,W
8/6/25 2:00,0.232,W
8/6/25 2:15,0.24,W
8/6/25 2:30,0.285,W
8/6/25 2:45,0.287,W
8/6/25 3:00,0.27,W
8/6/25 3:15,0.241,W
8/6/25 3:30,0.192,W
8/6/25 3:45,0.118,W
8/6/25 4:00,0.15,W
8/6/25 4:15,0.137,W
8/6/25 4:30,0.148,W
8/6/25 4:45,0.156,W
8/6/25 5:00,0.129,W
8/6/25 5:15,0.12,W
8/6/25 5:30,0.117,W
8/6/25 5:45,0.228,W
8/6/25 6:00,0.229,W
8/6/25 6:15,0.239,W
8/6/25 6:30,0.237,W
8/6/25 6:45,0.228,W
8/6/25 7:00,0.24,W
8/6/25 7:15,0.355,W
8/6/25 7:30,0.383,W
8/6/25 7:45,0.349,W
8/6/25 8:00,0.38,W
8/6/25 8:15,0.417,W
8/6/25 8:30,0.395,W
8/6/25 8:45,0.385,W
8/6/25 9:00,0.356,W
8/6/25 9:15,0.477,W
8/6/25 9:30,0.455,W
8/6/25 9:45,0.301,W
8/6/25 10:00,0.481,W
8/6/25 10:15,0.48,W
8/6/25 10:30,0.174,W
8/6/25 10:45,0.188,W
8/6/25 11:00,0.146,W
8/6/25 11:15,0.107,W
8/6/25 11:30,0.102,W
8/6/25 11:45,0.593,W
8/6/25 12:00,0.659,W
8/6/25 12:15,0.82,W
8/6/25 12:30,0.843,W
8/6/25 12:45,0.671,W
8/6/25 13:00,0.616,W
8/6/25 13:15,0.675,W
8/6/25 13:30,0.413,W
8/6/25 13:45,0.363,W
8/6/25 14:00,0.378,W
8/6/25 14:15,0.359,W
8/6/25 14:30,0.32,W
8/6/25 14:45,0.279,W
8/6/25 15:00,0.316,W
8/6/25 15:15,0.455,W
8/6/25 15:30,0.485,W
8/6/25 15:45,0.517,W
8/6/25 16:00,0.491,W
8/6/25 16:15,0.516,W
8/6/25 16:30,0.482,W
8/6/25 16:45,0.248,W
8/6/25 17:00,0.309,W
8/6/25 17:15,0.269,W
8/6/25 17:30,0.214,W
8/6/25 17:45,0.198,W
8/6/25 18:00,0.102,W
8/6/25 18:15,0.116,W
8/6/25 18:30,0.19,W
8/6/25 18:45,0.28,W
8/6/25 19:00,0.231,W
8/6/25 19:15,0.31,W
8/6/25 19:30,0.359,W
8/6/25 19:45,0.311,W
8/6/25 20:00,0.3,W
8/6/25 20:15,0.336,W
8/6/25 20:30,0.358,W
8/6/25 20:45,0.34,W
8/6/25 21:00,0.365,W
8/6/25 21:15,0.411,W
8/6/25 21:30,0.215,W
8/6/25 21:45,0.226,W
8/6/25 22:00,0.278,W
8/6/25 22:15,0.26,W
8/6/25 22:30,0.242,W
8/6/25 22:45,0.224,W
8/6/25 23:00,0.228,W
8/6/25 23:15,0.18,W
8/6/25 23:30,0.186,W
8/6/25 23:45,0.174,W
8/7/25 0:00,0.26,W
8/7/25 0:15,0.262,W
8/7/25 0:30,0.264,W
8/7/25 0:45,0.239,W
8/7/25 1:00,0.235,W
8/7/25 1:15,0.253,W
8/7/25 1:30,0.259,W
8/7/25 1:45,0.29,W
8/7/25 2:00,0.254,W
8/7/25 2:15,0.238,W
8/7/25 2:30,0.24,W
8/7/25 2:45,0.259,W
8/7/25 3:00,0.191,W
8/7/25 3:15,0.12,W
8/7/25 3:30,0.156,W
8/7/25 3:45,0.122,W
8/7/25 4:00,0.102,W
8/7/25 4:15,0.074,W
8/7/25 4:30,0.084,W
8/7/25 4:45,0.093,W
8/7/25 5:00,0.128,W
8/7/25 5:15,0.157,W
8/7/25 5:30,0.249,W
8/7/25 5:45,0.209,W
8/7/25 6:00,0.25,W
8/7/25 6:15,0.278,W
8/7/25 6:30,0.221,W
8/7/25 6:45,0.219,W
8/7/25 7:00,0.249,W
8/7/25 7:15,0.405,W
8/7/25 7:30,0.232,W
8/7/25 7:45,0.186,W
8/7/25 8:00,0.191,W
8/7/25 8:15,0.238,W
8/7/25 8:30,0.273,W
8/7/25 8:45,0.301,W
8/7/25 9:00,0.298,W
8/7/25 9:15,0.298,W
8/7/25 9:30,0.302,W
8/7/25 9:45,0.272,W
8/7/25 10:00,0.288,W
8/7/25 10:15,0.458,W
8/7/25 10:30,0.534,W
8/7/25 10:45,0.548,W
8/7/25 11:00,0.495,W
8/7/25 11:15,0.487,W
8/7/25 11:30,0.473,W
8/7/25 11:45,0.324,W
8/7/25 12:00,0.342,W
8/7/25 12:15,0.673,W
8/7/25 12:30,0.898,W
8/7/25 12:45,1.253,W
8/7/25 13:00,0.331,W
8/7/25 13:15,0.7,W
8/7/25 13:30,0.421,W
8/7/25 13:45,0.181,W
8/7/25 14:00,0.153,W
8/7/25 14:15,0.193,W
8/7/25 14:30,0.14,W
8/7/25 14:45,0.121,W
8/7/25 15:00,0.155,W
8/7/25 15:15,0.1,W
8/7/25 15:30,0.138,W
8/7/25 15:45,0.198,W
8/7/25 16:00,0.297,W
8/7/25 16:15,0.285,W
8/7/25 16:30,0.288,W
8/7/25 16:45,0.384,W
8/7/25 17:00,0.403,W
8/7/25 17:15,0.366,W
8/7/25 17:30,0.353,W
8/7/25 17:45,0.374,W
8/7/25 18:00,0.422,W
8/7/25 18:15,0.43,W
8/7/25 18:30,0.402,W
8/7/25 18:45,0.376,W
8/7/25 19:00,0.31,W
8/7/25 19:15,0.244,W
8/7/25 19:30,0.186,W
8/7/25 19:45,0.268,W
8/7/25 20:00,0.193,W
8/7/25 20:15,0.21,W
8/7/25 20:30,0.244,W
8/7/25 20:45,0.232,W
8/7/25 21:00,0.356,W
8/7/25 21:15,0.715,W
8/7/25 21:30,0.492,W
8/7/25 21:45,0.44,W
8/7/25 22:00,0.424,W
8/7/25 22:15,0.395,W
8/7/25 22:30,0.363,W
8/7/25 22:45,0.384,W
8/7/25 23:00,0.358,W
8/7/25 23:15,0.349,W
8/7/25 23:30,0.346,W
8/7/25 23:45,0.321,W
8/8/25 0:00,0.288,W
8/8/25 0:15,0.283,W
8/8/25 0:30,0.257,W
8/8/25 0:45,0.11,W
8/8/25 1:00,0.104,W
8/8/25 1:15,0.13,W
8/8/25 1:30,0.158,W
8/8/25 1:45,0.146,W
8/8/25 2:00,0.12,W
8/8/25 2:15,0.122,W
8/8/25 2:30,0.114,W
8/8/25 2:45,0.127,W
8/8/25 3:00,0.274,W
8/8/25 3:15,0.248,W
8/8/25 3:30,0.231,W
8/8/25 3:45,0.271,W
8/8/25 4:00,0.246,W
8/8/25 4:15,0.227,W
8/8/25 4:30,0.243,W
8/8/25 4:45,0.365,W
8/8/25 5:00,0.271,W
8/8/25 5:15,0.23,W
8/8/25 5:30,0.295,W
8/8/25 5:45,0.192,W
8/8/25 6:00,0.282,W
8/8/25 6:15,0.352,W
8/8/25 6:30,0.147,W
8/8/25 6:45,0.115,W
8/8/25 7:00,0.199,W
8/8/25 7:15,0.559,W
8/8/25 7:30,0.176,W
8/8/25 7:45,0.246,W
8/8/25 8:00,0.217,W
8/8/25 8:15,0.243,W
8/8/25 8:30,0.263,W
8/8/25 8:45,0.256,W
8/8/25 9:00,0.226,W
8/8/25 9:15,0.366,W
8/8/25 9:30,0.855,W
8/8/25 9:45,0.497,W
8/8/25 10:00,0.866,W
8/8/25 10:15,0.749,W
8/8/25 10:30,0.299,W
8/8/25 10:45,0.317,W
8/8/25 11:00,0.314,W
8/8/25 11:15,0.383,W
8/8/25 11:30,0.402,W
8/8/25 11:45,0.38,W
8/8/25 12:00,0.318,W
8/8/25 12:15,0.297,W
8/8/25 12:30,0.269,W
8/8/25 12:45,0.282,W
8/8/25 13:00,0.404,W
8/8/25 13:15,0.486,W
8/8/25 13:30,0.59,W
8/8/25 13:45,0.919,W
8/8/25 14:00,0.372,W
8/8/25 14:15,0.335,W
8/8/25 14:30,0.34,W
8/8/25 14:45,0.252,W
8/8/25 15:00,0.164,W
8/8/25 15:15,0.145,W
8/8/25 15:30,0.185,W
8/8/25 15:45,0.178,W
8/8/25 16:00,0.162,W
8/8/25 16:15,0.306,W
8/8/25 16:30,0.268,W
8/8/25 16:45,0.418,W
8/8/25 17:00,0.479,W
8/8/25 17:15,0.479,W
8/8/25 17:30,0.889,W
8/8/25 17:45,0.627,W
8/8/25 18:00,0.397,W
8/8/25 18:15,0.277,W
8/8/25 18:30,0.304,W
8/8/25 18:45,0.291,W
8/8/25 19:00,0.287,W
8/8/25 19:15,0.356,W
8/8/25 19:30,0.281,W
8/8/25 19:45,0.23,W
8/8/25 20:00,0.404,W
8/8/25 20:15,0.31,W
8/8/25 20:30,0.28,W
8/8/25 20:45,0.262,W
8/8/25 21:00,0.24,W
8/8/25 21:15,0.224,W
8/8/25 21:30,0.241,W
8/8/25 21:45,0.317,W
8/8/25 22:00,0.343,W
8/8/25 22:15,0.397,W
8/8/25 22:30,0.406,W
8/8/25 22:45,0.358,W
8/8/25 23:00,0.341,W
8/8/25 23:15,0.343,W
8/8/25 23:30,0.381,W
8/8/25 23:45,0.389,W
8/9/25 0:00,0.348,W
8/9/25 0:15,0.244,W
8/9/25 0:30,0.13,W
8/9/25 0:45,0.119,W
8/9/25 1:00,0.095,W
8/9/25 1:15,0.247,W
8/9/25 1:30,0.303,W
8/9/25 1:45,0.197,W
8/9/25 2:00,0.153,W
8/9/25 2:15,0.1,W
8/9/25 2:30,0.099,W
8/9/25 2:45,0.128,W
8/9/25 3:00,0.219,W
8/9/25 3:15,0.246,W
8/9/25 3:30,0.263,W
8/9/25 3:45,0.277,W
8/9/25 4:00,0.247,W
8/9/25 4:15,0.252,W
8/9/25 4:30,0.238,W
8/9/25 4:45,0.256,W
8/9/25 5:00,0.277,W
8/9/25 5:15,0.316,W
8/9/25 5:30,0.187,W
8/9/25 5:45,0.112,W
8/9/25 6:00,0.142,W
8/9/25 6:15,0.152,W
8/9/25 6:30,0.129,W
8/9/25 6:45,0.117,W
8/9/25 7:00,0.108,W
8/9/25 7:15,0.147,W
8/9/25 7:30,0.141,W
8/9/25 7:45,0.321,W
8/9/25 8:00,0.285,W
8/9/25 8:15,0.368,W
8/9/25 8:30,0.547,W
8/9/25 8:45,0.681,W
8/9/25 9:00,0.615,W
8/9/25 9:15,0.298,W
8/9/25 9:30,0.263,W
8/9/25 9:45,0.298,W
8/9/25 10:00,0.3,W
8/9/25 10:15,0.299,W
8/9/25 10:30,0.271,W
8/9/25 10:45,0.272,W
8/9/25 11:00,0.315,W
8/9/25 11:15,0.301,W
8/9/25 11:30,0.276,W
8/9/25 11:45,1.062,W
8/9/25 12:00,0.869,W
8/9/25 12:15,0.638,W
8/9/25 12:30,0.439,W
8/9/25 12:45,0.406,W
8/9/25 13:00,0.45,W
8/9/25 13:15,0.337,W
8/9/25 13:30,0.286,W
8/9/25 13:45,0.267,W
8/9/25 14:00,0.201,W
8/9/25 14:15,0.151,W
8/9/25 14:30,0.196,W
8/9/25 14:45,0.18,W
8/9/25 15:00,0.126,W
8/9/25 15:15,0.156,W
8/9/25 15:30,0.243,W
8/9/25 15:45,0.291,W
8/9/25 16:00,0.363,W
8/9/25 16:15,0.462,W
8/9/25 16:30,0.428,W
8/9/25 16:45,0.425,W
8/9/25 17:00,0.38,W
8/9/25 17:15,0.355,W
8/9/25 17:30,0.38,W
8/9/25 17:45,0.418,W
8/9/25 18:00,0.452,W
8/9/25 18:15,0.466,W
8/9/25 18:30,0.333,W
8/9/25 18:45,0.43,W
8/9/25 19:00,0.55,W
8/9/25 19:15,0.765,W
8/9/25 19:30,0.66,W
8/9/25 19:45,0.403,W
8/9/25 20:00,0.305,W
8/9/25 20:15,0.248,W
8/9/25 20:30,0.219,W
8/9/25 20:45,0.245,W
8/9/25 21:00,0.277,W
8/9/25 21:15,0.245,W
8/9/25 21:30,0.232,W
8/9/25 21:45,0.358,W
8/9/25 22:00,0.403,W
8/9/25 22:15,0.386,W
8/9/25 22:30,0.376,W
8/9/25 22:45,0.359,W
8/9/25 23:00,0.349,W
8/9/25 23:15,0.361,W
8/9/25 23:30,0.343,W
8/9/25 23:45,0.354,W
8/10/25 0:00,0.374,W
8/10/25 0:15,0.285,W
8/10/25 0:30,0.211,W
8/10/25 0:45,0.111,W
8/10/25 1:00,0.115,W
8/10/25 1:15,0.103,W
8/10/25 1:30,0.138,W
8/10/25 1:45,0.137,W
8/10/25 2:00,0.121,W
8/10/25 2:15,0.135,W
8/10/25 2:30,0.124,W
8/10/25 2:45,0.169,W
8/10/25 3:00,0.248,W
8/10/25 3:15,0.285,W
8/10/25 3:30,0.279,W
8/10/25 3:45,0.26,W
8/10/25 4:00,0.239,W
8/10/25 4:15,0.254,W
8/10/25 4:30,0.271,W
8/10/25 4:45,0.243,W
8/10/25 5:00,0.252,W
8/10/25 5:15,0.185,W
8/10/25 5:30,0.158,W
8/10/25 5:45,0.11,W
8/10/25 6:00,0.122,W
8/10/25 6:15,0.112,W
8/10/25 6:30,0.117,W
8/10/25 6:45,0.124,W
8/10/25 7:00,0.143,W
8/10/25 7:15,0.144,W
8/10/25 7:30,0.142,W
8/10/25 7:45,0.413,W
8/10/25 8:00,0.226,W
8/10/25 8:15,0.239,W
8/10/25 8:30,0.297,W
8/10/25 8:45,0.309,W
8/10/25 9:00,0.252,W
8/10/25 9:15,0.241,W
8/10/25 9:30,0.266,W
8/10/25 9:45,0.265,W
8/10/25 10:00,0.285,W
8/10/25 10:15,0.25,W
8/10/25 10:30,0.269,W
8/10/25 10:45,0.288,W
8/10/25 11:00,0.308,W
8/10/25 11:15,0.273,W
8/10/25 11:30,0.276,W
8/10/25 11:45,0.283,W
8/10/25 12:00,0.238,W
8/10/25 12:15,0.25,W
8/10/25 12:30,0.276,W
8/10/25 12:45,0.288,W
8/10/25 13:00,0.264,W
8/10/25 13:15,0.256,W
8/10/25 13:30,0.252,W
8/10/25 13:45,0.262,W
8/10/25 14:00,0.294,W
8/10/25 14:15,0.384,W
8/10/25 14:30,0.341,W
8/10/25 14:45,0.309,W
8/10/25 15:00,0.174,W
8/10/25 15:15,0.123,W
8/10/25 15:30,0.125,W
8/10/25 15:45,0.152,W
8/10/25 16:00,0.152,W
8/10/25 16:15,0.267,W
8/10/25 16:30,0.288,W
8/10/25 16:45,0.51,W
8/10/25 17:00,0.416,W
8/10/25 17:15,1.078,W
8/10/25 17:30,0.917,W
8/10/25 17:45,0.305,W
8/10/25 18:00,0.388,W
8/10/25 18:15,0.421,W
8/10/25 18:30,0.351,W
8/10/25 18:45,0.676,W
8/10/25 19:00,0.571,W
8/10/25 19:15,0.551,W
8/10/25 19:30,0.538,W
8/10/25 19:45,0.538,W
8/10/25 20:00,0.561,W
8/10/25 20:15,0.529,W
8/10/25 20:30,0.398,W
8/10/25 20:45,0.372,W
8/10/25 21:00,0.371,W
8/10/25 21:15,0.306,W
8/10/25 21:30,0.277,W
8/10/25 21:45,0.234,W
8/10/25 22:00,0.23,W
8/10/25 22:15,0.27,W
8/10/25 22:30,0.211,W
8/10/25 22:45,0.212,W
8/10/25 23:00,0.193,W
8/10/25 23:15,0.2,W
8/10/25 23:30,0.198,W
8/10/25 23:45,0.244,W
8/11/25 0:00,0.295,W
8/11/25 0:15,0.243,W
8/11/25 0:30,0.26,W
8/11/25 0:45,0.306,W
8/11/25 1:00,0.261,W
8/11/25 1:15,0.222,W
8/11/25 1:30,0.274,W
8/11/25 1:45,0.273,W
8/11/25 2:00,0.26,W
8/11/25 2:15,0.257,W
8/11/25 2:30,0.369,W
8/11/25 2:45,0.265,W
8/11/25 3:00,0.205,W
8/11/25 3:15,0.119,W
8/11/25 3:30,0.134,W
8/11/25 3:45,0.126,W
8/11/25 4:00,0.103,W
8/11/25 4:15,0.082,W
8/11/25 4:30,0.078,W
8/11/25 4:45,0.092,W
8/11/25 5:00,0.074,W
8/11/25 5:15,0.134,W
8/11/25 5:30,0.261,W
8/11/25 5:45,0.245,W
8/11/25 6:00,0.24,W
8/11/25 6:15,0.229,W
8/11/25 6:30,0.21,W
8/11/25 6:45,0.217,W
8/11/25 7:00,0.257,W
8/11/25 7:15,0.284,W
8/11/25 7:30,0.276,W
8/11/25 7:45,0.329,W
8/11/25 8:00,0.304,W
8/11/25 8:15,0.216,W
8/11/25 8:30,0.21,W
8/11/25 8:45,0.28,W
8/11/25 9:00,0.637,W
8/11/25 9:15,0.521,W
8/11/25 9:30,0.414,W
8/11/25 9:45,0.545,W
8/11/25 10:00,0.262,W
8/11/25 10:15,0.198,W
8/11/25 10:30,0.168,W
8/11/25 10:45,0.261,W
8/11/25 11:00,0.253,W
8/11/25 11:15,0.274,W
8/11/25 11:30,0.26,W
8/11/25 11:45,0.224,W
8/11/25 12:00,0.266,W
8/11/25 12:15,0.298,W
8/11/25 12:30,0.275,W
8/11/25 12:45,0.268,W
8/11/25 13:00,0.228,W
8/11/25 13:15,0.216,W
8/11/25 13:30,0.227,W
8/11/25 13:45,0.234,W
8/11/25 14:00,0.244,W
8/11/25 14:15,0.272,W
8/11/25 14:30,0.269,W
8/11/25 14:45,0.173,W
8/11/25 15:00,0.099,W
8/11/25 15:15,0.089,W
8/11/25 15:30,0.084,W
8/11/25 15:45,0.174,W
8/11/25 16:00,0.202,W
8/11/25 16:15,0.294,W
8/11/25 16:30,0.707,W
8/11/25 16:45,0.256,W
8/11/25 17:00,0.241,W
8/11/25 17:15,0.267,W
8/11/25 17:30,0.464,W
8/11/25 17:45,0.615,W
8/11/25 18:00,0.41,W
8/11/25 18:15,0.497,W
8/11/25 18:30,0.318,W
8/11/25 18:45,0.299,W
8/11/25 19:00,0.407,W
8/11/25 19:15,0.557,W
8/11/25 19:30,0.559,W
8/11/25 19:45,0.517,W
8/11/25 20:00,0.378,W
8/11/25 20:15,0.362,W
8/11/25 20:30,0.36,W
8/11/25 20:45,0.237,W
8/11/25 21:00,0.226,W
8/11/25 21:15,0.243,W
8/11/25 21:30,0.267,W
8/11/25 21:45,0.296,W
8/11/25 22:00,0.291,W
8/11/25 22:15,0.271,W
8/11/25 22:30,0.266,W
8/11/25 22:45,0.226,W
8/11/25 23:00,0.194,W
8/11/25 23:15,0.244,W
8/11/25 23:30,0.226,W
8/11/25 23:45,0.353,W
8/12/25 0:00,0.355,W
8/12/25 0:15,0.324,W
8/12/25 0:30,0.236,W
8/12/25 0:45,0.248,W
8/12/25 1:00,0.27,W
8/12/25 1:15,0.278,W
8/12/25 1:30,0.291,W
8/12/25 1:45,0.26,W
8/12/25 2:00,0.259,W
8/12/25 2:15,0.27,W
8/12/25 2:30,0.253,W
8/12/25 2:45,0.102,W
8/12/25 3:00,0.207,W
8/12/25 3:15,0.174,W
8/12/25 3:30,0.147,W
8/12/25 3:45,0.124,W
8/12/25 4:00,0.124,W
8/12/25 4:15,0.119,W
8/12/25 4:30,0.132,W
8/12/25 4:45,0.177,W
8/12/25 5:00,0.233,W
8/12/25 5:15,0.271,W
8/12/25 5:30,0.294,W
8/12/25 5:45,0.271,W
8/12/25 6:00,0.251,W
8/12/25 6:15,0.254,W
8/12/25 6:30,0.277,W
8/12/25 6:45,0.276,W
8/12/25 7:00,0.32,W
8/12/25 7:15,0.292,W
8/12/25 7:30,0.322,W
8/12/25 7:45,0.486,W
8/12/25 8:00,0.293,W
8/12/25 8:15,0.277,W
8/12/25 8:30,0.256,W
8/12/25 8:45,0.261,W
8/12/25 9:00,0.286,W
8/12/25 9:15,0.273,W
8/12/25 9:30,0.254,W
8/12/25 9:45,0.259,W
8/12/25 10:00,0.254,W
8/12/25 10:15,0.132,W
8/12/25 10:30,0.139,W
8/12/25 10:45,0.099,W
8/12/25 11:00,0.09,W
8/12/25 11:15,0.119,W
8/12/25 11:30,0.124,W
8/12/25 11:45,0.097,W
8/12/25 12:00,0.143,W
8/12/25 12:15,0.235,W
8/12/25 12:30,0.258,W
8/12/25 12:45,0.283,W
8/12/25 13:00,0.362,W
8/12/25 13:15,0.233,W
8/12/25 13:30,0.322,W
8/12/25 13:45,0.553,W
8/12/25 14:00,0.648,W
8/12/25 14:15,0.592,W
8/12/25 14:30,0.301,W
8/12/25 14:45,0.507,W
8/12/25 15:00,0.58,W
8/12/25 15:15,0.223,W
8/12/25 15:30,0.148,W
8/12/25 15:45,0.14,W
8/12/25 16:00,0.26,W
8/12/25 16:15,0.185,W
8/12/25 16:30,0.17,W
8/12/25 16:45,0.24,W
8/12/25 17:00,0.239,W
8/12/25 17:15,0.278,W
8/12/25 17:30,0.378,W
8/12/25 17:45,0.385,W
8/12/25 18:00,0.305,W
8/12/25 18:15,0.551,W
8/12/25 18:30,0.315,W
8/12/25 18:45,0.359,W
8/12/25 19:00,0.889,W
8/12/25 19:15,0.561,W
8/12/25 19:30,0.377,W
8/12/25 19:45,0.878,W
8/12/25 20:00,0.374,W
8/12/25 20:15,0.352,W
8/12/25 20:30,0.302,W
8/12/25 20:45,0.31,W
8/12/25 21:00,0.61,W
8/12/25 21:15,0.727,W
8/12/25 21:30,0.701,W
8/12/25 21:45,0.729,W
8/12/25 22:00,0.716,W
8/12/25 22:15,0.697,W
8/12/25 22:30,0.687,W
8/12/25 22:45,0.692,W
8/12/25 23:00,0.434,W
8/12/25 23:15,0.208,W
8/12/25 23:30,0.183,W
8/12/25 23:45,0.194,W
8/13/25 0:00,0.154,W
8/13/25 0:15,0.164,W
8/13/25 0:30,0.14,W
8/13/25 0:45,0.177,W
8/13/25 1:00,0.258,W
8/13/25 1:15,0.274,W
8/13/25 1:30,0.264,W
8/13/25 1:45,0.242,W
8/13/25 2:00,0.24,W
8/13/25 2:15,0.262,W
8/13/25 2:30,0.278,W
8/13/25 2:45,0.282,W
8/13/25 3:00,0.244,W
8/13/25 3:15,0.232,W
8/13/25 3:30,0.254,W
8/13/25 3:45,0.26,W
8/13/25 4:00,0.12,W
8/13/25 4:15,0.124,W
8/13/25 4:30,0.127,W
8/13/25 4:45,0.121,W
8/13/25 5:00,0.129,W
8/13/25 5:15,0.107,W
8/13/25 5:30,0.091,W
8/13/25 5:45,0.138,W
8/13/25 6:00,0.164,W
8/13/25 6:15,0.267,W
8/13/25 6:30,0.29,W
8/13/25 6:45,0.29,W
8/13/25 7:00,0.311,W
8/13/25 7:15,0.273,W
8/13/25 7:30,0.247,W
8/13/25 7:45,0.384,W
8/13/25 8:00,0.47,W
8/13/25 8:15,0.417,W
8/13/25 8:30,0.263,W
8/13/25 8:45,0.268,W
8/13/25 9:00,0.432,W
8/13/25 9:15,0.38,W
8/13/25 9:30,0.66,W
8/13/25 9:45,0.78,W
8/13/25 10:00,0.483,W
8/13/25 10:15,0.251,W
8/13/25 10:30,0.281,W
8/13/25 10:45,0.262,W
8/13/25 11:00,0.248,W
8/13/25 11:15,0.24,W
8/13/25 11:30,0.28,W
8/13/25 11:45,0.308,W
8/13/25 12:00,0.278,W
8/13/25 12:15,0.27,W
8/13/25 12:30,0.267,W
8/13/25 12:45,0.269,W
8/13/25 13:00,0.322,W
8/13/25 13:15,0.145,W
8/13/25 13:30,0.315,W
8/13/25 13:45,0.574,W
8/13/25 14:00,0.355,W
8/13/25 14:15,0.365,W
8/13/25 14:30,0.338,W
8/13/25 14:45,0.33,W
8/13/25 15:00,0.322,W
8/13/25 15:15,0.342,W
8/13/25 15:30,0.274,W
8/13/25 15:45,0.315,W
8/13/25 16:00,0.423,W
8/13/25 16:15,0.581,W
8/13/25 16:30,0.51,W
8/13/25 16:45,0.474,W
8/13/25 17:00,0.49,W
8/13/25 17:15,0.623,W
8/13/25 17:30,0.814,W
8/13/25 17:45,0.3,W
8/13/25 18:00,0.341,W
8/13/25 18:15,0.477,W
8/13/25 18:30,1.038,W
8/13/25 18:45,0.69,W
8/13/25 19:00,0.522,W
8/13/25 19:15,0.351,W
8/13/25 19:30,0.218,W
8/13/25 19:45,0.315,W
8/13/25 20:00,0.441,W
8/13/25 20:15,0.955,W
8/13/25 20:30,0.538,W
8/13/25 20:45,0.279,W
8/13/25 21:00,0.27,W
8/13/25 21:15,0.288,W
8/13/25 21:30,0.271,W
8/13/25 21:45,0.253,W
8/13/25 22:00,0.378,W
8/13/25 22:15,0.428,W
8/13/25 22:30,0.415,W
8/13/25 22:45,0.361,W
8/13/25 23:00,0.352,W
8/13/25 23:15,0.338,W
8/13/25 23:30,0.367,W
8/13/25 23:45,0.287,W
8/14/25 0:00,0.261,W
8/14/25 0:15,0.27,W
8/14/25 0:30,0.22,W
8/14/25 0:45,0.135,W
8/14/25 1:00,0.116,W
8/14/25 1:15,0.101,W
8/14/25 1:30,0.077,W
8/14/25 1:45,0.114,W
8/14/25 2:00,0.136,W
8/14/25 2:15,0.097,W
8/14/25 2:30,0.094,W
8/14/25 2:45,0.097,W
8/14/25 3:00,0.231,W
8/14/25 3:15,0.256,W
8/14/25 3:30,0.278,W
8/14/25 3:45,0.245,W
8/14/25 4:00,0.241,W
8/14/25 4:15,0.252,W
8/14/25 4:30,0.231,W
8/14/25 4:45,0.211,W
8/14/25 5:00,0.179,W
8/14/25 5:15,0.12,W
8/14/25 5:30,0.109,W
8/14/25 5:45,0.102,W
8/14/25 6:00,0.093,W
8/14/25 6:15,0.087,W
8/14/25 6:30,0.131,W
8/14/25 6:45,0.163,W
8/14/25 7:00,0.116,W
8/14/25 7:15,0.124,W
8/14/25 7:30,0.153,W
8/14/25 7:45,0.375,W
8/14/25 8:00,0.263,W
8/14/25 8:15,0.575,W
8/14/25 8:30,0.502,W
8/14/25 8:45,0.593,W
8/14/25 9:00,0.382,W
8/14/25 9:15,0.263,W
8/14/25 9:30,0.246,W
8/14/25 9:45,0.25,W
8/14/25 10:00,0.255,W
8/14/25 10:15,0.258,W
8/14/25 10:30,0.24,W
8/14/25 10:45,0.261,W
8/14/25 11:00,0.267,W
8/14/25 11:15,0.317,W
8/14/25 11:30,0.363,W
8/14/25 11:45,0.26,W
8/14/25 12:00,0.264,W
8/14/25 12:15,0.286,W
8/14/25 12:30,0.292,W
8/14/25 12:45,0.275,W
8/14/25 13:00,0.255,W
8/14/25 13:15,0.242,W
8/14/25 13:30,0.194,W
8/14/25 13:45,0.223,W
8/14/25 14:00,0.181,W
8/14/25 14:15,0.124,W
8/14/25 14:30,0.123,W
8/14/25 14:45,0.175,W
8/14/25 15:00,0.124,W
8/14/25 15:15,0.179,W
8/14/25 15:30,0.186,W
8/14/25 15:45,0.218,W
8/14/25 16:00,0.194,W
8/14/25 16:15,0.182,W
8/14/25 16:30,0.308,W
8/14/25 16:45,0.291,W
8/14/25 17:00,0.291,W
8/14/25 17:15,0.268,W
8/14/25 17:30,0.235,W
8/14/25 17:45,0.277,W
8/14/25 18:00,0.306,W
8/14/25 18:15,0.315,W
8/14/25 18:30,0.305,W
8/14/25 18:45,0.263,W
8/14/25 19:00,0.287,W
8/14/25 19:15,0.31,W
8/14/25 19:30,0.302,W
8/14/25 19:45,0.237,W
8/14/25 20:00,0.232,W
8/14/25 20:15,0.278,W
8/14/25 20:30,0.343,W
8/14/25 20:45,0.348,W
8/14/25 21:00,0.379,W
8/14/25 21:15,0.7,W
8/14/25 21:30,0.763,W
8/14/25 21:45,0.743,W
8/14/25 22:00,0.618,W
8/14/25 22:15,0.387,W
8/14/25 22:30,0.311,W
8/14/25 22:45,0.304,W
8/14/25 23:00,0.346,W
8/14/25 23:15,0.362,W
8/14/25 23:30,0.308,W
8/14/25 23:45,0.328,W
8/15/25 0:00,0.335,W
8/15/25 0:15,0.335,W
8/15/25 0:30,0.354,W
8/15/25 0:45,0.369,W
8/15/25 1:00,0.314,W
8/15/25 1:15,0.284,W
8/15/25 1:30,0.271,W
8/15/25 1:45,0.245,W
8/15/25 2:00,0.235,W
8/15/25 2:15,0.252,W
8/15/25 2:30,0.273,W
8/15/25 2:45,0.275,W
8/15/25 3:00,0.25,W
8/15/25 3:15,0.248,W
8/15/25 3:30,0.29,W
8/15/25 3:45,0.343,W
8/15/25 4:00,0.17,W
8/15/25 4:15,0.144,W
8/15/25 4:30,0.135,W
8/15/25 4:45,0.144,W
8/15/25 5:00,0.149,W
8/15/25 5:15,0.125,W
8/15/25 5:30,0.106,W
8/15/25 5:45,0.16,W
8/15/25 6:00,0.27,W
8/15/25 6:15,0.289,W
8/15/25 6:30,0.255,W
8/15/25 6:45,0.256,W
8/15/25 7:00,0.269,W
8/15/25 7:15,0.275,W
8/15/25 7:30,0.246,W
8/15/25 7:45,0.267,W
8/15/25 8:00,0.332,W
8/15/25 8:15,0.318,W
8/15/25 8:30,0.286,W
8/15/25 8:45,0.282,W
8/15/25 9:00,0.284,W
8/15/25 9:15,0.287,W
8/15/25 9:30,0.304,W
8/15/25 9:45,0.32,W
8/15/25 10:00,0.157,W
8/15/25 10:15,0.191,W
8/15/25 10:30,0.425,W
8/15/25 10:45,0.2,W
8/15/25 11:00,0.242,W
8/15/25 11:15,0.393,W
8/15/25 11:30,0.428,W
8/15/25 11:45,0.368,W
8/15/25 12:00,0.305,W
8/15/25 12:15,0.326,W
8/15/25 12:30,0.668,W
8/15/25 12:45,0.866,W
8/15/25 13:00,0.849,W
8/15/25 13:15,0.558,W
8/15/25 13:30,0.531,W
8/15/25 13:45,0.55,W
8/15/25 14:00,0.469,W
8/15/25 14:15,0.344,W
8/15/25 14:30,0.349,W
8/15/25 14:45,0.256,W
8/15/25 15:00,0.27,W
8/15/25 15:15,0.279,W
8/15/25 15:30,0.236,W
8/15/25 15:45,0.45,W
8/15/25 16:00,0.369,W
8/15/25 16:15,0.367,W
8/15/25 16:30,0.391,W
8/15/25 16:45,0.322,W
8/15/25 17:00,0.434,W
8/15/25 17:15,0.527,W
8/15/25 17:30,0.596,W
8/15/25 17:45,1.332,W
8/15/25 18:00,0.752,W
8/15/25 18:15,0.571,W
8/15/25 18:30,0.271,W
8/15/25 18:45,0.319,W
8/15/25 19:00,0.354,W
8/15/25 19:15,0.433,W
8/15/25 19:30,0.391,W
8/15/25 19:45,0.322,W
8/15/25 20:00,0.318,W
8/15/25 20:15,0.332,W
8/15/25 20:30,0.366,W
8/15/25 20:45,0.37,W
8/15/25 21:00,0.379,W
8/15/25 21:15,0.395,W
8/15/25 21:30,0.379,W
8/15/25 21:45,0.362,W
8/15/25 22:00,0.359,W
8/15/25 22:15,0.362,W
8/15/25 22:30,0.395,W
8/15/25 22:45,0.367,W
8/15/25 23:00,0.317,W
8/15/25 23:15,0.209,W
8/15/25 23:30,0.198,W
8/15/25 23:45,0.204,W
8/16/25 0:00,0.215,W
8/16/25 0:15,0.226,W
8/16/25 0:30,0.206,W
8/16/25 0:45,0.209,W
8/16/25 1:00,0.211,W
8/16/25 1:15,0.217,W
8/16/25 1:30,0.22,W
8/16/25 1:45,0.257,W
8/16/25 2:00,0.252,W
8/16/25 2:15,0.26,W
8/16/25 2:30,0.257,W
8/16/25 2:45,0.26,W
8/16/25 3:00,0.27,W
8/16/25 3:15,0.216,W
8/16/25 3:30,0.236,W
8/16/25 3:45,0.277,W
8/16/25 4:00,0.15,W
8/16/25 4:15,0.137,W
8/16/25 4:30,0.12,W
8/16/25 4:45,0.113,W
8/16/25 5:00,0.12,W
8/16/25 5:15,0.202,W
8/16/25 5:30,0.243,W
8/16/25 5:45,0.141,W
8/16/25 6:00,0.109,W
8/16/25 6:15,0.127,W
8/16/25 6:30,0.203,W
8/16/25 6:45,0.261,W
8/16/25 7:00,0.276,W
8/16/25 7:15,0.308,W
8/16/25 7:30,0.291,W
8/16/25 7:45,0.376,W
8/16/25 8:00,0.325,W
8/16/25 8:15,0.263,W
8/16/25 8:30,0.238,W
8/16/25 8:45,0.295,W
8/16/25 9:00,0.33,W
8/16/25 9:15,0.323,W
8/16/25 9:30,0.312,W
8/16/25 9:45,0.3,W
8/16/25 10:00,0.273,W
8/16/25 10:15,0.28,W
8/16/25 10:30,0.343,W
8/16/25 10:45,0.539,W
8/16/25 11:00,0.272,W
8/16/25 11:15,0.189,W
8/16/25 11:30,0.732,W
8/16/25 11:45,0.629,W
8/16/25 12:00,0.835,W
8/16/25 12:15,0.857,W
8/16/25 12:30,0.434,W
8/16/25 12:45,0.973,W
8/16/25 13:00,0.64,W
8/16/25 13:15,0.577,W
8/16/25 13:30,0.637,W
8/16/25 13:45,0.491,W
8/16/25 14:00,0.291,W
8/16/25 14:15,0.343,W
8/16/25 14:30,0.334,W
8/16/25 14:45,0.305,W
8/16/25 15:00,0.291,W
8/16/25 15:15,0.279,W
8/16/25 15:30,0.287,W
8/16/25 15:45,0.325,W
8/16/25 16:00,0.325,W
8/16/25 16:15,0.19,W
8/16/25 16:30,0.152,W
8/16/25 16:45,0.16,W
8/16/25 17:00,0.163,W
8/16/25 17:15,0.247,W
8/16/25 17:30,0.203,W
8/16/25 17:45,0.216,W
8/16/25 18:00,0.241,W
8/16/25 18:15,0.277,W
8/16/25 18:30,0.299,W
8/16/25 18:45,0.305,W
8/16/25 19:00,0.326,W
8/16/25 19:15,0.328,W
8/16/25 19:30,0.391,W
8/16/25 19:45,0.375,W
8/16/25 20:00,0.351,W
8/16/25 20:15,0.339,W
8/16/25 20:30,0.334,W
8/16/25 20:45,0.375,W
8/16/25 21:00,0.415,W
8/16/25 21:15,0.372,W
8/16/25 21:30,0.227,W
8/16/25 21:45,0.201,W
8/16/25 22:00,0.26,W
8/16/25 22:15,0.229,W
8/16/25 22:30,0.266,W
8/16/25 22:45,0.209,W
8/16/25 23:00,0.109,W
8/16/25 23:15,0.104,W
8/16/25 23:30,0.11,W
8/16/25 23:45,0.124,W
8/17/25 0:00,0.15,W
8/17/25 0:15,0.232,W
8/17/25 0:30,0.236,W
8/17/25 0:45,0.262,W
8/17/25 1:00,0.263,W
8/17/25 1:15,0.22,W
8/17/25 1:30,0.224,W
8/17/25 1:45,0.239,W
8/17/25 2:00,0.246,W
8/17/25 2:15,0.257,W
8/17/25 2:30,0.248,W
8/17/25 2:45,0.091,W
8/17/25 3:00,0.082,W
8/17/25 3:15,0.112,W
8/17/25 3:30,0.102,W
8/17/25 3:45,0.112,W
8/17/25 4:00,0.126,W
8/17/25 4:15,0.141,W
8/17/25 4:30,0.126,W
8/17/25 4:45,0.13,W
8/17/25 5:00,0.127,W
8/17/25 5:15,0.24,W
8/17/25 5:30,0.251,W
8/17/25 5:45,0.25,W
8/17/25 6:00,0.276,W
8/17/25 6:15,0.273,W
8/17/25 6:30,0.235,W
8/17/25 6:45,0.28,W
8/17/25 7:00,0.323,W
8/17/25 7:15,0.32,W
8/17/25 7:30,0.342,W
8/17/25 7:45,0.515,W
8/17/25 8:00,0.294,W
8/17/25 8:15,0.289,W
8/17/25 8:30,0.317,W
8/17/25 8:45,0.336,W
8/17/25 9:00,0.298,W
8/17/25 9:15,0.316,W
8/17/25 9:30,0.225,W
8/17/25 9:45,0.188,W
8/17/25 10:00,0.208,W
8/17/25 10:15,0.213,W
8/17/25 10:30,0.184,W
8/17/25 10:45,0.169,W
8/17/25 11:00,0.235,W
8/17/25 11:15,0.51,W
8/17/25 11:30,0.181,W
8/17/25 11:45,0.33,W
8/17/25 12:00,0.642,W
8/17/25 12:15,0.569,W
8/17/25 12:30,0.641,W
8/17/25 12:45,0.488,W
8/17/25 13:00,0.314,W
8/17/25 13:15,0.316,W
8/17/25 13:30,0.341,W
8/17/25 13:45,0.349,W
8/17/25 14:00,0.347,W
8/17/25 14:15,0.474,W
8/17/25 14:30,0.309,W
8/17/25 14:45,0.305,W
8/17/25 15:00,0.332,W
8/17/25 15:15,0.315,W
8/17/25 15:30,0.288,W
8/17/25 15:45,0.15,W
8/17/25 16:00,0.136,W
8/17/25 16:15,0.164,W
8/17/25 16:30,0.209,W
8/17/25 16:45,0.207,W
8/17/25 17:00,0.266,W
8/17/25 17:15,0.269,W
8/17/25 17:30,0.344,W
8/17/25 17:45,0.254,W
8/17/25 18:00,0.254,W
8/17/25 18:15,0.312,W
8/17/25 18:30,0.276,W
8/17/25 18:45,0.286,W
8/17/25 19:00,0.264,W
8/17/25 19:15,0.274,W
8/17/25 19:30,0.303,W
8/17/25 19:45,0.278,W
8/17/25 20:00,0.31,W
8/17/25 20:15,0.371,W
8/17/25 20:30,0.381,W
8/17/25 20:45,0.344,W
8/17/25 21:00,0.418,W
8/17/25 21:15,0.38,W
8/17/25 21:30,0.38,W
8/17/25 21:45,0.408,W
8/17/25 22:00,0.407,W
8/17/25 22:15,0.366,W
8/17/25 22:30,0.361,W
8/17/25 22:45,0.343,W
8/17/25 23:00,0.366,W
8/17/25 23:15,0.382,W
8/17/25 23:30,0.381,W
8/17/25 23:45,0.31,W
8/18/25 0:00,0.309,W
8/18/25 0:15,0.295,W
8/18/25 0:30,0.278,W
8/18/25 0:45,0.269,W
8/18/25 1:00,0.153,W
8/18/25 1:15,0.175,W
8/18/25 1:30,0.194,W
8/18/25 1:45,0.169,W
8/18/25 2:00,0.134,W
8/18/25 2:15,0.135,W
8/18/25 2:30,0.137,W
8/18/25 2:45,0.149,W
8/18/25 3:00,0.206,W
8/18/25 3:15,0.277,W
8/18/25 3:30,0.217,W
8/18/25 3:45,0.22,W
8/18/25 4:00,0.259,W
8/18/25 4:15,0.255,W
8/18/25 4:30,0.252,W
8/18/25 4:45,0.291,W
8/18/25 5:00,0.303,W
8/18/25 5:15,0.273,W
8/18/25 5:30,0.249,W
8/18/25 5:45,0.122,W
8/18/25 6:00,0.115,W
8/18/25 6:15,0.116,W
8/18/25 6:30,0.139,W
8/18/25 6:45,0.149,W
8/18/25 7:00,0.185,W
8/18/25 7:15,0.175,W
8/18/25 7:30,0.146,W
8/18/25 7:45,0.357,W
8/18/25 8:00,0.441,W
8/18/25 8:15,0.331,W
8/18/25 8:30,0.372,W
8/18/25 8:45,0.37,W
8/18/25 9:00,0.247,W
8/18/25 9:15,0.298,W
8/18/25 9:30,0.299,W
8/18/25 9:45,0.278,W
8/18/25 10:00,0.289,W
8/18/25 10:15,0.304,W
8/18/25 10:30,0.283,W
8/18/25 10:45,0.291,W
8/18/25 11:00,0.328,W
8/18/25 11:15,0.478,W
8/18/25 11:30,0.362,W
8/18/25 11:45,0.318,W
8/18/25 12:00,0.33,W
8/18/25 12:15,0.301,W
8/18/25 12:30,0.281,W
8/18/25 12:45,0.283,W
8/18/25 13:00,0.291,W
8/18/25 13:15,0.335,W
8/18/25 13:30,0.338,W
8/18/25 13:45,0.378,W
8/18/25 14:00,0.309,W
8/18/25 14:15,0.184,W
8/18/25 14:30,0.177,W
8/18/25 14:45,0.186,W
8/18/25 15:00,0.175,W
8/18/25 15:15,0.215,W
8/18/25 15:30,0.19,W
8/18/25 15:45,0.262,W
8/18/25 16:00,0.749,W
8/18/25 16:15,0.97,W
8/18/25 16:30,1.161,W
8/18/25 16:45,0.955,W
8/18/25 17:00,0.502,W
8/18/25 17:15,0.515,W
8/18/25 17:30,0.44,W
8/18/25 17:45,0.436,W
8/18/25 18:00,0.311,W
8/18/25 18:15,0.398,W
8/18/25 18:30,0.456,W
8/18/25 18:45,0.715,W
8/18/25 19:00,0.893,W
8/18/25 19:15,0.814,W
8/18/25 19:30,0.498,W
8/18/25 19:45,0.51,W
8/18/25 20:00,0.541,W
8/18/25 20:15,0.559,W
8/18/25 20:30,0.441,W
8/18/25 20:45,0.411,W
8/18/25 21:00,0.334,W
8/18/25 21:15,0.263,W
8/18/25 21:30,0.245,W
8/18/25 21:45,0.249,W
8/18/25 22:00,0.229,W
8/18/25 22:15,0.255,W
8/18/25 22:30,0.286,W
8/18/25 22:45,0.242,W
8/18/25 23:00,0.21,W
8/18/25 23:15,0.211,W
8/18/25 23:30,0.255,W
8/18/25 23:45,0.309,W
8/19/25 0:00,0.318,W
8/19/25 0:15,0.288,W
8/19/25 0:30,0.258,W
8/19/25 0:45,0.249,W
8/19/25 1:00,0.268,W
8/19/25 1:15,0.305,W
8/19/25 1:30,0.297,W
8/19/25 1:45,0.282,W
8/19/25 2:00,0.313,W
8/19/25 2:15,0.348,W
8/19/25 2:30,0.3,W
8/19/25 2:45,0.287,W
8/19/25 3:00,0.199,W
8/19/25 3:15,0.143,W
8/19/25 3:30,0.146,W
8/19/25 3:45,0.178,W
8/19/25 4:00,0.143,W
8/19/25 4:15,0.089,W
8/19/25 4:30,0.112,W
8/19/25 4:45,0.154,W
8/19/25 5:00,0.134,W
8/19/25 5:15,0.263,W
8/19/25 5:30,0.304,W
8/19/25 5:45,0.284,W
8/19/25 6:00,0.253,W
8/19/25 6:15,0.321,W
8/19/25 6:30,0.299,W
8/19/25 6:45,0.278,W
8/19/25 7:00,0.285,W
8/19/25 7:15,0.278,W
8/19/25 7:30,0.358,W
8/19/25 7:45,0.286,W
8/19/25 8:00,0.295,W
8/19/25 8:15,0.318,W
8/19/25 8:30,0.322,W
8/19/25 8:45,0.329,W
8/19/25 9:00,0.318,W
8/19/25 9:15,0.375,W
8/19/25 9:30,0.309,W
8/19/25 9:45,0.302,W
8/19/25 10:00,0.34,W
8/19/25 10:15,0.316,W
8/19/25 10:30,0.315,W
8/19/25 10:45,0.3,W
8/19/25 11:00,0.196,W
8/19/25 11:15,0.414,W
8/19/25 11:30,0.475,W
8/19/25 11:45,0.645,W
8/19/25 12:00,0.224,W
8/19/25 12:15,0.277,W
8/19/25 12:30,0.301,W
8/19/25 12:45,0.316,W
8/19/25 13:00,0.339,W
8/19/25 13:15,0.316,W
8/19/25 13:30,0.31,W
8/19/25 13:45,0.316,W
8/19/25 14:00,0.327,W
8/19/25 14:15,0.316,W
8/19/25 14:30,0.327,W
8/19/25 14:45,0.315,W
8/19/25 15:00,0.349,W
8/19/25 15:15,0.329,W
8/19/25 15:30,0.305,W
8/19/25 15:45,0.279,W
8/19/25 16:00,0.295,W
8/19/25 16:15,0.331,W
8/19/25 16:30,0.298,W
8/19/25 16:45,0.407,W
8/19/25 17:00,0.37,W
8/19/25 17:15,0.222,W
8/19/25 17:30,0.185,W
8/19/25 17:45,0.357,W
8/19/25 18:00,0.282,W
8/19/25 18:15,0.255,W
8/19/25 18:30,0.246,W
8/19/25 18:45,0.293,W
8/19/25 19:00,0.291,W
8/19/25 19:15,0.302,W
8/19/25 19:30,0.275,W
8/19/25 19:45,0.585,W
8/19/25 20:00,0.572,W
8/19/25 20:15,0.674,W
8/19/25 20:30,0.526,W
8/19/25 20:45,0.351,W
8/19/25 21:00,0.334,W
8/19/25 21:15,0.354,W
8/19/25 21:30,0.352,W
8/19/25 21:45,0.239,W
8/19/25 22:00,0.221,W
8/19/25 22:15,0.232,W
8/19/25 22:30,0.198,W
8/19/25 22:45,0.183,W
8/19/25 23:00,0.175,W
8/19/25 23:15,0.151,W
8/19/25 23:30,0.171,W
8/19/25 23:45,0.179,W
8/20/25 0:00,0.209,W
8/20/25 0:15,0.313,W
8/20/25 0:30,0.269,W
8/20/25 0:45,0.231,W
8/20/25 1:00,0.238,W
8/20/25 1:15,0.266,W
8/20/25 1:30,0.275,W
8/20/25 1:45,0.261,W
8/20/25 2:00,0.262,W
8/20/25 2:15,0.251,W
8/20/25 2:30,0.255,W
8/20/25 2:45,0.127,W
8/20/25 3:00,0.117,W
8/20/25 3:15,0.207,W
8/20/25 3:30,0.119,W
8/20/25 3:45,0.142,W
8/20/25 4:00,0.111,W
8/20/25 4:15,0.095,W
8/20/25 4:30,0.114,W
8/20/25 4:45,0.099,W
8/20/25 5:00,0.153,W
8/20/25 5:15,0.301,W
8/20/25 5:30,0.26,W
8/20/25 5:45,0.238,W
8/20/25 6:00,0.295,W
8/20/25 6:15,0.261,W
8/20/25 6:30,0.255,W
8/20/25 6:45,0.291,W
8/20/25 7:00,0.272,W
8/20/25 7:15,0.291,W
8/20/25 7:30,0.35,W
8/20/25 7:45,0.278,W
8/20/25 8:00,0.293,W
8/20/25 8:15,0.353,W
8/20/25 8:30,0.502,W
8/20/25 8:45,0.336,W
8/20/25 9:00,0.334,W
8/20/25 9:15,0.335,W
8/20/25 9:30,1.067,W
8/20/25 9:45,0.549,W
8/20/25 10:00,0.992,W
8/20/25 10:15,0.633,W
8/20/25 10:30,0.243,W
8/20/25 10:45,0.233,W
8/20/25 11:00,0.198,W
8/20/25 11:15,0.365,W
8/20/25 11:30,0.339,W
8/20/25 11:45,0.514,W
8/20/25 12:00,0.552,W
8/20/25 12:15,0.538,W
8/20/25 12:30,0.496,W
8/20/25 12:45,0.506,W
8/20/25 13:00,0.362,W
8/20/25 13:15,0.337,W
8/20/25 13:30,0.33,W
8/20/25 13:45,0.342,W
8/20/25 14:00,0.378,W
8/20/25 14:15,0.374,W
8/20/25 14:30,0.376,W
8/20/25 14:45,0.345,W
8/20/25 15:00,0.221,W
8/20/25 15:15,0.219,W
8/20/25 15:30,0.217,W
8/20/25 15:45,0.239,W
8/20/25 16:00,0.281,W
8/20/25 16:15,0.199,W
8/20/25 16:30,0.231,W
8/20/25 16:45,0.311,W
8/20/25 17:00,0.463,W
8/20/25 17:15,0.415,W
8/20/25 17:30,0.446,W
8/20/25 17:45,0.693,W
8/20/25 18:00,0.465,W
8/20/25 18:15,0.424,W
8/20/25 18:30,0.362,W
8/20/25 18:45,0.571,W
8/20/25 19:00,0.561,W
8/20/25 19:15,0.696,W
8/20/25 19:30,0.608,W
8/20/25 19:45,0.361,W
8/20/25 20:00,0.337,W
8/20/25 20:15,0.357,W
8/20/25 20:30,0.45,W
8/20/25 20:45,0.388,W
8/20/25 21:00,0.236,W
8/20/25 21:15,0.221,W
8/20/25 21:30,0.262,W
8/20/25 21:45,0.272,W
8/20/25 22:00,0.309,W
8/20/25 22:15,0.282,W
8/20/25 22:30,0.253,W
8/20/25 22:45,0.236,W
8/20/25 23:00,0.246,W
8/20/25 23:15,0.264,W
8/20/25 23:30,0.251,W
8/20/25 23:45,0.33,W
8/21/25 0:00,0.333,W
8/21/25 0:15,0.287,W
8/21/25 0:30,0.276,W
8/21/25 0:45,0.277,W
8/21/25 1:00,0.27,W
8/21/25 1:15,0.273,W
8/21/25 1:30,0.293,W
8/21/25 1:45,0.256,W
8/21/25 2:00,0.232,W
8/21/25 2:15,0.261,W
8/21/25 2:30,0.232,W
8/21/25 2:45,0.282,W
8/21/25 3:00,0.203,W
8/21/25 3:15,0.136,W
8/21/25 3:30,0.124,W
8/21/25 3:45,0.133,W
8/21/25 4:00,0.134,W
8/21/25 4:15,0.125,W
8/21/25 4:30,0.133,W
8/21/25 4:45,0.149,W
8/21/25 5:00,0.147,W
8/21/25 5:15,0.216,W
8/21/25 5:30,0.284,W
8/21/25 5:45,0.253,W
8/21/25 6:00,0.263,W
8/21/25 6:15,0.286,W
8/21/25 6:30,0.325,W
8/21/25 6:45,0.314,W
8/21/25 7:00,0.287,W
8/21/25 7:15,0.248,W
8/21/25 7:30,0.248,W
8/21/25 7:45,0.498,W
8/21/25 8:00,0.396,W
8/21/25 8:15,0.328,W
8/21/25 8:30,0.35,W
8/21/25 8:45,0.316,W
8/21/25 9:00,0.673,W
8/21/25 9:15,0.335,W
8/21/25 9:30,0.307,W
8/21/25 9:45,0.291,W
8/21/25 10:00,0.311,W
8/21/25 10:15,0.332,W
8/21/25 10:30,0.295,W
8/21/25 10:45,0.269,W
8/21/25 11:00,0.284,W
8/21/25 11:15,0.323,W
8/21/25 11:30,0.818,W
8/21/25 11:45,0.665,W
8/21/25 12:00,0.501,W
8/21/25 12:15,0.279,W
8/21/25 12:30,0.339,W
8/21/25 12:45,0.33,W
8/21/25 13:00,0.337,W
8/21/25 13:15,0.317,W
8/21/25 13:30,0.208,W
8/21/25 13:45,0.22,W
8/21/25 14:00,0.224,W
8/21/25 14:15,0.182,W
8/21/25 14:30,0.192,W
8/21/25 14:45,0.236,W
8/21/25 15:00,0.232,W
8/21/25 15:15,0.276,W
8/21/25 15:30,0.278,W
8/21/25 15:45,0.309,W
8/21/25 16:00,0.311,W
8/21/25 16:15,0.304,W
8/21/25 16:30,0.346,W
8/21/25 16:45,0.364,W
8/21/25 17:00,0.444,W
8/21/25 17:15,0.429,W
8/21/25 17:30,0.418,W
8/21/25 17:45,0.404,W
8/21/25 18:00,0.294,W
8/21/25 18:15,0.318,W
8/21/25 18:30,0.304,W
8/21/25 18:45,0.403,W
8/21/25 19:00,0.36,W
8/21/25 19:15,0.266,W
8/21/25 19:30,0.174,W
8/21/25 19:45,0.178,W
8/21/25 20:00,0.241,W
8/21/25 20:15,0.64,W
8/21/25 20:30,0.8,W
8/21/25 20:45,0.712,W
8/21/25 21:00,0.871,W
8/21/25 21:15,0.891,W
8/21/25 21:30,0.71,W
8/21/25 21:45,0.691,W
8/21/25 22:00,0.912,W
8/21/25 22:15,1.193,W
8/21/25 22:30,0.733,W
8/21/25 22:45,0.723,W
8/21/25 23:00,0.651,W
8/21/25 23:15,0.647,W
8/21/25 23:30,0.643,W
8/21/25 23:45,0.638,W
8/22/25 0:00,0.333,W
8/22/25 0:15,0.2,W
8/22/25 0:30,0.185,W
8/22/25 0:45,0.148,W
8/22/25 1:00,0.158,W
8/22/25 1:15,0.156,W
8/22/25 1:30,0.136,W
8/22/25 1:45,0.152,W
8/22/25 2:00,0.177,W
8/22/25 2:15,0.197,W
8/22/25 2:30,0.275,W
8/22/25 2:45,0.273,W
8/22/25 3:00,0.264,W
8/22/25 3:15,0.253,W
8/22/25 3:30,0.272,W
8/22/25 3:45,0.26,W
8/22/25 4:00,0.258,W
8/22/25 4:15,0.252,W
8/22/25 4:30,0.253,W
8/22/25 4:45,0.212,W
8/22/25 5:00,0.116,W
8/22/25 5:15,0.169,W
8/22/25 5:30,0.175,W
8/22/25 5:45,0.144,W
8/22/25 6:00,0.118,W
8/22/25 6:15,0.114,W
8/22/25 6:30,0.141,W
8/22/25 6:45,0.142,W
8/22/25 7:00,0.143,W
8/22/25 7:15,0.261,W
8/22/25 7:30,0.251,W
8/22/25 7:45,0.24,W
8/22/25 8:00,0.319,W
8/22/25 8:15,0.284,W
8/22/25 8:30,0.278,W
8/22/25 8:45,0.311,W
8/22/25 9:00,0.38,W
8/22/25 9:15,0.317,W
8/22/25 9:30,0.309,W
8/22/25 9:45,0.718,W
8/22/25 10:00,0.419,W
8/22/25 10:15,0.421,W
8/22/25 10:30,0.449,W
8/22/25 10:45,0.751,W
8/22/25 11:00,0.78,W
8/22/25 11:15,0.419,W
8/22/25 11:30,0.399,W
8/22/25 11:45,0.57,W
8/22/25 12:00,0.426,W
8/22/25 12:15,0.418,W
8/22/25 12:30,0.352,W
8/22/25 12:45,0.304,W
8/22/25 13:00,0.266,W
8/22/25 13:15,0.163,W
8/22/25 13:30,0.173,W
8/22/25 13:45,0.186,W
8/22/25 14:00,0.189,W
8/22/25 14:15,0.202,W
8/22/25 14:30,0.148,W
8/22/25 14:45,0.138,W
8/22/25 15:00,0.163,W
8/22/25 15:15,0.363,W
8/22/25 15:30,0.447,W
8/22/25 15:45,0.48,W
8/22/25 16:00,0.693,W
8/22/25 16:15,0.381,W
8/22/25 16:30,0.341,W
8/22/25 16:45,0.377,W
8/22/25 17:00,0.383,W
8/22/25 17:15,0.391,W
8/22/25 17:30,0.395,W
8/22/25 17:45,0.329,W
8/22/25 18:00,0.348,W
8/22/25 18:15,0.47,W
8/22/25 18:30,0.434,W
8/22/25 18:45,0.427,W
8/22/25 19:00,0.313,W
8/22/25 19:15,0.706,W
8/22/25 19:30,0.468,W
8/22/25 19:45,0.507,W
8/22/25 20:00,0.474,W
8/22/25 20:15,0.4,W
8/22/25 20:30,0.536,W
8/22/25 20:45,0.251,W
8/22/25 21:00,0.216,W
8/22/25 21:15,0.23,W
8/22/25 21:30,0.313,W
8/22/25 21:45,0.337,W
8/22/25 22:00,0.366,W
8/22/25 22:15,0.375,W
8/22/25 22:30,0.387,W
8/22/25 22:45,0.348,W
8/22/25 23:00,0.315,W
8/22/25 23:15,0.3,W
8/22/25 23:30,0.325,W
8/22/25 23:45,0.33,W
8/23/25 0:00,0.306,W
8/23/25 0:15,0.31,W
8/23/25 0:30,0.211,W
8/23/25 0:45,0.162,W
8/23/25 1:00,0.17,W
8/23/25 1:15,0.173,W
8/23/25 1:30,0.164,W
8/23/25 1:45,0.123,W
8/23/25 2:00,0.128,W
8/23/25 2:15,0.097,W
8/23/25 2:30,0.08,W
8/23/25 2:45,0.144,W
8/23/25 3:00,0.247,W
8/23/25 3:15,0.24,W
8/23/25 3:30,0.257,W
8/23/25 3:45,0.255,W
8/23/25 4:00,0.241,W
8/23/25 4:15,0.234,W
8/23/25 4:30,0.243,W
8/23/25 4:45,0.235,W
8/23/25 5:00,0.169,W
8/23/25 5:15,0.164,W
8/23/25 5:30,0.126,W
8/23/25 5:45,0.093,W
8/23/25 6:00,0.094,W
8/23/25 6:15,0.124,W
8/23/25 6:30,0.116,W
8/23/25 6:45,0.116,W
8/23/25 7:00,0.128,W
8/23/25 7:15,0.12,W
8/23/25 7:30,0.208,W
8/23/25 7:45,0.5,W
8/23/25 8:00,0.497,W
8/23/25 8:15,1.179,W
8/23/25 8:30,0.361,W
8/23/25 8:45,0.685,W
8/23/25 9:00,0.395,W
8/23/25 9:15,0.294,W
8/23/25 9:30,0.292,W
8/23/25 9:45,0.298,W
8/23/25 10:00,0.31,W
8/23/25 10:15,0.638,W
8/23/25 10:30,0.405,W
8/23/25 10:45,0.877,W
8/23/25 11:00,0.795,W
8/23/25 11:15,0.657,W
8/23/25 11:30,0.449,W
8/23/25 11:45,1.285,W
8/23/25 12:00,0.996,W
8/23/25 12:15,0.713,W
8/23/25 12:30,0.378,W
8/23/25 12:45,0.453,W
8/23/25 13:00,0.453,W
8/23/25 13:15,0.462,W
8/23/25 13:30,0.34,W
8/23/25 13:45,0.364,W
8/23/25 14:00,0.385,W
8/23/25 14:15,0.302,W
8/23/25 14:30,0.169,W
8/23/25 14:45,0.207,W
8/23/25 15:00,0.221,W
8/23/25 15:15,0.259,W
8/23/25 15:30,0.421,W
8/23/25 15:45,0.401,W
8/23/25 16:00,0.376,W
8/23/25 16:15,0.379,W
8/23/25 16:30,0.394,W
8/23/25 16:45,0.413,W
8/23/25 17:00,0.34,W
8/23/25 17:15,0.282,W
8/23/25 17:30,0.299,W
8/23/25 17:45,0.287,W
8/23/25 18:00,0.392,W
8/23/25 18:15,0.33,W
8/23/25 18:30,0.586,W
8/23/25 18:45,0.558,W
8/23/25 19:00,0.656,W
8/23/25 19:15,0.369,W
8/23/25 19:30,0.141,W
8/23/25 19:45,0.144,W
8/23/25 20:00,0.153,W
8/23/25 20:15,0.163,W
8/23/25 20:30,0.188,W
8/23/25 20:45,0.185,W
8/23/25 21:00,0.171,W
8/23/25 21:15,0.19,W
8/23/25 21:30,0.184,W
8/23/25 21:45,0.288,W
8/23/25 22:00,0.323,W
8/23/25 22:15,0.331,W
8/23/25 22:30,0.341,W
8/23/25 22:45,0.32,W
8/23/25 23:00,0.28,W
8/23/25 23:15,0.288,W
8/23/25 23:30,0.292,W
8/23/25 23:45,0.309,W
8/24/25 0:00,0.306,W
8/24/25 0:15,0.282,W
8/24/25 0:30,0.098,W
8/24/25 0:45,0.099,W
8/24/25 1:00,0.134,W
8/24/25 1:15,0.146,W
8/24/25 1:30,0.13,W
8/24/25 1:45,0.115,W
8/24/25 2:00,0.097,W
8/24/25 2:15,0.113,W
8/24/25 2:30,0.105,W
8/24/25 2:45,0.124,W
8/24/25 3:00,0.221,W
8/24/25 3:15,0.244,W
8/24/25 3:30,0.256,W
8/24/25 3:45,0.253,W
8/24/25 4:00,0.257,W
8/24/25 4:15,0.247,W
8/24/25 4:30,0.246,W
8/24/25 4:45,0.278,W
8/24/25 5:00,0.181,W
8/24/25 5:15,0.154,W
8/24/25 5:30,0.149,W
8/24/25 5:45,0.139,W
8/24/25 6:00,0.144,W
8/24/25 6:15,0.137,W
8/24/25 6:30,0.107,W
8/24/25 6:45,0.162,W
8/24/25 7:00,0.151,W
8/24/25 7:15,0.158,W
8/24/25 7:30,0.214,W
8/24/25 7:45,0.325,W
8/24/25 8:00,0.592,W
8/24/25 8:15,0.394,W
8/24/25 8:30,0.724,W
8/24/25 8:45,0.901,W
8/24/25 9:00,0.583,W
8/24/25 9:15,0.348,W
8/24/25 9:30,0.338,W
8/24/25 9:45,0.33,W
8/24/25 10:00,0.307,W
8/24/25 10:15,0.355,W
8/24/25 10:30,0.315,W
8/24/25 10:45,0.471,W
8/24/25 11:00,0.794,W
8/24/25 11:15,0.527,W
8/24/25 11:30,0.646,W
8/24/25 11:45,0.619,W
8/24/25 12:00,0.537,W
8/24/25 12:15,0.846,W
8/24/25 12:30,0.554,W
8/24/25 12:45,0.825,W
8/24/25 13:00,0.697,W
8/24/25 13:15,0.265,W
8/24/25 13:30,0.298,W
8/24/25 13:45,0.315,W
8/24/25 14:00,0.326,W
8/24/25 14:15,0.294,W
8/24/25 14:30,0.193,W
8/24/25 14:45,0.148,W
8/24/25 15:00,0.149,W
8/24/25 15:15,0.144,W
8/24/25 15:30,0.142,W
8/24/25 15:45,0.225,W
8/24/25 16:00,0.251,W
8/24/25 16:15,0.257,W
8/24/25 16:30,0.384,W
8/24/25 16:45,0.505,W
8/24/25 17:00,0.595,W
8/24/25 17:15,0.62,W
8/24/25 17:30,0.603,W
8/24/25 17:45,0.568,W
8/24/25 18:00,0.565,W
8/24/25 18:15,0.484,W
8/24/25 18:30,0.476,W
8/24/25 18:45,0.398,W
8/24/25 19:00,0.326,W
8/24/25 19:15,0.345,W
8/24/25 19:30,0.653,W
8/24/25 19:45,0.532,W
8/24/25 20:00,0.373,W
8/24/25 20:15,0.379,W
8/24/25 20:30,0.418,W
8/24/25 20:45,0.433,W
8/24/25 21:00,0.38,W
8/24/25 21:15,0.24,W
8/24/25 21:30,0.235,W
8/24/25 21:45,0.212,W
8/24/25 22:00,0.249,W
8/24/25 22:15,0.254,W
8/24/25 22:30,0.274,W
8/24/25 22:45,0.222,W
8/24/25 23:00,0.129,W
8/24/25 23:15,0.105,W
8/24/25 23:30,0.147,W
8/24/25 23:45,0.142,W
8/25/25 0:00,0.268,W
8/25/25 0:15,0.263,W
8/25/25 0:30,0.283,W
8/25/25 0:45,0.272,W
8/25/25 1:00,0.282,W
8/25/25 1:15,0.287,W
8/25/25 1:30,0.235,W
8/25/25 1:45,0.27,W
8/25/25 2:00,0.311,W
8/25/25 2:15,0.297,W
8/25/25 2:30,0.297,W
8/25/25 2:45,0.14,W
8/25/25 3:00,0.101,W
8/25/25 3:15,0.136,W
8/25/25 3:30,0.113,W
8/25/25 3:45,0.103,W
8/25/25 4:00,0.08,W
8/25/25 4:15,0.1,W
8/25/25 4:30,0.109,W
8/25/25 4:45,0.169,W
8/25/25 5:00,0.237,W
8/25/25 5:15,0.245,W
8/25/25 5:30,0.231,W
8/25/25 5:45,0.277,W
8/25/25 6:00,0.253,W
8/25/25 6:15,0.274,W
8/25/25 6:30,0.266,W
8/25/25 6:45,0.279,W
8/25/25 7:00,0.283,W
8/25/25 7:15,0.148,W
8/25/25 7:30,0.133,W
8/25/25 7:45,0.328,W
8/25/25 8:00,0.184,W
8/25/25 8:15,0.108,W
8/25/25 8:30,0.134,W
8/25/25 8:45,0.622,W
8/25/25 9:00,0.601,W
8/25/25 9:15,0.687,W
8/25/25 9:30,0.322,W
8/25/25 9:45,0.268,W
8/25/25 10:00,0.264,W
8/25/25 10:15,0.265,W
8/25/25 10:30,0.268,W
8/25/25 10:45,0.316,W
8/25/25 11:00,0.283,W
8/25/25 11:15,0.577,W
8/25/25 11:30,0.573,W
8/25/25 11:45,0.466,W
8/25/25 12:00,0.283,W
8/25/25 12:15,0.305,W
8/25/25 12:30,0.296,W
8/25/25 12:45,0.254,W
8/25/25 13:00,0.272,W
8/25/25 13:15,0.276,W
8/25/25 13:30,0.309,W
8/25/25 13:45,0.297,W
8/25/25 14:00,0.269,W
8/25/25 14:15,0.27,W
8/25/25 14:30,0.175,W
8/25/25 14:45,0.265,W
8/25/25 15:00,0.264,W
8/25/25 15:15,0.099,W
8/25/25 15:30,0.127,W
8/25/25 15:45,0.249,W
8/25/25 16:00,0.187,W
8/25/25 16:15,0.185,W
8/25/25 16:30,0.176,W
8/25/25 16:45,0.274,W
8/25/25 17:00,0.326,W
8/25/25 17:15,0.414,W
8/25/25 17:30,0.586,W
8/25/25 17:45,0.535,W
8/25/25 18:00,0.44,W
8/25/25 18:15,0.312,W
8/25/25 18:30,0.324,W
8/25/25 18:45,0.291,W
8/25/25 19:00,0.336,W
8/25/25 19:15,0.298,W
8/25/25 19:30,0.287,W
8/25/25 19:45,0.32,W
8/25/25 20:00,0.355,W
8/25/25 20:15,0.369,W
8/25/25 20:30,0.394,W
8/25/25 20:45,0.381,W
8/25/25 21:00,0.407,W
8/25/25 21:15,0.407,W
8/25/25 21:30,0.354,W
8/25/25 21:45,0.222,W
8/25/25 22:00,0.252,W
8/25/25 22:15,0.271,W
8/25/25 22:30,0.271,W
8/25/25 22:45,0.264,W
8/25/25 23:00,0.136,W
8/25/25 23:15,0.131,W
8/25/25 23:30,0.133,W
8/25/25 23:45,0.144,W
8/26/25 0:00,0.15,W
8/26/25 0:15,0.278,W
8/26/25 0:30,0.246,W
8/26/25 0:45,0.215,W
8/26/25 1:00,0.244,W
8/26/25 1:15,0.227,W
8/26/25 1:30,0.222,W
8/26/25 1:45,0.242,W
8/26/25 2:00,0.253,W
8/26/25 2:15,0.26,W
8/26/25 2:30,0.262,W
8/26/25 2:45,0.256,W
8/26/25 3:00,0.173,W
8/26/25 3:15,0.098,W
8/26/25 3:30,0.101,W
8/26/25 3:45,0.126,W
8/26/25 4:00,0.121,W
8/26/25 4:15,0.089,W
8/26/25 4:30,0.096,W
8/26/25 4:45,0.136,W
8/26/25 5:00,0.097,W
8/26/25 5:15,0.205,W
8/26/25 5:30,0.334,W
8/26/25 5:45,0.377,W
8/26/25 6:00,0.266,W
8/26/25 6:15,0.273,W
8/26/25 6:30,0.245,W
8/26/25 6:45,0.233,W
8/26/25 7:00,0.253,W
8/26/25 7:15,0.278,W
8/26/25 7:30,0.267,W
8/26/25 7:45,0.396,W
8/26/25 8:00,0.698,W
8/26/25 8:15,0.291,W
8/26/25 8:30,0.302,W
8/26/25 8:45,0.277,W
8/26/25 9:00,0.283,W
8/26/25 9:15,0.198,W
8/26/25 9:30,0.078,W
8/26/25 9:45,0.11,W
8/26/25 10:00,0.121,W
8/26/25 10:15,0.135,W
8/26/25 10:30,0.095,W
8/26/25 10:45,0.11,W
8/26/25 11:00,0.132,W
8/26/25 11:15,0.149,W
8/26/25 11:30,0.114,W
8/26/25 11:45,0.286,W
8/26/25 12:00,0.295,W
8/26/25 12:15,0.565,W
8/26/25 12:30,0.479,W
8/26/25 12:45,0.805,W
8/26/25 13:00,0.581,W
8/26/25 13:15,0.285,W
8/26/25 13:30,0.297,W
8/26/25 13:45,0.307,W
8/26/25 14:00,0.384,W
8/26/25 14:15,0.276,W
8/26/25 14:30,0.171,W
8/26/25 14:45,0.192,W
8/26/25 15:00,0.155,W
8/26/25 15:15,0.255,W
8/26/25 15:30,0.16,W
8/26/25 15:45,0.266,W
8/26/25 16:00,0.361,W
8/26/25 16:15,0.411,W
8/26/25 16:30,0.435,W
8/26/25 16:45,0.548,W
8/26/25 17:00,0.473,W
8/26/25 17:15,0.456,W
8/26/25 17:30,0.352,W
8/26/25 17:45,0.343,W
8/26/25 18:00,0.569,W
8/26/25 18:15,0.555,W
8/26/25 18:30,0.646,W
8/26/25 18:45,0.499,W
8/26/25 19:00,0.327,W
8/26/25 19:15,0.37,W
8/26/25 19:30,0.301,W
8/26/25 19:45,0.188,W
8/26/25 20:00,0.225,W
8/26/25 20:15,0.261,W
8/26/25 20:30,0.246,W
8/26/25 20:45,0.255,W
8/26/25 21:00,0.255,W
8/26/25 21:15,0.229,W
8/26/25 21:30,0.262,W
8/26/25 21:45,0.295,W
8/26/25 22:00,0.399,W
8/26/25 22:15,0.421,W
8/26/25 22:30,0.394,W
8/26/25 22:45,0.407,W
8/26/25 23:00,0.352,W
8/26/25 23:15,0.333,W
8/26/25 23:30,0.275,W
8/26/25 23:45,0.266,W
8/27/25 0:00,0.282,W
8/27/25 0:15,0.283,W
8/27/25 0:30,0.301,W
8/27/25 0:45,0.205,W
8/27/25 1:00,0.112,W
8/27/25 1:15,0.146,W
8/27/25 1:30,0.117,W
8/27/25 1:45,0.094,W
8/27/25 2:00,0.082,W
8/27/25 2:15,0.12,W
8/27/25 2:30,0.115,W
8/27/25 2:45,0.097,W
8/27/25 3:00,0.117,W
8/27/25 3:15,0.216,W
8/27/25 3:30,0.217,W
8/27/25 3:45,0.236,W
8/27/25 4:00,0.286,W
8/27/25 4:15,0.249,W
8/27/25 4:30,0.222,W
8/27/25 4:45,0.229,W
8/27/25 5:00,0.233,W
8/27/25 5:15,0.247,W
8/27/25 5:30,0.167,W
8/27/25 5:45,0.115,W
8/27/25 6:00,0.145,W
8/27/25 6:15,0.134,W
8/27/25 6:30,0.123,W
8/27/25 6:45,0.1,W
8/27/25 7:00,0.101,W
8/27/25 7:15,0.11,W
8/27/25 7:30,0.171,W
8/27/25 7:45,0.202,W
8/27/25 8:00,0.291,W
8/27/25 8:15,0.303,W
8/27/25 8:30,0.271,W
8/27/25 8:45,0.287,W
8/27/25 9:00,0.306,W
8/27/25 9:15,0.326,W
8/27/25 9:30,0.307,W
8/27/25 9:45,0.304,W
8/27/25 10:00,0.342,W
8/27/25 10:15,0.29,W
8/27/25 10:30,0.269,W
8/27/25 10:45,0.149,W
8/27/25 11:00,0.148,W
8/27/25 11:15,0.151,W
8/27/25 11:30,0.167,W
8/27/25 11:45,0.161,W
8/27/25 12:00,0.101,W
8/27/25 12:15,0.116,W
8/27/25 12:30,0.282,W
8/27/25 12:45,0.285,W
8/27/25 13:00,0.369,W
8/27/25 13:15,0.269,W
8/27/25 13:30,0.306,W
8/27/25 13:45,0.282,W
8/27/25 14:00,0.361,W
8/27/25 14:15,0.32,W
8/27/25 14:30,0.356,W
8/27/25 14:45,0.294,W
8/27/25 15:00,0.161,W
8/27/25 15:15,0.526,W
8/27/25 15:30,0.151,W
8/27/25 15:45,0.177,W
8/27/25 16:00,0.95,W
8/27/25 16:15,0.324,W
8/27/25 16:30,0.458,W
8/27/25 16:45,0.556,W
8/27/25 17:00,0.317,W
8/27/25 17:15,0.533,W
8/27/25 17:30,0.329,W
8/27/25 17:45,0.414,W
8/27/25 18:00,0.384,W
8/27/25 18:15,0.407,W
8/27/25 18:30,0.343,W
8/27/25 18:45,0.271,W
8/27/25 19:00,0.332,W
8/27/25 19:15,0.368,W
8/27/25 19:30,0.327,W
8/27/25 19:45,0.341,W
8/27/25 20:00,0.34,W
8/27/25 20:15,0.238,W
8/27/25 20:30,0.169,W
8/27/25 20:45,0.314,W
8/27/25 21:00,0.305,W
8/27/25 21:15,0.298,W
8/27/25 21:30,0.267,W
8/27/25 21:45,0.336,W
8/27/25 22:00,0.255,W
8/27/25 22:15,0.254,W
8/27/25 22:30,0.351,W
8/27/25 22:45,0.406,W
8/27/25 23:00,0.407,W
8/27/25 23:15,0.39,W
8/27/25 23:30,0.232,W
8/27/25 23:45,0.243,W
8/28/25 0:00,0.275,W
8/28/25 0:15,0.261,W
8/28/25 0:30,0.284,W
8/28/25 0:45,0.294,W
8/28/25 1:00,0.25,W
8/28/25 1:15,0.161,W
8/28/25 1:30,0.134,W
8/28/25 1:45,0.121,W
8/28/25 2:00,0.135,W
8/28/25 2:15,0.141,W
8/28/25 2:30,0.135,W
8/28/25 2:45,0.126,W
8/28/25 3:00,0.12,W
8/28/25 3:15,0.112,W
8/28/25 3:30,0.157,W
8/28/25 3:45,0.25,W
8/28/25 4:00,0.25,W
8/28/25 4:15,0.304,W
8/28/25 4:30,0.266,W
8/28/25 4:45,0.246,W
8/28/25 5:00,0.234,W
8/28/25 5:15,0.261,W
8/28/25 5:30,0.27,W
8/28/25 5:45,0.215,W
8/28/25 6:00,0.15,W
8/28/25 6:15,0.089,W
8/28/25 6:30,0.095,W
8/28/25 6:45,0.118,W
8/28/25 7:00,0.175,W
8/28/25 7:15,0.329,W
8/28/25 7:30,0.168,W
8/28/25 7:45,0.123,W
8/28/25 8:00,0.519,W
8/28/25 8:15,0.501,W
8/28/25 8:30,0.68,W
8/28/25 8:45,0.625,W
8/28/25 9:00,0.234,W
8/28/25 9:15,0.258,W
8/28/25 9:30,0.301,W
8/28/25 9:45,0.276,W
8/28/25 10:00,0.373,W
8/28/25 10:15,0.325,W
8/28/25 10:30,0.199,W
8/28/25 10:45,0.119,W
8/28/25 11:00,0.525,W
8/28/25 11:15,0.46,W
8/28/25 11:30,0.696,W
8/28/25 11:45,0.441,W
8/28/25 12:00,0.292,W
8/28/25 12:15,0.228,W
8/28/25 12:30,0.312,W
8/28/25 12:45,0.266,W
8/28/25 13:00,0.292,W
8/28/25 13:15,0.279,W
8/28/25 13:30,0.704,W
8/28/25 13:45,0.547,W
8/28/25 14:00,0.884,W
8/28/25 14:15,0.809,W
8/28/25 14:30,0.56,W
8/28/25 14:45,0.451,W
8/28/25 15:00,0.325,W
8/28/25 15:15,0.224,W
8/28/25 15:30,0.288,W
8/28/25 15:45,0.32,W
8/28/25 16:00,0.595,W
8/28/25 16:15,0.261,W
8/28/25 16:30,0.261,W
8/28/25 16:45,0.279,W
8/28/25 17:00,0.388,W
8/28/25 17:15,0.364,W
8/28/25 17:30,0.432,W
8/28/25 17:45,0.482,W
8/28/25 18:00,0.265,W
8/28/25 18:15,0.246,W
8/28/25 18:30,0.262,W
8/28/25 18:45,0.344,W
8/28/25 19:00,0.389,W
8/28/25 19:15,0.35,W
8/28/25 19:30,0.409,W
8/28/25 19:45,0.592,W
8/28/25 20:00,0.676,W
8/28/25 20:15,0.792,W
8/28/25 20:30,0.257,W
8/28/25 20:45,0.233,W
8/28/25 21:00,0.25,W
8/28/25 21:15,0.27,W
8/28/25 21:30,0.265,W
8/28/25 21:45,0.263,W
8/28/25 22:00,0.215,W
8/28/25 22:15,0.212,W
8/28/25 22:30,0.351,W
8/28/25 22:45,0.394,W
8/28/25 23:00,0.363,W
8/28/25 23:15,0.349,W
8/28/25 23:30,0.317,W
8/28/25 23:45,0.314,W
8/29/25 0:00,0.325,W
8/29/25 0:15,0.325,W
8/29/25 0:30,0.313,W
8/29/25 0:45,0.199,W
8/29/25 1:00,0.123,W
8/29/25 1:15,0.103,W
8/29/25 1:30,0.106,W
8/29/25 1:45,0.081,W
8/29/25 2:00,0.081,W
8/29/25 2:15,0.148,W
8/29/25 2:30,0.141,W
8/29/25 2:45,0.108,W
8/29/25 3:00,0.094,W
8/29/25 3:15,0.092,W
8/29/25 3:30,0.213,W
8/29/25 3:45,0.239,W
8/29/25 4:00,0.286,W
8/29/25 4:15,0.255,W
8/29/25 4:30,0.237,W
8/29/25 4:45,0.234,W
8/29/25 5:00,0.255,W
8/29/25 5:15,0.277,W
8/29/25 5:30,0.194,W
8/29/25 5:45,0.121,W
8/29/25 6:00,0.117,W
8/29/25 6:15,0.12,W
8/29/25 6:30,0.109,W
8/29/25 6:45,0.143,W
8/29/25 7:00,0.234,W
8/29/25 7:15,0.153,W
8/29/25 7:30,0.204,W
8/29/25 7:45,0.423,W
8/29/25 8:00,0.32,W
8/29/25 8:15,0.307,W
8/29/25 8:30,0.278,W
8/29/25 8:45,0.355,W
8/29/25 9:00,0.486,W
8/29/25 9:15,0.436,W
8/29/25 9:30,0.311,W
8/29/25 9:45,0.329,W
8/29/25 10:00,0.25,W
8/29/25 10:15,0.314,W
8/29/25 10:30,0.202,W
8/29/25 10:45,0.194,W
8/29/25 11:00,0.172,W
8/29/25 11:15,0.192,W
8/29/25 11:30,0.179,W
8/29/25 11:45,0.303,W
8/29/25 12:00,0.301,W
8/29/25 12:15,0.314,W
8/29/25 12:30,0.335,W
8/29/25 12:45,0.359,W
8/29/25 13:00,0.327,W
8/29/25 13:15,0.298,W
8/29/25 13:30,0.299,W
8/29/25 13:45,0.386,W
8/29/25 14:00,0.336,W
8/29/25 14:15,0.386,W
8/29/25 14:30,0.669,W
8/29/25 14:45,0.636,W
8/29/25 15:00,0.287,W
8/29/25 15:15,0.25,W
8/29/25 15:30,0.151,W
8/29/25 15:45,0.14,W
8/29/25 16:00,0.171,W
8/29/25 16:15,0.18,W
8/29/25 16:30,0.15,W
8/29/25 16:45,0.245,W
8/29/25 17:00,0.252,W
8/29/25 17:15,0.24,W
8/29/25 17:30,0.265,W
8/29/25 17:45,0.269,W
8/29/25 18:00,0.279,W
8/29/25 18:15,0.287,W
8/29/25 18:30,0.254,W
8/29/25 18:45,0.327,W
8/29/25 19:00,0.444,W
8/29/25 19:15,0.357,W
8/29/25 19:30,0.406,W
8/29/25 19:45,0.336,W
8/29/25 20:00,0.595,W
8/29/25 20:15,0.481,W
8/29/25 20:30,0.544,W
8/29/25 20:45,0.931,W
8/29/25 21:00,0.776,W
8/29/25 21:15,0.721,W
8/29/25 21:30,0.966,W
8/29/25 21:45,0.989,W
8/29/25 22:00,0.825,W
8/29/25 22:15,0.7,W
8/29/25 22:30,0.722,W
8/29/25 22:45,0.715,W
8/29/25 23:00,0.71,W
8/29/25 23:15,0.761,W
8/29/25 23:30,0.317,W
8/29/25 23:45,0.234,W
8/30/25 0:00,0.201,W
8/30/25 0:15,0.202,W
8/30/25 0:30,0.259,W
8/30/25 0:45,0.207,W
8/30/25 1:00,0.118,W
8/30/25 1:15,0.128,W
8/30/25 1:30,0.135,W
8/30/25 1:45,0.176,W
8/30/25 2:00,0.224,W
8/30/25 2:15,0.267,W
8/30/25 2:30,0.246,W
8/30/25 2:45,0.222,W
8/30/25 3:00,0.245,W
8/30/25 3:15,0.288,W
8/30/25 3:30,0.256,W
8/30/25 3:45,0.266,W
8/30/25 4:00,0.199,W
8/30/25 4:15,0.107,W
8/30/25 4:30,0.117,W
8/30/25 4:45,0.111,W
8/30/25 5:00,0.092,W
8/30/25 5:15,0.101,W
8/30/25 5:30,0.106,W
8/30/25 5:45,0.69,W
8/30/25 6:00,1.157,W
8/30/25 6:15,0.205,W
8/30/25 6:30,0.675,W
8/30/25 6:45,0.316,W
8/30/25 7:00,0.264,W
8/30/25 7:15,0.284,W
8/30/25 7:30,0.489,W
8/30/25 7:45,0.287,W
8/30/25 8:00,0.586,W
8/30/25 8:15,0.814,W
8/30/25 8:30,0.813,W
8/30/25 8:45,0.792,W
8/30/25 9:00,0.466,W
8/30/25 9:15,0.327,W
8/30/25 9:30,0.287,W
8/30/25 9:45,0.314,W
8/30/25 10:00,0.293,W
8/30/25 10:15,0.289,W
8/30/25 10:30,0.371,W
8/30/25 10:45,0.455,W
8/30/25 11:00,0.931,W
8/30/25 11:15,0.841,W
8/30/25 11:30,0.518,W
8/30/25 11:45,0.417,W
8/30/25 12:00,0.724,W
8/30/25 12:15,0.867,W
8/30/25 12:30,0.398,W
8/30/25 12:45,0.356,W
8/30/25 13:00,0.307,W
8/30/25 13:15,0.388,W
8/30/25 13:30,0.52,W
8/30/25 13:45,0.783,W
8/30/25 14:00,0.718,W
8/30/25 14:15,0.444,W
8/30/25 14:30,0.46,W
8/30/25 14:45,0.458,W
8/30/25 15:00,0.49,W
8/30/25 15:15,0.293,W
8/30/25 15:30,0.158,W
8/30/25 15:45,0.138,W
8/30/25 16:00,0.177,W
8/30/25 16:15,0.176,W
8/30/25 16:30,0.167,W
8/30/25 16:45,0.159,W
8/30/25 17:00,0.161,W
8/30/25 17:15,0.278,W
8/30/25 17:30,0.362,W
8/30/25 17:45,0.356,W
8/30/25 18:00,0.333,W
8/30/25 18:15,0.3,W
8/30/25 18:30,0.316,W
8/30/25 18:45,0.313,W
8/30/25 19:00,0.338,W
8/30/25 19:15,0.371,W
8/30/25 19:30,0.338,W
8/30/25 19:45,0.365,W
8/30/25 20:00,0.372,W
8/30/25 20:15,0.398,W
8/30/25 20:30,0.406,W
8/30/25 20:45,0.388,W
8/30/25 21:00,0.314,W
8/30/25 21:15,0.264,W
8/30/25 21:30,0.233,W
8/30/25 21:45,0.214,W
8/30/25 22:00,0.213,W
8/30/25 22:15,0.297,W
8/30/25 22:30,0.25,W
8/30/25 22:45,0.229,W
8/30/25 23:00,0.146,W
8/30/25 23:15,0.12,W
8/30/25 23:30,0.117,W
8/30/25 23:45,0.209,W
8/31/25 0:00,0.271,W
8/31/25 0:15,0.241,W
8/31/25 0:30,0.238,W
8/31/25 0:45,0.262,W
8/31/25 1:00,0.24,W
8/31/25 1:15,0.263,W
8/31/25 1:30,0.267,W
8/31/25 1:45,0.239,W
8/31/25 2:00,0.218,W
8/31/25 2:15,0.268,W
8/31/25 2:30,0.252,W
8/31/25 2:45,0.113,W
8/31/25 3:00,0.113,W
8/31/25 3:15,0.103,W
8/31/25 3:30,0.104,W
8/31/25 3:45,0.116,W
8/31/25 4:00,0.135,W
8/31/25 4:15,0.097,W
8/31/25 4:30,0.094,W
8/31/25 4:45,0.134,W
8/31/25 5:00,0.245,W
8/31/25 5:15,0.25,W
8/31/25 5:30,0.25,W
8/31/25 5:45,0.245,W
8/31/25 6:00,0.223,W
8/31/25 6:15,0.243,W
8/31/25 6:30,0.255,W
8/31/25 6:45,0.235,W
8/31/25 7:00,0.213,W
8/31/25 7:15,0.148,W
8/31/25 7:30,0.156,W
8/31/25 7:45,0.148,W
8/31/25 8:00,0.218,W
8/31/25 8:15,0.291,W
8/31/25 8:30,0.21,W
8/31/25 8:45,0.17,W
8/31/25 9:00,0.182,W
8/31/25 9:15,0.246,W
8/31/25 9:30,0.711,W
8/31/25 9:45,0.744,W
8/31/25 10:00,0.984,W
8/31/25 10:15,0.756,W
8/31/25 10:30,0.433,W
8/31/25 10:45,0.458,W
8/31/25 11:00,0.432,W
8/31/25 11:15,0.364,W
8/31/25 11:30,0.465,W
8/31/25 11:45,0.383,W
8/31/25 12:00,0.484,W
8/31/25 12:15,0.606,W
8/31/25 12:30,0.787,W
8/31/25 12:45,0.753,W
8/31/25 13:00,0.486,W
8/31/25 13:15,0.445,W
8/31/25 13:30,0.478,W
8/31/25 13:45,0.53,W
8/31/25 14:00,0.297,W
8/31/25 14:15,0.26,W
8/31/25 14:30,0.265,W
8/31/25 14:45,0.154,W
8/31/25 15:00,0.141,W
8/31/25 15:15,0.164,W
8/31/25 15:30,0.144,W
8/31/25 15:45,0.612,W
8/31/25 16:00,0.452,W
8/31/25 16:15,0.617,W
8/31/25 16:30,0.333,W
8/31/25 16:45,0.32,W
8/31/25 17:00,0.284,W
8/31/25 17:15,0.372,W
8/31/25 17:30,0.396,W
8/31/25 17:45,0.368,W
8/31/25 18:00,0.296,W
8/31/25 18:15,0.311,W
8/31/25 18:30,0.324,W
8/31/25 18:45,0.319,W
8/31/25 19:00,0.382,W
8/31/25 19:15,0.337,W
8/31/25 19:30,0.365,W
8/31/25 19:45,0.36,W
8/31/25 20:00,0.363,W
8/31/25 20:15,0.366,W
8/31/25 20:30,0.428,W
8/31/25 20:45,0.375,W
8/31/25 21:00,0.33,W
8/31/25 21:15,0.409,W
8/31/25 21:30,0.39,W
8/31/25 21:45,0.21,W
8/31/25 22:00,0.376,W
8/31/25 22:15,0.358,W
8/31/25 22:30,0.306,W
8/31/25 22:45,0.258,W
8/31/25 23:00,0.237,W
8/31/25 23:15,0.211,W
8/31/25 23:30,0.23,W
8/31/25 23:45,0.139,W
9/1/25 0:00,0.143,W
9/1/25 0:15,0.279,W
9/1/25 0:30,0.283,W
9/1/25 0:45,0.302,W
9/1/25 1:00,0.28,W
9/1/25 1:15,0.259,W
9/1/25 1:30,0.256,W
9/1/25 1:45,0.246,W
9/1/25 2:00,0.266,W
9/1/25 2:15,0.294,W
9/1/25 2:30,0.314,W
9/1/25 2:45,0.285,W
9/1/25 3:00,0.243,W
9/1/25 3:15,0.125,W
9/1/25 3:30,0.166,W
9/1/25 3:45,0.143,W
9/1/25 4:00,0.138,W
9/1/25 4:15,0.126,W
9/1/25 4:30,0.113,W
9/1/25 4:45,0.123,W
9/1/25 5:00,0.143,W
9/1/25 5:15,0.126,W
9/1/25 5:30,0.22,W
9/1/25 5:45,0.267,W
9/1/25 6:00,0.274,W
9/1/25 6:15,0.232,W
9/1/25 6:30,0.25,W
9/1/25 6:45,0.266,W
9/1/25 7:00,0.256,W
9/1/25 7:15,0.309,W
9/1/25 7:30,0.322,W
9/1/25 7:45,0.225,W
9/1/25 8:00,0.223,W
9/1/25 8:15,0.26,W
9/1/25 8:30,0.251,W
9/1/25 8:45,0.264,W
9/1/25 9:00,0.264,W
9/1/25 9:15,0.295,W
9/1/25 9:30,0.369,W
9/1/25 9:45,0.328,W
9/1/25 10:00,0.136,W
9/1/25 10:15,0.095,W
9/1/25 10:30,0.094,W
9/1/25 10:45,0.116,W
9/1/25 11:00,0.679,W
9/1/25 11:15,0.451,W
9/1/25 11:30,0.292,W
9/1/25 11:45,0.244,W
9/1/25 12:00,0.252,W
9/1/25 12:15,0.26,W
9/1/25 12:30,0.25,W
9/1/25 12:45,0.252,W
9/1/25 13:00,0.262,W
9/1/25 13:15,0.238,W
9/1/25 13:30,0.261,W
9/1/25 13:45,0.255,W
9/1/25 14:00,0.235,W
9/1/25 14:15,0.239,W
9/1/25 14:30,0.27,W
9/1/25 14:45,0.264,W
9/1/25 15:00,0.215,W
9/1/25 15:15,0.111,W
9/1/25 15:30,0.111,W
9/1/25 15:45,0.236,W
9/1/25 16:00,0.271,W
9/1/25 16:15,0.301,W
9/1/25 16:30,0.298,W
9/1/25 16:45,0.254,W
9/1/25 17:00,0.251,W
9/1/25 17:15,0.314,W
9/1/25 17:30,0.334,W
9/1/25 17:45,0.376,W
9/1/25 18:00,0.306,W
9/1/25 18:15,0.325,W
9/1/25 18:30,0.33,W
9/1/25 18:45,0.447,W
9/1/25 19:00,0.345,W
9/1/25 19:15,0.604,W
9/1/25 19:30,0.725,W
9/1/25 19:45,0.706,W
9/1/25 20:00,0.394,W
9/1/25 20:15,0.393,W
9/1/25 20:30,0.413,W
9/1/25 20:45,0.412,W
9/1/25 21:00,0.411,W
9/1/25 21:15,0.43,W
9/1/25 21:30,0.303,W
9/1/25 21:45,0.26,W
9/1/25 22:00,0.256,W
9/1/25 22:15,0.239,W
9/1/25 22:30,0.208,W
9/1/25 22:45,0.184,W
9/1/25 23:00,0.18,W
9/1/25 23:15,0.193,W
9/1/25 23:30,0.214,W
9/1/25 23:45,0.182,W
9/2/25 0:00,0.19,W
9/2/25 0:15,0.225,W
9/2/25 0:30,0.238,W
9/2/25 0:45,0.275,W
9/2/25 1:00,0.283,W
9/2/25 1:15,0.273,W
9/2/25 1:30,0.236,W
9/2/25 1:45,0.231,W
9/2/25 2:00,0.28,W
9/2/25 2:15,0.288,W
9/2/25 2:30,0.261,W
9/2/25 2:45,0.137,W
9/2/25 3:00,0.113,W
9/2/25 3:15,0.105,W
9/2/25 3:30,0.103,W
9/2/25 3:45,0.103,W
9/2/25 4:00,0.088,W
9/2/25 4:15,0.119,W
9/2/25 4:30,0.149,W
9/2/25 4:45,0.14,W
9/2/25 5:00,0.227,W
9/2/25 5:15,0.308,W
9/2/25 5:30,0.204,W
9/2/25 5:45,0.226,W
9/2/25 6:00,0.269,W
9/2/25 6:15,0.244,W
9/2/25 6:30,0.197,W
9/2/25 6:45,0.216,W
9/2/25 7:00,0.231,W
9/2/25 7:15,0.232,W
9/2/25 7:30,0.275,W
9/2/25 7:45,0.468,W
9/2/25 8:00,0.284,W
9/2/25 8:15,0.373,W
9/2/25 8:30,0.497,W
9/2/25 8:45,0.28,W
9/2/25 9:00,0.28,W
9/2/25 9:15,0.166,W
9/2/25 9:30,0.167,W
9/2/25 9:45,0.191,W
9/2/25 10:00,0.163,W
9/2/25 10:15,0.119,W
9/2/25 10:30,0.153,W
9/2/25 10:45,0.256,W
9/2/25 11:00,0.21,W
9/2/25 11:15,0.218,W
9/2/25 11:30,0.317,W
9/2/25 11:45,0.298,W
9/2/25 12:00,0.286,W
9/2/25 12:15,0.311,W
9/2/25 12:30,0.317,W
9/2/25 12:45,0.298,W
9/2/25 13:00,0.304,W
9/2/25 13:15,0.289,W
9/2/25 13:30,0.312,W
9/2/25 13:45,0.32,W
9/2/25 14:00,0.312,W
9/2/25 14:15,0.291,W
9/2/25 14:30,0.319,W
9/2/25 14:45,0.33,W
9/2/25 15:00,0.262,W
9/2/25 15:15,0.146,W
9/2/25 15:30,0.146,W
9/2/25 15:45,0.179,W
9/2/25 16:00,0.211,W
9/2/25 16:15,0.357,W
9/2/25 16:30,0.199,W
9/2/25 16:45,0.199,W
9/2/25 17:00,0.234,W
9/2/25 17:15,0.301,W
9/2/25 17:30,0.367,W
9/2/25 17:45,0.322,W
9/2/25 18:00,0.251,W
9/2/25 18:15,0.291,W
9/2/25 18:30,0.32,W
9/2/25 18:45,0.303,W
9/2/25 19:00,0.289,W
9/2/25 19:15,0.357,W
9/2/25 19:30,0.371,W
9/2/25 19:45,0.351,W
9/2/25 20:00,0.384,W
9/2/25 20:15,0.236,W
9/2/25 20:30,0.24,W
9/2/25 20:45,0.267,W
9/2/25 21:00,0.285,W
9/2/25 21:15,0.205,W
9/2/25 21:30,0.195,W
9/2/25 21:45,0.179,W
9/2/25 22:00,0.173,W
9/2/25 22:15,0.276,W
9/2/25 22:30,0.268,W
9/2/25 22:45,0.253,W
9/2/25 23:00,0.286,W
9/2/25 23:15,0.307,W
9/2/25 23:30,0.28,W
9/2/25 23:45,0.27,W
9/3/25 0:00,0.273,W
9/3/25 0:15,0.261,W
9/3/25 0:30,0.266,W
9/3/25 0:45,0.135,W
9/3/25 1:00,0.126,W
9/3/25 1:15,0.132,W
9/3/25 1:30,0.154,W
9/3/25 1:45,0.149,W
9/3/25 2:00,0.112,W
9/3/25 2:15,0.122,W
9/3/25 2:30,0.108,W
9/3/25 2:45,0.158,W
9/3/25 3:00,0.28,W
9/3/25 3:15,0.252,W
9/3/25 3:30,0.25,W
9/3/25 3:45,0.243,W
9/3/25 4:00,0.244,W
9/3/25 4:15,0.259,W
9/3/25 4:30,0.288,W
9/3/25 4:45,0.242,W
9/3/25 5:00,0.224,W
9/3/25 5:15,0.171,W
9/3/25 5:30,0.121,W
9/3/25 5:45,0.111,W
9/3/25 6:00,0.108,W
9/3/25 6:15,0.131,W
9/3/25 6:30,0.143,W
9/3/25 6:45,0.129,W
9/3/25 7:00,0.091,W
9/3/25 7:15,0.112,W
9/3/25 7:30,0.135,W
9/3/25 7:45,0.31,W
9/3/25 8:00,0.266,W
9/3/25 8:15,0.248,W
9/3/25 8:30,0.259,W
9/3/25 8:45,0.249,W
9/3/25 9:00,0.517,W
9/3/25 9:15,0.557,W
9/3/25 9:30,0.628,W
9/3/25 9:45,0.523,W
9/3/25 10:00,0.282,W
9/3/25 10:15,0.307,W
9/3/25 10:30,0.346,W
9/3/25 10:45,0.27,W
9/3/25 11:00,0.283,W
9/3/25 11:15,0.679,W
9/3/25 11:30,0.623,W
9/3/25 11:45,0.376,W
9/3/25 12:00,0.318,W
9/3/25 12:15,0.296,W
9/3/25 12:30,0.323,W
9/3/25 12:45,0.31,W
9/3/25 13:00,0.309,W
9/3/25 13:15,0.279,W
9/3/25 13:30,0.297,W
9/3/25 13:45,0.218,W
9/3/25 14:00,0.156,W
9/3/25 14:15,0.119,W
9/3/25 14:30,0.116,W
9/3/25 14:45,0.146,W
9/3/25 15:00,0.146,W
9/3/25 15:15,0.167,W
9/3/25 15:30,0.127,W
9/3/25 15:45,0.106,W
9/3/25 16:00,0.186,W
9/3/25 16:15,0.655,W
9/3/25 16:30,0.441,W
9/3/25 16:45,0.429,W
9/3/25 17:00,0.396,W
9/3/25 17:15,0.408,W
9/3/25 17:30,0.395,W
9/3/25 17:45,0.415,W
9/3/25 18:00,0.322,W
9/3/25 18:15,0.354,W
9/3/25 18:30,1.206,W
9/3/25 18:45,1.298,W
9/3/25 19:00,1.151,W
9/3/25 19:15,0.75,W
9/3/25 19:30,0.342,W
9/3/25 19:45,0.635,W
9/3/25 20:00,0.582,W
9/3/25 20:15,0.645,W
9/3/25 20:30,0.577,W
9/3/25 20:45,0.386,W
9/3/25 21:00,0.368,W
9/3/25 21:15,0.415,W
9/3/25 21:30,0.295,W
9/3/25 21:45,0.249,W
9/3/25 22:00,0.251,W
9/3/25 22:15,0.226,W
9/3/25 22:30,0.277,W
9/3/25 22:45,0.276,W
9/3/25 23:00,0.228,W
9/3/25 23:15,0.172,W
9/3/25 23:30,0.145,W
9/3/25 23:45,0.15,W
9/4/25 0:00,0.252,W
9/4/25 0:15,0.252,W
9/4/25 0:30,0.246,W
9/4/25 0:45,0.248,W
9/4/25 1:00,0.282,W
9/4/25 1:15,0.269,W
9/4/25 1:30,0.235,W
9/4/25 1:45,0.257,W
9/4/25 2:00,0.255,W
9/4/25 2:15,0.278,W
9/4/25 2:30,0.327,W
9/4/25 2:45,0.302,W
9/4/25 3:00,0.244,W
9/4/25 3:15,0.261,W
9/4/25 3:30,0.294,W
9/4/25 3:45,0.22,W
9/4/25 4:00,0.132,W
9/4/25 4:15,0.124,W
9/4/25 4:30,0.129,W
9/4/25 4:45,0.121,W
9/4/25 5:00,0.125,W
9/4/25 5:15,0.122,W
9/4/25 5:30,0.123,W
9/4/25 5:45,0.134,W
9/4/25 6:00,0.263,W
9/4/25 6:15,0.255,W
9/4/25 6:30,0.253,W
9/4/25 6:45,0.267,W
9/4/25 7:00,0.302,W
9/4/25 7:15,0.267,W
9/4/25 7:30,0.415,W
9/4/25 7:45,0.336,W
9/4/25 8:00,0.333,W
9/4/25 8:15,0.269,W
9/4/25 8:30,0.261,W
9/4/25 8:45,0.265,W
9/4/25 9:00,0.256,W
9/4/25 9:15,0.262,W
9/4/25 9:30,0.284,W
9/4/25 9:45,0.314,W
9/4/25 10:00,0.309,W
9/4/25 10:15,0.299,W
9/4/25 10:30,0.281,W
9/4/25 10:45,0.224,W
9/4/25 11:00,0.175,W
9/4/25 11:15,0.182,W
9/4/25 11:30,0.578,W
9/4/25 11:45,0.434,W
9/4/25 12:00,0.334,W
9/4/25 12:15,0.31,W
9/4/25 12:30,0.336,W
9/4/25 12:45,0.332,W
9/4/25 13:00,0.339,W
9/4/25 13:15,0.341,W
9/4/25 13:30,0.313,W
9/4/25 13:45,0.292,W
9/4/25 14:00,0.315,W
9/4/25 14:15,0.315,W
9/4/25 14:30,0.336,W
9/4/25 14:45,0.342,W
9/4/25 15:00,0.299,W
9/4/25 15:15,0.286,W
9/4/25 15:30,0.183,W
9/4/25 15:45,0.192,W
9/4/25 16:00,0.201,W
9/4/25 16:15,0.189,W
9/4/25 16:30,0.181,W
9/4/25 16:45,0.192,W
9/4/25 17:00,0.298,W
9/4/25 17:15,0.321,W
9/4/25 17:30,0.274,W
9/4/25 17:45,0.342,W
9/4/25 18:00,0.32,W
9/4/25 18:15,0.339,W
9/4/25 18:30,0.342,W
9/4/25 18:45,0.371,W
9/4/25 19:00,0.792,W
9/4/25 19:15,0.66,W
9/4/25 19:30,0.46,W
9/4/25 19:45,0.417,W
9/4/25 20:00,0.412,W
9/4/25 20:15,0.648,W
9/4/25 20:30,0.635,W
9/4/25 20:45,0.762,W
9/4/25 21:00,0.613,W
9/4/25 21:15,0.369,W
9/4/25 21:30,0.398,W
9/4/25 21:45,0.355,W
9/4/25 22:00,0.414,W
9/4/25 22:15,0.383,W
9/4/25 22:30,0.185,W
9/4/25 22:45,0.155,W
9/4/25 23:00,0.205,W
9/4/25 23:15,0.607,W
9/4/25 23:30,0.235,W
9/4/25 23:45,0.103,W
9/5/25 0:00,0.166,W
9/5/25 0:15,0.249,W
9/5/25 0:30,0.273,W
9/5/25 0:45,0.278,W
9/5/25 1:00,0.247,W
9/5/25 1:15,0.251,W
9/5/25 1:30,0.266,W
9/5/25 1:45,0.254,W
9/5/25 2:00,0.238,W
9/5/25 2:15,0.245,W
9/5/25 2:30,0.232,W
9/5/25 2:45,0.21,W
9/5/25 3:00,0.122,W
9/5/25 3:15,0.119,W
9/5/25 3:30,0.089,W
9/5/25 3:45,0.113,W
9/5/25 4:00,0.122,W
9/5/25 4:15,0.12,W
9/5/25 4:30,0.108,W
9/5/25 4:45,0.089,W
9/5/25 5:00,0.073,W
9/5/25 5:15,0.172,W
9/5/25 5:30,0.27,W
9/5/25 5:45,0.252,W
9/5/25 6:00,0.261,W
9/5/25 6:15,0.241,W
9/5/25 6:30,0.254,W
9/5/25 6:45,0.275,W
9/5/25 7:00,0.278,W
9/5/25 7:15,0.231,W
9/5/25 7:30,0.344,W
9/5/25 7:45,0.294,W
9/5/25 8:00,0.35,W
9/5/25 8:15,0.269,W
9/5/25 8:30,0.282,W
9/5/25 8:45,0.333,W
9/5/25 9:00,0.32,W
9/5/25 9:15,0.335,W
9/5/25 9:30,0.318,W
9/5/25 9:45,0.149,W
9/5/25 10:00,0.113,W
9/5/25 10:15,0.127,W
9/5/25 10:30,0.117,W
9/5/25 10:45,0.13,W
9/5/25 11:00,0.133,W
9/5/25 11:15,0.139,W
9/5/25 11:30,0.153,W
9/5/25 11:45,0.148,W
9/5/25 12:00,0.198,W
9/5/25 12:15,0.259,W
9/5/25 12:30,0.284,W
9/5/25 12:45,0.304,W
9/5/25 13:00,0.276,W
9/5/25 13:15,0.296,W
9/5/25 13:30,0.338,W
9/5/25 13:45,0.609,W
9/5/25 14:00,0.615,W
9/5/25 14:15,0.927,W
9/5/25 14:30,0.984,W
9/5/25 14:45,0.557,W
9/5/25 15:00,0.328,W
9/5/25 15:15,0.279,W
9/5/25 15:30,0.304,W
9/5/25 15:45,0.324,W
9/5/25 16:00,0.288,W
9/5/25 16:15,0.322,W
9/5/25 16:30,0.211,W
9/5/25 16:45,0.223,W
9/5/25 17:00,0.412,W
9/5/25 17:15,0.473,W
9/5/25 17:30,0.477,W
9/5/25 17:45,0.472,W
9/5/25 18:00,0.508,W
9/5/25 18:15,0.492,W
9/5/25 18:30,0.485,W
9/5/25 18:45,0.451,W
9/5/25 19:00,0.282,W
9/5/25 19:15,0.331,W
9/5/25 19:30,0.359,W
9/5/25 19:45,0.359,W
9/5/25 20:00,0.421,W
9/5/25 20:15,0.371,W
9/5/25 20:30,0.325,W
9/5/25 20:45,0.215,W
9/5/25 21:00,0.241,W
9/5/25 21:15,0.257,W
9/5/25 21:30,0.225,W
9/5/25 21:45,0.252,W
9/5/25 22:00,0.231,W
9/5/25 22:15,0.214,W
9/5/25 22:30,0.222,W
9/5/25 22:45,0.196,W
9/5/25 23:00,0.358,W
9/5/25 23:15,0.343,W
9/5/25 23:30,0.349,W
9/5/25 23:45,0.323,W
9/6/25 0:00,0.297,W
9/6/25 0:15,0.273,W
9/6/25 0:30,0.26,W
9/6/25 0:45,0.251,W
9/6/25 1:00,0.236,W
9/6/25 1:15,0.239,W
9/6/25 1:30,0.31,W
9/6/25 1:45,0.258,W
9/6/25 2:00,0.235,W
9/6/25 2:15,0.149,W
9/6/25 2:30,0.095,W
9/6/25 2:45,0.108,W
9/6/25 3:00,0.134,W
9/6/25 3:15,0.143,W
9/6/25 3:30,0.077,W
9/6/25 3:45,0.074,W
9/6/25 4:00,0.104,W
9/6/25 4:15,0.088,W
9/6/25 4:30,0.175,W
9/6/25 4:45,0.264,W
9/6/25 5:00,0.264,W
9/6/25 5:15,0.261,W
9/6/25 5:30,0.266,W
9/6/25 5:45,0.27,W
9/6/25 6:00,0.253,W
9/6/25 6:15,0.252,W
9/6/25 6:30,0.265,W
9/6/25 6:45,0.215,W
9/6/25 7:00,0.137,W
9/6/25 7:15,0.142,W
9/6/25 7:30,0.328,W
9/6/25 7:45,0.209,W
9/6/25 8:00,0.222,W
9/6/25 8:15,0.543,W
9/6/25 8:30,0.451,W
9/6/25 8:45,0.519,W
9/6/25 9:00,0.265,W
9/6/25 9:15,0.159,W
9/6/25 9:30,0.253,W
9/6/25 9:45,0.282,W
9/6/25 10:00,0.27,W
9/6/25 10:15,0.304,W
9/6/25 10:30,0.297,W
9/6/25 10:45,0.31,W
9/6/25 11:00,0.327,W
9/6/25 11:15,0.301,W
9/6/25 11:30,0.47,W
9/6/25 11:45,0.986,W
9/6/25 12:00,0.89,W
9/6/25 12:15,0.408,W
9/6/25 12:30,0.274,W
9/6/25 12:45,0.3,W
9/6/25 13:00,0.291,W
9/6/25 13:15,0.397,W
9/6/25 13:30,0.417,W
9/6/25 13:45,0.417,W
9/6/25 14:00,0.402,W
9/6/25 14:15,0.309,W
9/6/25 14:30,0.291,W
9/6/25 14:45,0.314,W
9/6/25 15:00,0.314,W
9/6/25 15:15,0.301,W
9/6/25 15:30,0.209,W
9/6/25 15:45,0.168,W
9/6/25 16:00,0.156,W
9/6/25 16:15,0.209,W
9/6/25 16:30,0.212,W
9/6/25 16:45,0.16,W
9/6/25 17:00,0.174,W
9/6/25 17:15,0.302,W
9/6/25 17:30,0.196,W
9/6/25 17:45,0.295,W
9/6/25 18:00,0.333,W
9/6/25 18:15,0.344,W
9/6/25 18:30,0.315,W
9/6/25 18:45,0.297,W
9/6/25 19:00,0.298,W
9/6/25 19:15,0.35,W
9/6/25 19:30,0.353,W
9/6/25 19:45,0.384,W
9/6/25 20:00,0.388,W
9/6/25 20:15,0.269,W
9/6/25 20:30,0.271,W
9/6/25 20:45,0.266,W
9/6/25 21:00,0.238,W
9/6/25 21:15,0.25,W
9/6/25 21:30,0.262,W
9/6/25 21:45,0.259,W
9/6/25 22:00,0.285,W
9/6/25 22:15,0.364,W
9/6/25 22:30,0.382,W
9/6/25 22:45,0.363,W
9/6/25 23:00,0.368,W
9/6/25 23:15,0.359,W
9/6/25 23:30,0.299,W
9/6/25 23:45,0.3,W
9/7/25 0:00,0.283,W
9/7/25 0:15,0.24,W
9/7/25 0:30,0.237,W
9/7/25 0:45,0.261,W
9/7/25 1:00,0.179,W
9/7/25 1:15,0.086,W
9/7/25 1:30,0.095,W
9/7/25 1:45,0.114,W
9/7/25 2:00,0.148,W
9/7/25 2:15,0.147,W
9/7/25 2:30,0.102,W
9/7/25 2:45,0.084,W
9/7/25 3:00,0.135,W
9/7/25 3:15,0.244,W
9/7/25 3:30,0.218,W
9/7/25 3:45,0.258,W
9/7/25 4:00,0.269,W
9/7/25 4:15,0.256,W
9/7/25 4:30,0.249,W
9/7/25 4:45,0.242,W
9/7/25 5:00,0.249,W
9/7/25 5:15,0.301,W
9/7/25 5:30,0.202,W
9/7/25 5:45,0.124,W
9/7/25 6:00,0.13,W
9/7/25 6:15,0.161,W
9/7/25 6:30,0.115,W
9/7/25 6:45,0.093,W
9/7/25 7:00,0.117,W
9/7/25 7:15,0.221,W
9/7/25 7:30,0.172,W
9/7/25 7:45,0.26,W
9/7/25 8:00,0.266,W
9/7/25 8:15,0.267,W
9/7/25 8:30,0.678,W
9/7/25 8:45,0.633,W
9/7/25 9:00,0.645,W
9/7/25 9:15,0.4,W
9/7/25 9:30,0.316,W
9/7/25 9:45,0.312,W
9/7/25 10:00,0.29,W
9/7/25 10:15,0.257,W
9/7/25 10:30,0.281,W
9/7/25 10:45,0.308,W
9/7/25 11:00,0.29,W
9/7/25 11:15,0.53,W
9/7/25 11:30,0.696,W
9/7/25 11:45,0.499,W
9/7/25 12:00,0.3,W
9/7/25 12:15,0.34,W
9/7/25 12:30,0.318,W
9/7/25 12:45,0.316,W
9/7/25 13:00,0.299,W
9/7/25 13:15,0.196,W
9/7/25 13:30,0.149,W
9/7/25 13:45,0.189,W
9/7/25 14:00,0.19,W
9/7/25 14:15,0.157,W
9/7/25 14:30,0.164,W
9/7/25 14:45,0.177,W
9/7/25 15:00,0.14,W
9/7/25 15:15,0.123,W
9/7/25 15:30,0.149,W
9/7/25 15:45,0.254,W
9/7/25 16:00,0.307,W
9/7/25 16:15,0.369,W
9/7/25 16:30,0.374,W
9/7/25 16:45,0.513,W
9/7/25 17:00,0.466,W
9/7/25 17:15,0.372,W
9/7/25 17:30,0.344,W
9/7/25 17:45,0.464,W
9/7/25 18:00,0.374,W
9/7/25 18:15,0.431,W
9/7/25 18:30,0.295,W
9/7/25 18:45,0.264,W
9/7/25 19:00,0.265,W
9/7/25 19:15,0.298,W
9/7/25 19:30,0.283,W
9/7/25 19:45,0.233,W
9/7/25 20:00,0.235,W
9/7/25 20:15,0.27,W
9/7/25 20:30,0.373,W
9/7/25 20:45,0.234,W
9/7/25 21:00,0.255,W
9/7/25 21:15,0.272,W
9/7/25 21:30,0.264,W
9/7/25 21:45,0.243,W
9/7/25 22:00,0.231,W
9/7/25 22:15,0.366,W
9/7/25 22:30,0.368,W
9/7/25 22:45,0.358,W
9/7/25 23:00,0.358,W
9/7/25 23:15,0.222,E
9/7/25 23:30,0.241,E
9/7/25 23:45,0.188,E
9/8/25 0:00,0.23,E
9/8/25 0:15,0.267,E
9/8/25 0:30,0.27,E
9/8/25 0:45,0.269,E
9/8/25 1:00,0.229,E
9/8/25 1:15,0.231,E
9/8/25 1:30,0.219,E
9/8/25 1:45,0.219,E
9/8/25 2:00,0.228,E
9/8/25 2:15,0.232,E
9/8/25 2:30,0.239,E
9/8/25 2:45,0.183,E
9/8/25 3:00,0.175,E
9/8/25 3:15,0.171,E
9/8/25 3:30,0.158,E
9/8/25 3:45,0.148,E
9/8/25 4:00,0.152,E
9/8/25 4:15,0.153,E
9/8/25 4:30,0.151,E
9/8/25 4:45,0.186,E
9/8/25 5:00,0.218,E
9/8/25 5:15,0.206,E
9/8/25 5:30,0.224,E
9/8/25 5:45,0.213,E
9/8/25 6:00,0.205,E
9/8/25 6:15,0.199,E
9/8/25 6:30,0.21,E
9/8/25 6:45,0.222,E
9/8/25 7:00,0.232,E
9/8/25 7:15,0.201,E
9/8/25 7:30,0.191,E
9/8/25 7:45,0.291,E
9/8/25 8:00,0.27,E
9/8/25 8:15,0.222,E
9/8/25 8:30,0.241,E
9/8/25 8:45,0.403,E
9/8/25 9:00,0.357,E
9/8/25 9:15,0.411,E
9/8/25 9:30,0.316,E
9/8/25 9:45,0.279,E
9/8/25 10:00,0.22,E
9/8/25 10:15,0.212,E
9/8/25 10:30,0.206,E
9/8/25 10:45,0.232,E
9/8/25 11:00,0.411,E
9/8/25 11:15,0.482,E
9/8/25 11:30,0.393,E
9/8/25 11:45,0.329,E
9/8/25 12:00,0.276,E
9/8/25 12:15,0.277,E
9/8/25 12:30,0.264,E
9/8/25 12:45,0.252,E
9/8/25 13:00,0.263,E
9/8/25 13:15,0.271,E
9/8/25 13:30,0.29,E
9/8/25 13:45,0.297,E
9/8/25 14:00,0.26,E
9/8/25 14:15,0.222,E
9/8/25 14:30,0.198,E
9/8/25 14:45,0.229,E
9/8/25 15:00,0.209,E
9/8/25 15:15,0.135,E
9/8/25 15:30,0.137,E
9/8/25 15:45,0.239,E
9/8/25 16:00,0.383,E
9/8/25 16:15,0.462,E
9/8/25 16:30,0.519,E
9/8/25 16:45,0.471,E
9/8/25 17:00,0.344,E
9/8/25 17:15,0.397,E
9/8/25 17:30,0.436,E
9/8/25 17:45,0.431,E
9/8/25 18:00,0.338,E
9/8/25 18:15,0.33,E
9/8/25 18:30,0.354,E
9/8/25 18:45,0.462,E
9/8/25 19:00,0.501,E
9/8/25 19:15,0.545,E
9/8/25 19:30,0.48,E
9/8/25 19:45,0.489,E
9/8/25 20:00,0.411,E
9/8/25 20:15,0.421,E
9/8/25 20:30,0.398,E
9/8/25 20:45,0.384,E
9/8/25 21:00,0.368,E
9/8/25 21:15,0.352,E
9/8/25 21:30,0.289,E
9/8/25 21:45,0.233,E
9/8/25 22:00,0.235,E
9/8/25 22:15,0.244,E
9/8/25 22:30,0.244,E
9/8/25 22:45,0.221,E
9/8/25 23:00,0.168,E
9/8/25 23:15,0.17,E
9/8/25 23:30,0.262,W
9/8/25 23:45,0.256,W
9/9/25 0:00,0.261,W
9/9/25 0:15,0.246,W
9/9/25 0:30,0.122,W
9/9/25 0:45,0.16,W
9/9/25 1:00,0.108,W
9/9/25 1:15,0.086,W
9/9/25 1:30,0.099,W
9/9/25 1:45,0.129,W
9/9/25 2:00,0.133,W
9/9/25 2:15,0.136,W
9/9/25 2:30,0.108,W
9/9/25 2:45,0.2,W
9/9/25 3:00,0.25,W
9/9/25 3:15,0.211,W
9/9/25 3:30,0.217,W
9/9/25 3:45,0.233,W
9/9/25 4:00,0.239,W
9/9/25 4:15,0.243,W
9/9/25 4:30,0.217,W
9/9/25 4:45,0.221,W
9/9/25 5:00,0.192,W
9/9/25 5:15,0.149,W
9/9/25 5:30,0.101,W
9/9/25 5:45,0.079,W
9/9/25 6:00,0.128,W
9/9/25 6:15,0.101,W
9/9/25 6:30,0.089,W
9/9/25 6:45,0.11,W
9/9/25 7:00,0.125,W
9/9/25 7:15,0.135,W
9/9/25 7:30,0.165,W
9/9/25 7:45,0.337,W
9/9/25 8:00,0.251,W
9/9/25 8:15,0.255,W
9/9/25 8:30,0.265,W
9/9/25 8:45,0.584,W
9/9/25 9:00,0.755,W
9/9/25 9:15,0.292,W
9/9/25 9:30,0.737,W
9/9/25 9:45,0.293,W
9/9/25 10:00,0.25,W
9/9/25 10:15,0.258,W
9/9/25 10:30,0.258,W
9/9/25 10:45,0.337,W
9/9/25 11:00,0.401,W
9/9/25 11:15,0.47,W
9/9/25 11:30,0.663,W
9/9/25 11:45,0.316,W
9/9/25 12:00,0.286,W
9/9/25 12:15,0.264,W
9/9/25 12:30,0.493,W
9/9/25 12:45,0.58,W
9/9/25 13:00,0.555,W
9/9/25 13:15,0.692,W
9/9/25 13:30,0.293,W
9/9/25 13:45,0.169,W
9/9/25 14:00,0.149,W
9/9/25 14:15,0.095,W
9/9/25 14:30,0.105,W
9/9/25 14:45,0.124,W
9/9/25 15:00,0.132,W
9/9/25 15:15,0.164,W
9/9/25 15:30,0.184,W
9/9/25 15:45,0.271,W
9/9/25 16:00,0.302,W
9/9/25 16:15,0.438,W
9/9/25 16:30,0.373,W
9/9/25 16:45,0.38,W
9/9/25 17:00,0.408,W
9/9/25 17:15,0.399,W
9/9/25 17:30,0.395,W
9/9/25 17:45,0.51,W
9/9/25 18:00,0.382,W
9/9/25 18:15,0.37,W
9/9/25 18:30,0.304,W
9/9/25 18:45,0.276,W
9/9/25 19:00,0.279,W
9/9/25 19:15,0.343,W
9/9/25 19:30,0.367,W
9/9/25 19:45,0.371,W
9/9/25 20:00,0.374,W
9/9/25 20:15,0.322,W
9/9/25 20:30,0.417,W
9/9/25 20:45,0.756,W
9/9/25 21:00,0.765,W
9/9/25 21:15,0.779,W
9/9/25 21:30,0.736,W
9/9/25 21:45,0.733,W
9/9/25 22:00,0.737,W
9/9/25 22:15,0.729,W
9/9/25 22:30,0.793,W
9/9/25 22:45,0.724,W
9/9/25 23:00,0.673,W
9/9/25 23:15,0.651,W
9/9/25 23:30,0.662,W
9/9/25 23:45,0.687,W
9/10/25 0:00,0.337,W
9/10/25 0:15,0.405,W
9/10/25 0:30,0.202,W
9/10/25 0:45,0.297,W
9/10/25 1:00,0.353,W
9/10/25 1:15,0.121,W
9/10/25 1:30,0.139,W
9/10/25 1:45,0.373,W
9/10/25 2:00,0.505,W
9/10/25 2:15,0.143,W
9/10/25 2:30,0.198,W
9/10/25 2:45,0.247,W
9/10/25 3:00,0.24,W
9/10/25 3:15,0.238,W
9/10/25 3:30,0.238,W
9/10/25 3:45,0.246,W
9/10/25 4:00,0.264,W
9/10/25 4:15,0.244,W
9/10/25 4:30,0.226,W
9/10/25 4:45,0.239,W
9/10/25 5:00,0.125,W
9/10/25 5:15,0.155,W
9/10/25 5:30,0.156,W
9/10/25 5:45,0.12,W
9/10/25 6:00,0.113,W
9/10/25 6:15,0.11,W
9/10/25 6:30,0.108,W
9/10/25 6:45,0.087,W
9/10/25 7:00,0.12,W
9/10/25 7:15,0.145,W
9/10/25 7:30,0.22,W
9/10/25 7:45,0.385,W
9/10/25 8:00,0.225,W
9/10/25 8:15,0.236,W
9/10/25 8:30,0.242,W
9/10/25 8:45,0.298,W
9/10/25 9:00,0.306,W
9/10/25 9:15,0.295,W
9/10/25 9:30,0.28,W
9/10/25 9:45,0.293,W
9/10/25 10:00,0.257,W
9/10/25 10:15,0.337,W
9/10/25 10:30,0.36,W
9/10/25 10:45,0.332,W
9/10/25 11:00,0.304,W
9/10/25 11:15,0.3,W
9/10/25 11:30,0.544,W
9/10/25 11:45,0.241,W
9/10/25 12:00,0.293,W
9/10/25 12:15,0.353,W
9/10/25 12:30,0.301,W
9/10/25 12:45,0.307,W
9/10/25 13:00,0.267,W
9/10/25 13:15,0.131,W
9/10/25 13:30,0.145,W
9/10/25 13:45,0.19,W
9/10/25 14:00,0.198,W
9/10/25 14:15,0.218,W
9/10/25 14:30,0.16,W
9/10/25 14:45,0.15,W
9/10/25 15:00,0.251,W
9/10/25 15:15,0.299,W
9/10/25 15:30,0.266,W
9/10/25 15:45,0.384,W
9/10/25 16:00,0.425,W
9/10/25 16:15,0.403,W
9/10/25 16:30,0.363,W
9/10/25 16:45,0.378,W
9/10/25 17:00,0.373,W
9/10/25 17:15,0.372,W
9/10/25 17:30,0.302,W
9/10/25 17:45,0.361,W
9/10/25 18:00,0.253,W
9/10/25 18:15,0.276,W
9/10/25 18:30,0.313,W
9/10/25 18:45,0.28,W
9/10/25 19:00,0.29,W
9/10/25 19:15,0.185,W
9/10/25 19:30,0.186,W
9/10/25 19:45,0.164,W
9/10/25 20:00,0.326,W
9/10/25 20:15,0.65,W
9/10/25 20:30,0.675,W
9/10/25 20:45,0.53,W
9/10/25 21:00,0.229,W
9/10/25 21:15,0.207,W
9/10/25 21:30,0.212,W
9/10/25 21:45,0.338,W
9/10/25 22:00,0.306,W
9/10/25 22:15,0.349,W
9/10/25 22:30,0.312,W
9/10/25 22:45,0.33,W
9/10/25 23:00,0.34,W
9/10/25 23:15,0.31,W
9/10/25 23:30,0.299,W
9/10/25 23:45,0.308,W
9/11/25 0:00,0.314,W
9/11/25 0:15,0.304,W
9/11/25 0:30,0.246,W
9/11/25 0:45,0.127,W
9/11/25 1:00,0.15,W
9/11/25 1:15,0.172,W
9/11/25 1:30,0.138,W
9/11/25 1:45,0.135,W
9/11/25 2:00,0.153,W
9/11/25 2:15,0.152,W
9/11/25 2:30,0.147,W
9/11/25 2:45,0.119,W
9/11/25 3:00,0.214,W
9/11/25 3:15,0.277,W
9/11/25 3:30,0.284,W
9/11/25 3:45,0.263,W
9/11/25 4:00,0.279,W
9/11/25 4:15,0.302,W
9/11/25 4:30,0.258,W
9/11/25 4:45,0.26,W
9/11/25 5:00,0.266,W
9/11/25 5:15,0.16,W
9/11/25 5:30,0.151,W
9/11/25 5:45,0.162,W
9/11/25 6:00,0.133,W
9/11/25 6:15,0.128,W
9/11/25 6:30,0.162,W
9/11/25 6:45,0.162,W
9/11/25 7:00,0.154,W
9/11/25 7:15,0.131,W
9/11/25 7:30,0.2,W
9/11/25 7:45,0.231,W
9/11/25 8:00,0.295,W
9/11/25 8:15,0.298,W
9/11/25 8:30,0.393,W
9/11/25 8:45,0.65,W
9/11/25 9:00,0.619,W
9/11/25 9:15,0.821,W
9/11/25 9:30,0.553,W
9/11/25 9:45,0.275,W
9/11/25 10:00,0.28,W
9/11/25 10:15,0.292,W
9/11/25 10:30,0.295,W
9/11/25 10:45,0.303,W
9/11/25 11:00,0.352,W
9/11/25 11:15,0.32,W
9/11/25 11:30,0.313,W
9/11/25 11:45,0.638,W
9/11/25 12:00,0.901,W
9/11/25 12:15,0.624,W
9/11/25 12:30,0.725,W
9/11/25 12:45,0.432,W
9/11/25 13:00,0.176,W
9/11/25 13:15,0.213,W
9/11/25 13:30,0.53,W
9/11/25 13:45,0.867,W
9/11/25 14:00,0.39,W
9/11/25 14:15,0.912,W
9/11/25 14:30,0.497,W
9/11/25 14:45,0.425,W
9/11/25 15:00,0.39,W
9/11/25 15:15,0.672,W
9/11/25 15:30,0.336,W
9/11/25 15:45,0.465,W
9/11/25 16:00,0.472,W
9/11/25 16:15,0.403,W
9/11/25 16:30,0.381,W
9/11/25 16:45,0.367,W
9/11/25 17:00,0.385,W
9/11/25 17:15,0.359,W
9/11/25 17:30,0.582,W
9/11/25 17:45,0.687,W
9/11/25 18:00,0.449,W
9/11/25 18:15,0.541,W
9/11/25 18:30,0.414,W
9/11/25 18:45,0.568,W
9/11/25 19:00,0.347,W
9/11/25 19:15,0.831,W
9/11/25 19:30,0.817,W
9/11/25 19:45,0.773,W
9/11/25 20:00,0.427,W
9/11/25 20:15,0.329,W
9/11/25 20:30,0.392,W
9/11/25 20:45,0.218,W
9/11/25 21:00,0.307,W
9/11/25 21:15,0.503,W
9/11/25 21:30,0.358,W
9/11/25 21:45,0.264,W
9/11/25 22:00,0.246,W
9/11/25 22:15,0.318,W
9/11/25 22:30,0.349,W
9/11/25 22:45,0.41,W
9/11/25 23:00,0.368,W
9/11/25 23:15,0.447,E
9/11/25 23:30,0.357,E
9/11/25 23:45,0.329,E
9/12/25 0:00,0.279,E
9/12/25 0:15,0.269,E
9/12/25 0:30,0.267,E
9/12/25 0:45,0.213,E
9/12/25 1:00,0.183,E
9/12/25 1:15,0.178,E
9/12/25 1:30,0.181,E
9/12/25 1:45,0.17,E
9/12/25 2:00,0.164,E
9/12/25 2:15,0.186,E
9/12/25 2:30,0.2,E
9/12/25 2:45,0.192,E
9/12/25 3:00,0.194,E
9/12/25 3:15,0.185,E
9/12/25 3:30,0.211,E
9/12/25 3:45,0.237,E
9/12/25 4:00,0.209,E
9/12/25 4:15,0.193,E
9/12/25 4:30,0.189,E
9/12/25 4:45,0.202,E
9/12/25 5:00,0.167,E
9/12/25 5:15,0.188,E
9/12/25 5:30,0.201,E
9/12/25 5:45,0.168,E
9/12/25 6:00,0.202,E
9/12/25 6:15,0.216,E
9/12/25 6:30,0.175,E
9/12/25 6:45,0.18,E
9/12/25 7:00,0.217,E
9/12/25 7:15,0.286,E
9/12/25 7:30,0.236,E
9/12/25 7:45,0.284,E
9/12/25 8:00,0.297,E
9/12/25 8:15,0.274,E
9/12/25 8:30,0.268,E
9/12/25 8:45,0.297,E
9/12/25 9:00,0.328,E
9/12/25 9:15,0.336,E
9/12/25 9:30,0.405,E
9/12/25 9:45,0.389,E
9/12/25 10:00,0.349,E
9/12/25 10:15,0.348,E
9/12/25 10:30,0.288,E
9/12/25 10:45,0.307,E
9/12/25 11:00,0.317,E
9/12/25 11:15,0.295,E
9/12/25 11:30,0.301,E
9/12/25 11:45,0.342,E
9/12/25 12:00,0.299,E
9/12/25 12:15,0.312,E
9/12/25 12:30,0.369,E
9/12/25 12:45,0.409,E
9/12/25 13:00,0.41,E
9/12/25 13:15,0.348,E
9/12/25 13:30,0.373,E
9/12/25 13:45,0.512,E
9/12/25 14:00,0.383,E
9/12/25 14:15,0.424,E
9/12/25 14:30,0.481,E
9/12/25 14:45,0.355,E
9/12/25 15:00,0.234,E
9/12/25 15:15,0.254,E
9/12/25 15:30,0.256,E
9/12/25 15:45,0.304,E
9/12/25 16:00,0.325,E
9/12/25 16:15,0.301,E
9/12/25 16:30,0.263,E
9/12/25 16:45,0.306,E
9/12/25 17:00,0.379,E
9/12/25 17:15,0.408,E
9/12/25 17:30,0.506,E
9/12/25 17:45,0.585,E
9/12/25 18:00,0.441,E
9/12/25 18:15,0.405,E
9/12/25 18:30,0.338,E
9/12/25 18:45,0.351,E
9/12/25 19:00,0.324,E
9/12/25 19:15,0.422,E
9/12/25 19:30,0.368,E
9/12/25 19:45,0.339,E
9/12/25 20:00,0.427,E
9/12/25 20:15,0.366,E
9/12/25 20:30,0.396,E
9/12/25 20:45,0.392,E
9/12/25 21:00,0.358,E
9/12/25 21:15,0.353,E
9/12/25 21:30,0.41,E
9/12/25 21:45,0.436,E
9/12/25 22:00,0.41,E
9/12/25 22:15,0.396,E
9/12/25 22:30,0.412,E
9/12/25 22:45,0.383,E
9/12/25 23:00,0.394,E
9/12/25 23:15,0.378,E
9/12/25 23:30,0.175,W
9/12/25 23:45,0.19,W
9/13/25 0:00,0.264,W
9/13/25 0:15,0.238,W
9/13/25 0:30,0.229,W
9/13/25 0:45,0.278,W
9/13/25 1:00,0.276,W
9/13/25 1:15,0.257,W
9/13/25 1:30,0.252,W
9/13/25 1:45,0.229,W
9/13/25 2:00,0.276,W
9/13/25 2:15,0.269,W
9/13/25 2:30,0.252,W
9/13/25 2:45,0.13,W
9/13/25 3:00,0.074,W
9/13/25 3:15,0.1,W
9/13/25 3:30,0.108,W
9/13/25 3:45,0.109,W
9/13/25 4:00,0.083,W
9/13/25 4:15,0.122,W
9/13/25 4:30,0.151,W
9/13/25 4:45,0.133,W
9/13/25 5:00,0.158,W
9/13/25 5:15,0.221,W
9/13/25 5:30,0.229,W
9/13/25 5:45,0.26,W
9/13/25 6:00,0.254,W
9/13/25 6:15,0.286,W
9/13/25 6:30,0.264,W
9/13/25 6:45,0.234,W
9/13/25 7:00,0.27,W
9/13/25 7:15,0.262,W
9/13/25 7:30,0.252,W
9/13/25 7:45,0.384,W
9/13/25 8:00,0.356,W
9/13/25 8:15,0.342,W
9/13/25 8:30,0.273,W
9/13/25 8:45,0.166,W
9/13/25 9:00,0.155,W
9/13/25 9:15,0.175,W
9/13/25 9:30,0.202,W
9/13/25 9:45,0.218,W
9/13/25 10:00,0.191,W
9/13/25 10:15,0.164,W
9/13/25 10:30,0.151,W
9/13/25 10:45,0.174,W
9/13/25 11:00,0.19,W
9/13/25 11:15,0.356,W
9/13/25 11:30,0.553,W
9/13/25 11:45,1.349,W
9/13/25 12:00,0.714,W
9/13/25 12:15,0.381,W
9/13/25 12:30,0.336,W
9/13/25 12:45,0.292,W
9/13/25 13:00,0.34,W
9/13/25 13:15,0.432,W
9/13/25 13:30,0.567,W
9/13/25 13:45,0.724,W
9/13/25 14:00,0.597,W
9/13/25 14:15,0.337,W
9/13/25 14:30,0.343,W
9/13/25 14:45,0.328,W
9/13/25 15:00,0.328,W
9/13/25 15:15,0.347,W
9/13/25 15:30,0.35,W
9/13/25 15:45,0.269,W
9/13/25 16:00,0.231,W
9/13/25 16:15,0.232,W
9/13/25 16:30,0.245,W
9/13/25 16:45,0.264,W
9/13/25 17:00,0.285,W
9/13/25 17:15,0.251,W
9/13/25 17:30,0.262,W
9/13/25 17:45,0.37,W
9/13/25 18:00,0.337,W
9/13/25 18:15,0.304,W
9/13/25 18:30,0.327,W
9/13/25 18:45,0.303,W
9/13/25 19:00,0.338,W
9/13/25 19:15,0.346,W
9/13/25 19:30,0.372,W
9/13/25 19:45,0.425,W
9/13/25 20:00,0.463,W
9/13/25 20:15,0.435,W
9/13/25 20:30,0.412,W
9/13/25 20:45,0.393,W
9/13/25 21:00,0.373,W
9/13/25 21:15,0.278,W
9/13/25 21:30,0.27,W
9/13/25 21:45,0.249,W
9/13/25 22:00,0.328,W
9/13/25 22:15,0.353,W
9/13/25 22:30,0.309,W
9/13/25 22:45,0.253,W
9/13/25 23:00,0.229,W
9/13/25 23:15,0.186,W
9/13/25 23:30,0.152,W
9/13/25 23:45,0.151,W
9/14/25 0:00,0.219,W
9/14/25 0:15,0.243,W
9/14/25 0:30,0.255,W
9/14/25 0:45,0.285,W
9/14/25 1:00,0.281,W
9/14/25 1:15,0.248,W
9/14/25 1:30,0.267,W
9/14/25 1:45,0.33,W
9/14/25 2:00,0.29,W
9/14/25 2:15,0.265,W
9/14/25 2:30,0.256,W
9/14/25 2:45,0.25,W
9/14/25 3:00,0.134,W
9/14/25 3:15,0.293,W
9/14/25 3:30,0.152,W
9/14/25 3:45,0.094,W
9/14/25 4:00,0.089,W
9/14/25 4:15,0.11,W
9/14/25 4:30,0.116,W
9/14/25 4:45,0.104,W
9/14/25 5:00,0.14,W
9/14/25 5:15,0.27,W
9/14/25 5:30,0.283,W
9/14/25 5:45,0.232,W
9/14/25 6:00,0.209,W
9/14/25 6:15,0.218,W
9/14/25 6:30,0.241,W
9/14/25 6:45,0.244,W
9/14/25 7:00,0.285,W
9/14/25 7:15,0.279,W
9/14/25 7:30,0.246,W
9/14/25 7:45,0.282,W
9/14/25 8:00,0.338,W
9/14/25 8:15,0.269,W
9/14/25 8:30,0.283,W
9/14/25 8:45,0.21,W
9/14/25 9:00,0.344,W
9/14/25 9:15,0.353,W
9/14/25 9:30,0.145,W
9/14/25 9:45,0.146,W
9/14/25 10:00,0.198,W
9/14/25 10:15,0.484,W
9/14/25 10:30,0.238,W
9/14/25 10:45,0.736,W
9/14/25 11:00,0.744,W
9/14/25 11:15,0.301,W
9/14/25 11:30,0.29,W
9/14/25 11:45,0.457,W
9/14/25 12:00,0.377,W
9/14/25 12:15,0.324,W
9/14/25 12:30,0.392,W
9/14/25 12:45,0.562,W
9/14/25 13:00,0.516,W
9/14/25 13:15,0.66,W
9/14/25 13:30,0.372,W
9/14/25 13:45,0.312,W
9/14/25 14:00,0.318,W
9/14/25 14:15,0.319,W
9/14/25 14:30,0.22,W
9/14/25 14:45,0.15,W
9/14/25 15:00,0.181,W
9/14/25 15:15,0.168,W
9/14/25 15:30,0.23,W
9/14/25 15:45,0.437,W
9/14/25 16:00,0.471,W
9/14/25 16:15,0.52,W
9/14/25 16:30,0.826,W
9/14/25 16:45,0.487,W
9/14/25 17:00,0.578,W
9/14/25 17:15,0.573,W
9/14/25 17:30,0.551,W
9/14/25 17:45,0.385,W
9/14/25 18:00,0.415,W
9/14/25 18:15,0.345,W
9/14/25 18:30,0.398,W
9/14/25 18:45,0.378,W
9/14/25 19:00,0.37,W
9/14/25 19:15,0.5,W
9/14/25 19:30,0.71,W
9/14/25 19:45,0.549,W
9/14/25 20:00,0.373,W
9/14/25 20:15,0.353,W
9/14/25 20:30,0.38,W
9/14/25 20:45,0.519,W
9/14/25 21:00,0.399,W
9/14/25 21:15,0.315,W
9/14/25 21:30,0.396,W
9/14/25 21:45,0.335,W
9/14/25 22:00,0.339,W
9/14/25 22:15,0.317,W
9/14/25 22:30,0.311,W
9/14/25 22:45,0.275,W
9/14/25 23:00,0.152,W
9/14/25 23:15,0.151,W
9/14/25 23:30,0.153,W
9/14/25 23:45,0.207,W
9/15/25 0:00,0.238,W
9/15/25 0:15,0.256,W
9/15/25 0:30,0.239,W
9/15/25 0:45,0.222,W
9/15/25 1:00,0.261,W
9/15/25 1:15,0.262,W
9/15/25 1:30,0.232,W
9/15/25 1:45,0.238,W
9/15/25 2:00,0.218,W
9/15/25 2:15,0.21,W
9/15/25 2:30,0.238,W
9/15/25 2:45,0.235,W
9/15/25 3:00,0.104,W
9/15/25 3:15,0.101,W
9/15/25 3:30,0.085,W
9/15/25 3:45,0.115,W
9/15/25 4:00,0.112,W
9/15/25 4:15,0.074,W
9/15/25 4:30,0.107,W
9/15/25 4:45,0.147,W
9/15/25 5:00,0.147,W
9/15/25 5:15,0.259,W
9/15/25 5:30,0.24,W
9/15/25 5:45,0.246,W
9/15/25 6:00,0.272,W
9/15/25 6:15,0.301,W
9/15/25 6:30,0.306,W
9/15/25 6:45,0.276,W
9/15/25 7:00,0.275,W
9/15/25 7:15,0.261,W
9/15/25 7:30,0.244,W
9/15/25 7:45,0.406,W
9/15/25 8:00,0.256,W
9/15/25 8:15,0.35,W
9/15/25 8:30,0.328,W
9/15/25 8:45,0.298,W
9/15/25 9:00,0.139,W
9/15/25 9:15,0.201,W
9/15/25 9:30,0.175,W
9/15/25 9:45,0.155,W
9/15/25 10:00,0.166,W
9/15/25 10:15,0.168,W
9/15/25 10:30,0.156,W
9/15/25 10:45,0.329,W
9/15/25 11:00,0.357,W
9/15/25 11:15,0.438,W
9/15/25 11:30,0.664,W
9/15/25 11:45,0.424,W
9/15/25 12:00,0.333,W
9/15/25 12:15,0.422,W
9/15/25 12:30,1.079,W
9/15/25 12:45,0.623,W
9/15/25 13:00,0.624,W
9/15/25 13:15,0.38,W
9/15/25 13:30,0.298,W
9/15/25 13:45,0.273,W
9/15/25 14:00,0.281,W
9/15/25 14:15,0.312,W
9/15/25 14:30,0.386,W
9/15/25 14:45,0.267,W
9/15/25 15:00,0.288,W
9/15/25 15:15,0.287,W
9/15/25 15:30,0.619,W
9/15/25 15:45,0.298,W
9/15/25 16:00,0.278,W
9/15/25 16:15,0.235,W
9/15/25 16:30,0.256,W
9/15/25 16:45,0.261,W
9/15/25 17:00,0.246,W
9/15/25 17:15,0.312,W
9/15/25 17:30,0.629,W
9/15/25 17:45,0.372,W
9/15/25 18:00,0.31,W
9/15/25 18:15,0.31,W
9/15/25 18:30,0.301,W
9/15/25 18:45,0.329,W
9/15/25 19:00,0.304,W
9/15/25 19:15,0.295,W
9/15/25 19:30,0.287,W
9/15/25 19:45,0.404,W
9/15/25 20:00,0.383,W
9/15/25 20:15,0.37,W
9/15/25 20:30,0.28,W
9/15/25 20:45,0.25,W
9/15/25 21:00,0.262,W
9/15/25 21:15,0.263,W
9/15/25 21:30,0.258,W
9/15/25 21:45,0.251,W
9/15/25 22:00,0.264,W
9/15/25 22:15,0.275,W
9/15/25 22:30,0.321,W
9/15/25 22:45,0.386,W
9/15/25 23:00,0.369,W
9/15/25 23:15,0.388,W
9/15/25 23:30,0.27,W
9/15/25 23:45,0.303,W
9/16/25 0:00,0.297,W
9/16/25 0:15,0.278,W
9/16/25 0:30,0.26,W
9/16/25 0:45,0.215,W
9/16/25 1:00,0.139,W
9/16/25 1:15,0.109,W
9/16/25 1:30,0.122,W
9/16/25 1:45,0.146,W
9/16/25 2:00,0.132,W
9/16/25 2:15,0.14,W
9/16/25 2:30,0.15,W
9/16/25 2:45,0.123,W
9/16/25 3:00,0.133,W
9/16/25 3:15,0.272,W
9/16/25 3:30,0.272,W
9/16/25 3:45,0.242,W
9/16/25 4:00,0.247,W
9/16/25 4:15,0.266,W
9/16/25 4:30,0.272,W
9/16/25 4:45,0.318,W
9/16/25 5:00,0.258,W
9/16/25 5:15,0.198,W
9/16/25 5:30,0.139,W
9/16/25 5:45,0.125,W
9/16/25 6:00,0.1,W
9/16/25 6:15,0.105,W
9/16/25 6:30,0.104,W
9/16/25 6:45,0.125,W
9/16/25 7:00,0.149,W
9/16/25 7:15,0.16,W
9/16/25 7:30,0.177,W
9/16/25 7:45,0.281,W
9/16/25 8:00,0.278,W
9/16/25 8:15,0.258,W
9/16/25 8:30,0.278,W
9/16/25 8:45,0.27,W
9/16/25 9:00,0.337,W
9/16/25 9:15,0.295,W
9/16/25 9:30,0.255,W
9/16/25 9:45,0.337,W
9/16/25 10:00,0.488,W
9/16/25 10:15,0.951,W
9/16/25 10:30,0.672,W
9/16/25 10:45,0.508,W
9/16/25 11:00,0.472,W
9/16/25 11:15,0.298,W
9/16/25 11:30,0.279,W
9/16/25 11:45,0.228,W
9/16/25 12:00,0.207,W
9/16/25 12:15,0.252,W
9/16/25 12:30,0.252,W
9/16/25 12:45,0.254,W
9/16/25 13:00,0.251,W
9/16/25 13:15,0.294,W
9/16/25 13:30,0.288,W
9/16/25 13:45,0.275,W
9/16/25 14:00,0.273,W
9/16/25 14:15,0.2,W
9/16/25 14:30,0.118,W
9/16/25 14:45,0.139,W
9/16/25 15:00,0.142,W
9/16/25 15:15,0.124,W
9/16/25 15:30,0.106,W
9/16/25 15:45,0.121,W
9/16/25 16:00,0.232,W
9/16/25 16:15,0.344,W
9/16/25 16:30,0.713,W
9/16/25 16:45,0.433,W
9/16/25 17:00,0.897,W
9/16/25 17:15,0.809,W
9/16/25 17:30,0.449,W
9/16/25 17:45,0.574,W
9/16/25 18:00,0.379,W
9/16/25 18:15,0.396,W
9/16/25 18:30,0.451,W
9/16/25 18:45,0.703,W
9/16/25 19:00,0.742,W
9/16/25 19:15,1.208,W
9/16/25 19:30,0.67,W
9/16/25 19:45,0.918,W
9/16/25 20:00,0.609,W
9/16/25 20:15,0.626,W
9/16/25 20:30,0.71,W
9/16/25 20:45,0.434,W
9/16/25 21:00,0.247,W
9/16/25 21:15,0.244,W
9/16/25 21:30,0.268,W
9/16/25 21:45,0.314,W
9/16/25 22:00,0.377,W
9/16/25 22:15,0.374,W
9/16/25 22:30,0.376,W
9/16/25 22:45,0.39,W
9/16/25 23:00,0.441,W
9/16/25 23:15,0.42,W
9/16/25 23:30,0.379,W
9/16/25 23:45,0.301,W
9/17/25 0:00,0.279,W
9/17/25 0:15,0.154,W
9/17/25 0:30,0.108,W
9/17/25 0:45,0.117,W
9/17/25 1:00,0.123,W
9/17/25 1:15,0.132,W
9/17/25 1:30,0.132,W
9/17/25 1:45,0.098,W
9/17/25 2:00,0.084,W
9/17/25 2:15,0.098,W
9/17/25 2:30,0.118,W
9/17/25 2:45,0.247,W
9/17/25 3:00,0.233,W
9/17/25 3:15,0.235,W
9/17/25 3:30,0.259,W
9/17/25 3:45,0.253,W
9/17/25 4:00,0.226,W
9/17/25 4:15,0.248,W
9/17/25 4:30,0.252,W
9/17/25 4:45,0.243,W
9/17/25 5:00,0.133,W
9/17/25 5:15,0.147,W
9/17/25 5:30,0.091,W
9/17/25 5:45,0.111,W
9/17/25 6:00,0.152,W
9/17/25 6:15,0.149,W
9/17/25 6:30,0.146,W
9/17/25 6:45,0.149,W
9/17/25 7:00,0.123,W
9/17/25 7:15,0.126,W
9/17/25 7:30,0.143,W
9/17/25 7:45,0.298,W
9/17/25 8:00,0.287,W
9/17/25 8:15,0.242,W
9/17/25 8:30,0.244,W
9/17/25 8:45,0.206,W
9/17/25 9:00,0.242,W
9/17/25 9:15,0.568,W
9/17/25 9:30,0.394,W
9/17/25 9:45,0.395,W
9/17/25 10:00,0.332,W
9/17/25 10:15,0.398,W
9/17/25 10:30,0.41,W
9/17/25 10:45,0.411,W
9/17/25 11:00,0.362,W
9/17/25 11:15,0.376,W
9/17/25 11:30,0.946,W
9/17/25 11:45,0.378,W
9/17/25 12:00,0.297,W
9/17/25 12:15,0.308,W
9/17/25 12:30,0.295,W
9/17/25 12:45,0.292,W
9/17/25 13:00,0.274,W
9/17/25 13:15,0.182,W
9/17/25 13:30,0.174,W
9/17/25 13:45,0.157,W
9/17/25 14:00,0.166,W
9/17/25 14:15,0.192,W
9/17/25 14:30,0.166,W
9/17/25 14:45,0.266,W
9/17/25 15:00,0.284,W
9/17/25 15:15,0.622,W
9/17/25 15:30,0.296,W
9/17/25 15:45,0.369,W
9/17/25 16:00,0.4,W
9/17/25 16:15,0.437,W
9/17/25 16:30,0.459,W
9/17/25 16:45,0.348,W
9/17/25 17:00,0.33,W
9/17/25 17:15,0.594,W
9/17/25 17:30,0.4,W
9/17/25 17:45,0.409,W
9/17/25 18:00,0.367,W
9/17/25 18:15,0.545,W
9/17/25 18:30,0.553,W
9/17/25 18:45,0.673,W
9/17/25 19:00,0.576,W
9/17/25 19:15,0.372,W
9/17/25 19:30,0.347,W
9/17/25 19:45,0.395,W
9/17/25 20:00,0.437,W
9/17/25 20:15,0.412,W
9/17/25 20:30,0.386,W
9/17/25 20:45,0.467,W
9/17/25 21:00,0.369,W
9/17/25 21:15,0.382,W
9/17/25 21:30,0.379,W
9/17/25 21:45,0.393,W
9/17/25 22:00,0.443,W
9/17/25 22:15,0.383,W
9/17/25 22:30,0.375,W
9/17/25 22:45,0.324,W
9/17/25 23:00,0.274,W
9/17/25 23:15,0.275,W
9/17/25 23:30,0.287,W
9/17/25 23:45,0.273,W
9/18/25 0:00,0.25,W
9/18/25 0:15,0.247,W
9/18/25 0:30,0.246,W
9/18/25 0:45,0.256,W
9/18/25 1:00,0.266,W
9/18/25 1:15,0.252,W
9/18/25 1:30,0.264,W
9/18/25 1:45,0.279,W
9/18/25 2:00,0.267,W
9/18/25 2:15,0.277,W
9/18/25 2:30,0.26,W
9/18/25 2:45,0.136,W
9/18/25 3:00,0.13,W
9/18/25 3:15,0.138,W
9/18/25 3:30,0.121,W
9/18/25 3:45,0.099,W
9/18/25 4:00,0.12,W
9/18/25 4:15,0.15,W
9/18/25 4:30,0.169,W
9/18/25 4:45,0.107,W
9/18/25 5:00,0.212,W
9/18/25 5:15,0.352,W
9/18/25 5:30,0.301,W
9/18/25 5:45,0.279,W
9/18/25 6:00,0.273,W
9/18/25 6:15,0.269,W
9/18/25 6:30,0.276,W
9/18/25 6:45,0.279,W
9/18/25 7:00,0.268,W
9/18/25 7:15,0.266,W
9/18/25 7:30,0.303,W
9/18/25 7:45,0.491,W
9/18/25 8:00,0.24,W
9/18/25 8:15,0.276,W
9/18/25 8:30,0.322,W
9/18/25 8:45,0.367,W
9/18/25 9:00,0.311,W
9/18/25 9:15,0.318,W
9/18/25 9:30,0.653,W
9/18/25 9:45,0.153,W
9/18/25 10:00,0.243,W
9/18/25 10:15,0.208,W
9/18/25 10:30,0.201,W
9/18/25 10:45,0.159,W
9/18/25 11:00,0.183,W
9/18/25 11:15,0.417,W
9/18/25 11:30,0.366,W
9/18/25 11:45,0.31,W
9/18/25 12:00,0.292,W
9/18/25 12:15,0.319,W
9/18/25 12:30,0.306,W
9/18/25 12:45,0.302,W
9/18/25 13:00,0.298,W
9/18/25 13:15,0.278,W
9/18/25 13:30,0.308,W
9/18/25 13:45,0.337,W
9/18/25 14:00,0.336,W
9/18/25 14:15,0.319,W
9/18/25 14:30,0.292,W
9/18/25 14:45,0.297,W
9/18/25 15:00,0.272,W
9/18/25 15:15,0.186,W
9/18/25 15:30,0.181,W
9/18/25 15:45,0.17,W
9/18/25 16:00,0.264,W
9/18/25 16:15,0.292,W
9/18/25 16:30,0.263,W
9/18/25 16:45,0.218,W
9/18/25 17:00,0.192,W
9/18/25 17:15,0.46,W
9/18/25 17:30,0.619,W
9/18/25 17:45,0.312,W
9/18/25 18:00,0.334,W
9/18/25 18:15,0.499,W
9/18/25 18:30,0.612,W
9/18/25 18:45,0.648,W
9/18/25 19:00,0.593,W
9/18/25 19:15,0.455,W
9/18/25 19:30,0.494,W
9/18/25 19:45,0.395,W
9/18/25 20:00,0.484,W
9/18/25 20:15,0.499,W
9/18/25 20:30,0.305,W
9/18/25 20:45,0.304,W
9/18/25 21:00,0.317,W
9/18/25 21:15,0.245,W
9/18/25 21:30,0.216,W
9/18/25 21:45,0.224,W
9/18/25 22:00,0.233,W
9/18/25 22:15,0.241,W
9/18/25 22:30,0.223,W
9/18/25 22:45,0.239,W
9/18/25 23:00,0.343,W
9/18/25 23:15,0.328,W
9/18/25 23:30,0.271,W
9/18/25 23:45,0.283,W
9/19/25 0:00,0.291,W
9/19/25 0:15,0.302,W
9/19/25 0:30,0.318,W
9/19/25 0:45,0.285,W
9/19/25 1:00,0.251,W
9/19/25 1:15,0.255,W
9/19/25 1:30,0.156,W
9/19/25 1:45,0.132,W
9/19/25 2:00,0.15,W
9/19/25 2:15,0.148,W
9/19/25 2:30,0.118,W
9/19/25 2:45,0.134,W
9/19/25 3:00,0.146,W
9/19/25 3:15,0.127,W
9/19/25 3:30,0.169,W
9/19/25 3:45,0.205,W
9/19/25 4:00,0.273,W
9/19/25 4:15,0.268,W
9/19/25 4:30,0.249,W
9/19/25 4:45,0.231,W
9/19/25 5:00,0.284,W
9/19/25 5:15,0.327,W
9/19/25 5:30,0.314,W
9/19/25 5:45,0.269,W
9/19/25 6:00,0.209,W
9/19/25 6:15,0.133,W
9/19/25 6:30,0.131,W
9/19/25 6:45,0.124,W
9/19/25 7:00,0.094,W
9/19/25 7:15,0.105,W
9/19/25 7:30,0.119,W
9/19/25 7:45,0.165,W
9/19/25 8:00,0.133,W
9/19/25 8:15,0.224,W
9/19/25 8:30,0.297,W
9/19/25 8:45,0.345,W
9/19/25 9:00,0.311,W
9/19/25 9:15,0.263,W
9/19/25 9:30,0.271,W
9/19/25 9:45,0.286,W
9/19/25 10:00,0.393,W
9/19/25 10:15,0.423,W
9/19/25 10:30,0.42,W
9/19/25 10:45,0.44,W
9/19/25 11:00,0.394,W
9/19/25 11:15,0.401,W
9/19/25 11:30,0.28,W
9/19/25 11:45,0.409,W
9/19/25 12:00,0.294,W
9/19/25 12:15,0.799,W
9/19/25 12:30,0.688,W
9/19/25 12:45,0.386,W
9/19/25 13:00,0.256,W
9/19/25 13:15,0.285,W
9/19/25 13:30,0.235,W
9/19/25 13:45,0.176,W
9/19/25 14:00,0.244,W
9/19/25 14:15,0.229,W
9/19/25 14:30,0.228,W
9/19/25 14:45,0.181,W
9/19/25 15:00,0.513,W
9/19/25 15:15,0.435,W
9/19/25 15:30,0.755,W
9/19/25 15:45,0.466,W
9/19/25 16:00,0.457,W
9/19/25 16:15,0.636,W
9/19/25 16:30,0.667,W
9/19/25 16:45,0.37,W
9/19/25 17:00,0.417,W
9/19/25 17:15,0.393,W
9/19/25 17:30,0.377,W
9/19/25 17:45,0.506,W
9/19/25 18:00,0.5,W
9/19/25 18:15,0.538,W
9/19/25 18:30,0.482,W
9/19/25 18:45,0.489,W
9/19/25 19:00,0.618,W
9/19/25 19:15,0.719,E
9/19/25 19:30,0.734,E
9/19/25 19:45,0.67,E
9/19/25 20:00,0.655,W
9/19/25 20:15,0.636,W
9/19/25 20:30,0.747,W
9/19/25 20:45,0.528,W
9/19/25 21:00,0.406,W
9/19/25 21:15,0.333,W
9/19/25 21:30,0.276,W
9/19/25 21:45,0.273,W
9/19/25 22:00,0.269,W
9/19/25 22:15,0.243,W
9/19/25 22:30,0.247,W
9/19/25 22:45,0.251,W
9/19/25 23:00,0.224,W
9/19/25 23:15,0.226,W
9/19/25 23:30,0.189,W
9/19/25 23:45,0.207,W
9/20/25 0:00,0.285,W
9/20/25 0:15,0.345,W
9/20/25 0:30,0.275,W
9/20/25 0:45,0.253,W
9/20/25 1:00,0.218,W
9/20/25 1:15,0.241,W
9/20/25 1:30,0.275,W
9/20/25 1:45,0.277,W
9/20/25 2:00,0.257,W
9/20/25 2:15,0.261,W
9/20/25 2:30,0.266,W
9/20/25 2:45,0.259,W
9/20/25 3:00,0.174,W
9/20/25 3:15,0.11,W
9/20/25 3:30,0.113,W
9/20/25 3:45,0.132,W
9/20/25 4:00,0.134,W
9/20/25 4:15,0.108,W
9/20/25 4:30,0.089,W
9/20/25 4:45,0.103,W
9/20/25 5:00,0.142,W
9/20/25 5:15,0.165,W
9/20/25 5:30,0.24,W
9/20/25 5:45,0.254,W
9/20/25 6:00,0.256,W
9/20/25 6:15,0.246,W
9/20/25 6:30,0.267,W
9/20/25 6:45,0.261,W
9/20/25 7:00,0.231,W
9/20/25 7:15,0.251,W
9/20/25 7:30,0.287,W
9/20/25 7:45,0.456,W
9/20/25 8:00,0.239,W
9/20/25 8:15,0.314,W
9/20/25 8:30,0.25,W
9/20/25 8:45,0.275,W
9/20/25 9:00,0.278,W
9/20/25 9:15,0.238,W
9/20/25 9:30,0.162,W
9/20/25 9:45,0.155,W
9/20/25 10:00,0.162,W
9/20/25 10:15,0.158,W
9/20/25 10:30,0.281,W
9/20/25 10:45,0.171,W
9/20/25 11:00,0.168,W
9/20/25 11:15,0.172,W
9/20/25 11:30,0.429,W
9/20/25 11:45,0.613,W
9/20/25 12:00,0.615,W
9/20/25 12:15,0.285,W
9/20/25 12:30,0.319,W
9/20/25 12:45,0.32,W
9/20/25 13:00,0.612,W
9/20/25 13:15,0.565,W
9/20/25 13:30,0.615,W
9/20/25 13:45,0.334,W
9/20/25 14:00,0.307,W
9/20/25 14:15,0.317,W
9/20/25 14:30,0.32,W
9/20/25 14:45,0.334,W
9/20/25 15:00,0.31,W
9/20/25 15:15,0.328,W
9/20/25 15:30,0.326,W
9/20/25 15:45,0.31,W
9/20/25 16:00,0.286,W
9/20/25 16:15,0.368,W
9/20/25 16:30,0.37,W
9/20/25 16:45,0.342,W
9/20/25 17:00,0.341,W
9/20/25 17:15,0.337,W
9/20/25 17:30,0.249,W
9/20/25 17:45,0.197,W
9/20/25 18:00,0.235,W
9/20/25 18:15,0.254,W
9/20/25 18:30,0.204,W
9/20/25 18:45,0.245,W
9/20/25 19:00,0.209,W
9/20/25 19:15,0.228,W
9/20/25 19:30,0.226,W
9/20/25 19:45,0.229,W
9/20/25 20:00,0.646,W
9/20/25 20:15,0.529,W
9/20/25 20:30,0.488,W
9/20/25 20:45,0.48,W
9/20/25 21:00,0.393,W
9/20/25 21:15,0.375,W
9/20/25 21:30,0.675,W
9/20/25 21:45,0.648,W
9/20/25 22:00,0.374,W
9/20/25 22:15,0.38,W
9/20/25 22:30,0.37,W
9/20/25 22:45,0.332,W
9/20/25 23:00,0.345,W
9/20/25 23:15,0.354,W
9/20/25 23:30,0.28,W
9/20/25 23:45,0.253,W
9/21/25 0:00,0.218,W
9/21/25 0:15,0.193,W
9/21/25 0:30,0.134,W
9/21/25 0:45,0.122,W
9/21/25 1:00,0.145,W
9/21/25 1:15,0.151,W
9/21/25 1:30,0.104,W
9/21/25 1:45,0.133,W
9/21/25 2:00,0.245,W
9/21/25 2:15,0.211,W
9/21/25 2:30,0.236,W
9/21/25 2:45,0.275,W
9/21/25 3:00,0.282,W
9/21/25 3:15,0.274,W
9/21/25 3:30,0.238,W
9/21/25 3:45,0.226,W
9/21/25 4:00,0.246,W
9/21/25 4:15,0.148,W
9/21/25 4:30,0.13,W
9/21/25 4:45,0.105,W
9/21/25 5:00,0.092,W
9/21/25 5:15,0.104,W
9/21/25 5:30,0.097,W
9/21/25 5:45,0.11,W
9/21/25 6:00,0.14,W
9/21/25 6:15,0.154,W
9/21/25 6:30,0.174,W
9/21/25 6:45,0.126,W
9/21/25 7:00,0.265,W
9/21/25 7:15,0.254,W
9/21/25 7:30,0.301,W
9/21/25 7:45,0.267,W
9/21/25 8:00,0.262,W
9/21/25 8:15,0.25,W
9/21/25 8:30,0.235,W
9/21/25 8:45,0.232,W
9/21/25 9:00,0.223,W
9/21/25 9:15,0.247,W
9/21/25 9:30,0.242,W
9/21/25 9:45,0.251,W
9/21/25 10:00,0.438,W
9/21/25 10:15,0.25,W
9/21/25 10:30,0.087,W
9/21/25 10:45,0.117,W
9/21/25 11:00,0.141,W
9/21/25 11:15,0.155,W
9/21/25 11:30,0.53,W
9/21/25 11:45,0.369,W
9/21/25 12:00,0.79,W
9/21/25 12:15,0.741,W
9/21/25 12:30,0.312,W
9/21/25 12:45,0.286,W
9/21/25 13:00,0.318,W
9/21/25 13:15,0.363,W
9/21/25 13:30,0.982,W
9/21/25 13:45,0.653,W
9/21/25 14:00,0.365,W
9/21/25 14:15,0.892,W
9/21/25 14:30,0.44,W
9/21/25 14:45,0.468,W
9/21/25 15:00,0.496,W
9/21/25 15:15,0.503,W
9/21/25 15:30,0.426,W
9/21/25 15:45,0.348,W
9/21/25 16:00,0.328,W
9/21/25 16:15,0.196,W
9/21/25 16:30,0.149,W
9/21/25 16:45,0.172,W
9/21/25 17:00,0.328,W
9/21/25 17:15,0.726,W
9/21/25 17:30,0.377,W
9/21/25 17:45,0.363,W
9/21/25 18:00,0.447,W
9/21/25 18:15,0.273,W
9/21/25 18:30,0.32,W
9/21/25 18:45,0.716,W
9/21/25 19:00,0.641,W
9/21/25 19:15,0.85,W
9/21/25 19:30,0.863,W
9/21/25 19:45,0.455,W
9/21/25 20:00,0.414,W
9/21/25 20:15,0.401,W
9/21/25 20:30,0.361,W
9/21/25 20:45,0.257,W
9/21/25 21:00,0.328,W
9/21/25 21:15,0.296,W
9/21/25 21:30,0.287,W
9/21/25 21:45,0.402,W
9/21/25 22:00,0.268,W
9/21/25 22:15,0.294,W
9/21/25 22:30,0.315,W
9/21/25 22:45,0.355,W
9/21/25 23:00,0.367,W
9/21/25 23:15,0.36,W
9/21/25 23:30,0.313,W
9/21/25 23:45,0.3,W
9/22/25 0:00,0.297,W
9/22/25 0:15,0.252,W
9/22/25 0:30,0.277,W
9/22/25 0:45,0.262,W
9/22/25 1:00,0.239,W
9/22/25 1:15,0.249,W
9/22/25 1:30,0.285,W
9/22/25 1:45,0.296,W
9/22/25 2:00,0.271,W
9/22/25 2:15,0.227,W
9/22/25 2:30,0.238,W
9/22/25 2:45,0.218,W
9/22/25 3:00,0.132,W
9/22/25 3:15,0.119,W
9/22/25 3:30,0.161,W
9/22/25 3:45,0.14,W
9/22/25 4:00,0.147,W
9/22/25 4:15,0.128,W
9/22/25 4:30,0.121,W
9/22/25 4:45,0.13,W
9/22/25 5:00,0.263,W
9/22/25 5:15,0.309,W
9/22/25 5:30,0.244,W
9/22/25 5:45,0.235,W
9/22/25 6:00,0.244,W
9/22/25 6:15,0.243,W
9/22/25 6:30,0.261,W
9/22/25 6:45,0.283,W
9/22/25 7:00,0.254,W
9/22/25 7:15,0.251,W
9/22/25 7:30,0.22,W
9/22/25 7:45,0.274,W
9/22/25 8:00,0.256,W
9/22/25 8:15,0.292,W
9/22/25 8:30,0.327,W
9/22/25 8:45,0.251,W
9/22/25 9:00,0.21,W
9/22/25 9:15,0.18,W
9/22/25 9:30,0.12,W
9/22/25 9:45,0.121,W
9/22/25 10:00,0.079,W
9/22/25 10:15,0.108,W
9/22/25 10:30,0.133,W
9/22/25 10:45,0.124,W
9/22/25 11:00,0.112,W
9/22/25 11:15,0.173,W
9/22/25 11:30,0.187,W
9/22/25 11:45,0.336,W
9/22/25 12:00,0.292,W
9/22/25 12:15,0.271,W
9/22/25 12:30,0.266,W
9/22/25 12:45,0.281,W
9/22/25 13:00,0.268,W
9/22/25 13:15,0.258,W
9/22/25 13:30,0.287,W
9/22/25 13:45,0.306,W
9/22/25 14:00,0.316,W
9/22/25 14:15,0.339,W
9/22/25 14:30,0.271,W
9/22/25 14:45,0.25,W
9/22/25 15:00,0.211,W
9/22/25 15:15,0.195,W
9/22/25 15:30,0.173,W
9/22/25 15:45,0.181,W
9/22/25 16:00,0.166,W
9/22/25 16:15,0.158,W
9/22/25 16:30,0.169,W
9/22/25 16:45,0.166,W
9/22/25 17:00,0.263,W
9/22/25 17:15,0.347,W
9/22/25 17:30,0.348,W
9/22/25 17:45,0.318,W
9/22/25 18:00,0.344,W
9/22/25 18:15,0.308,W
9/22/25 18:30,0.325,W
9/22/25 18:45,0.475,W
9/22/25 19:00,0.336,W
9/22/25 19:15,0.362,W
9/22/25 19:30,0.359,W
9/22/25 19:45,0.351,W
9/22/25 20:00,0.344,W
9/22/25 20:15,0.494,W
9/22/25 20:30,0.439,W
9/22/25 20:45,0.296,W
9/22/25 21:00,0.283,W
9/22/25 21:15,0.221,W
9/22/25 21:30,0.183,W
9/22/25 21:45,0.231,W
9/22/25 22:00,0.234,W
9/22/25 22:15,0.291,W
9/22/25 22:30,0.255,W
9/22/25 22:45,0.36,W
9/22/25 23:00,0.347,W
9/22/25 23:15,0.351,W
9/22/25 23:30,0.323,W
9/22/25 23:45,0.339,W
9/23/25 0:00,0.366,W
9/23/25 0:15,0.366,W
9/23/25 0:30,0.359,W
9/23/25 0:45,0.342,W
9/23/25 1:00,0.328,W
9/23/25 1:15,0.329,W
9/23/25 1:30,0.323,W
9/23/25 1:45,0.218,W
9/23/25 2:00,0.204,W
9/23/25 2:15,0.193,W
9/23/25 2:30,0.233,W
9/23/25 2:45,0.186,W
9/23/25 3:00,0.114,W
9/23/25 3:15,0.084,W
9/23/25 3:30,0.151,W
9/23/25 3:45,0.227,W
9/23/25 4:00,0.256,W
9/23/25 4:15,0.255,W
9/23/25 4:30,0.265,W
9/23/25 4:45,0.244,W
9/23/25 5:00,0.26,W
9/23/25 5:15,0.256,W
9/23/25 5:30,0.283,W
9/23/25 5:45,0.306,W
9/23/25 6:00,0.278,W
9/23/25 6:15,0.258,W
9/23/25 6:30,0.161,W
9/23/25 6:45,0.093,W
9/23/25 7:00,0.124,W
9/23/25 7:15,0.158,W
9/23/25 7:30,0.119,W
9/23/25 7:45,0.26,W
9/23/25 8:00,0.153,W
9/23/25 8:15,0.138,W
9/23/25 8:30,0.114,W
9/23/25 8:45,0.13,W
9/23/25 9:00,0.129,W
9/23/25 9:15,0.193,W
9/23/25 9:30,0.25,W
9/23/25 9:45,0.236,W
9/23/25 10:00,0.346,W
9/23/25 10:15,0.563,W
9/23/25 10:30,0.637,W
9/23/25 10:45,0.547,W
9/23/25 11:00,0.245,W
9/23/25 11:15,0.249,W
9/23/25 11:30,0.371,W
9/23/25 11:45,0.81,W
9/23/25 12:00,0.567,W
9/23/25 12:15,0.326,W
9/23/25 12:30,0.27,W
9/23/25 12:45,0.27,W
9/23/25 13:00,0.244,W
9/23/25 13:15,0.243,W
9/23/25 13:30,0.265,W
9/23/25 13:45,0.283,W
9/23/25 14:00,0.305,W
9/23/25 14:15,0.307,W
9/23/25 14:30,0.264,W
9/23/25 14:45,0.243,W
9/23/25 15:00,0.265,W
9/23/25 15:15,0.246,W
9/23/25 15:30,0.134,W
9/23/25 15:45,0.162,W
9/23/25 16:00,0.151,W
9/23/25 16:15,0.14,W
9/23/25 16:30,0.135,W
9/23/25 16:45,0.103,W
9/23/25 17:00,0.115,W
9/23/25 17:15,0.142,W
9/23/25 17:30,0.146,W
9/23/25 17:45,0.235,W
9/23/25 18:00,0.322,W
9/23/25 18:15,0.298,W
9/23/25 18:30,0.376,W
9/23/25 18:45,0.357,W
9/23/25 19:00,0.43,W
9/23/25 19:15,0.432,W
9/23/25 19:30,0.425,W
9/23/25 19:45,0.383,W
9/23/25 20:00,0.355,W
9/23/25 20:15,0.365,W
9/23/25 20:30,0.405,W
9/23/25 20:45,0.398,W
9/23/25 21:00,0.371,W
9/23/25 21:15,0.277,W
9/23/25 21:30,0.343,W
9/23/25 21:45,0.257,W
9/23/25 22:00,0.24,W
9/23/25 22:15,0.266,W
9/23/25 22:30,0.25,W
9/23/25 22:45,0.261,W
9/23/25 23:00,0.242,W
9/23/25 23:15,0.227,W
9/23/25 23:30,0.221,W
9/23/25 23:45,0.205,W
9/24/25 0:00,0.28,W
9/24/25 0:15,0.298,W
9/24/25 0:30,0.288,W
9/24/25 0:45,0.254,W
9/24/25 1:00,0.277,W
9/24/25 1:15,0.287,W
9/24/25 1:30,0.231,W
9/24/25 1:45,0.239,W
9/24/25 2:00,0.297,W
9/24/25 2:15,0.284,W
9/24/25 2:30,0.264,W
9/24/25 2:45,0.26,W
9/24/25 3:00,0.25,W
9/24/25 3:15,0.127,W
9/24/25 3:30,0.164,W
9/24/25 3:45,0.15,W
9/24/25 4:00,0.125,W
9/24/25 4:15,0.197,W
9/24/25 4:30,0.163,W
9/24/25 4:45,0.138,W
9/24/25 5:00,0.147,W
9/24/25 5:15,0.15,W
9/24/25 5:30,0.278,W
9/24/25 5:45,0.288,W
9/24/25 6:00,0.268,W
9/24/25 6:15,0.25,W
9/24/25 6:30,0.285,W
9/24/25 6:45,0.282,W
9/24/25 7:00,0.256,W
9/24/25 7:15,0.256,W
9/24/25 7:30,0.254,W
9/24/25 7:45,0.369,W
9/24/25 8:00,0.266,W
9/24/25 8:15,0.245,W
9/24/25 8:30,0.23,W
9/24/25 8:45,0.214,W
9/24/25 9:00,0.249,W
9/24/25 9:15,0.213,W
9/24/25 9:30,0.256,W
9/24/25 9:45,0.285,W
9/24/25 10:00,0.273,W
9/24/25 10:15,0.316,W
9/24/25 10:30,0.276,W
9/24/25 10:45,0.286,W
9/24/25 11:00,0.358,W
9/24/25 11:15,0.293,W
9/24/25 11:30,0.342,W
9/24/25 11:45,0.46,W
9/24/25 12:00,0.326,W
9/24/25 12:15,0.32,W
9/24/25 12:30,0.297,W
9/24/25 12:45,0.297,W
9/24/25 13:00,0.281,W
9/24/25 13:15,0.32,W
9/24/25 13:30,0.206,W
9/24/25 13:45,0.137,W
9/24/25 14:00,0.214,W
9/24/25 14:15,0.201,W
9/24/25 14:30,0.203,W
9/24/25 14:45,0.169,W
9/24/25 15:00,0.153,W
9/24/25 15:15,0.163,W
9/24/25 15:30,0.183,W
9/24/25 15:45,0.156,W
9/24/25 16:00,0.183,W
9/24/25 16:15,0.31,W
9/24/25 16:30,0.315,W
9/24/25 16:45,0.312,W
9/24/25 17:00,0.304,W
9/24/25 17:15,0.313,W
9/24/25 17:30,0.314,W
9/24/25 17:45,0.349,W
9/24/25 18:00,0.406,W
9/24/25 18:15,0.355,W
9/24/25 18:30,0.301,W
9/24/25 18:45,0.209,W
9/24/25 19:00,0.195,W
9/24/25 19:15,0.225,W
9/24/25 19:30,0.212,W
9/24/25 19:45,0.234,W
9/24/25 20:00,0.315,W
9/24/25 20:15,0.227,W
9/24/25 20:30,0.506,W
9/24/25 20:45,0.659,W
9/24/25 21:00,0.709,W
9/24/25 21:15,0.492,W
9/24/25 21:30,0.32,W
9/24/25 21:45,0.44,W
9/24/25 22:00,0.375,W
9/24/25 22:15,0.354,W
9/24/25 22:30,0.356,W
9/24/25 22:45,0.373,W
9/24/25 23:00,0.34,W
9/24/25 23:15,0.367,W
9/24/25 23:30,0.366,W
9/24/25 23:45,0.33,W
9/25/25 0:00,0.414,W
9/25/25 0:15,0.271,W
9/25/25 0:30,0.243,W
9/25/25 0:45,0.233,W
9/25/25 1:00,0.218,W
9/25/25 1:15,0.245,W
9/25/25 1:30,0.259,W
9/25/25 1:45,0.216,W
9/25/25 2:00,0.212,W
9/25/25 2:15,0.245,W
9/25/25 2:30,0.241,W
9/25/25 2:45,0.196,W
9/25/25 3:00,0.211,W
9/25/25 3:15,0.292,W
9/25/25 3:30,0.256,W
9/25/25 3:45,0.227,W
9/25/25 4:00,0.252,W
9/25/25 4:15,0.216,W
9/25/25 4:30,0.247,W
9/25/25 4:45,0.264,W
9/25/25 5:00,0.229,W
9/25/25 5:15,0.25,W
9/25/25 5:30,0.241,W
9/25/25 5:45,0.236,W
9/25/25 6:00,0.21,W
9/25/25 6:15,0.224,W
9/25/25 6:30,0.225,W
9/25/25 6:45,0.231,W
9/25/25 7:00,0.283,W
9/25/25 7:15,0.251,W
9/25/25 7:30,0.338,W
9/25/25 7:45,0.295,W
9/25/25 8:00,0.323,W
9/25/25 8:15,0.289,W
9/25/25 8:30,0.274,W
9/25/25 8:45,0.319,W
9/25/25 9:00,0.29,W
9/25/25 9:15,0.358,W
9/25/25 9:30,0.297,W
9/25/25 9:45,0.177,W
9/25/25 10:00,0.153,W
9/25/25 10:15,0.152,W
9/25/25 10:30,0.155,W
9/25/25 10:45,0.164,W
9/25/25 11:00,0.175,W
9/25/25 11:15,0.381,W
9/25/25 11:30,0.589,W
9/25/25 11:45,0.465,W
9/25/25 12:00,0.256,W
9/25/25 12:15,0.334,W
9/25/25 12:30,0.324,W
9/25/25 12:45,0.32,W
9/25/25 13:00,0.277,W
9/25/25 13:15,0.265,W
9/25/25 13:30,0.282,W
9/25/25 13:45,0.301,W
9/25/25 14:00,0.303,W
9/25/25 14:15,0.306,W
9/25/25 14:30,0.322,W
9/25/25 14:45,0.318,W
9/25/25 15:00,0.302,W
9/25/25 15:15,0.313,W
9/25/25 15:30,0.303,W
9/25/25 15:45,0.436,W
9/25/25 16:00,0.649,W
9/25/25 16:15,0.313,W
9/25/25 16:30,0.215,W
9/25/25 16:45,0.162,W
9/25/25 17:00,0.193,W
9/25/25 17:15,0.173,W
9/25/25 17:30,0.192,W
9/25/25 17:45,0.643,W
9/25/25 18:00,0.558,W
9/25/25 18:15,0.296,W
9/25/25 18:30,1.213,W
9/25/25 18:45,1.036,W
9/25/25 19:00,0.694,W
9/25/25 19:15,1.496,W
9/25/25 19:30,0.412,W
9/25/25 19:45,0.811,W
9/25/25 20:00,0.836,W
9/25/25 20:15,0.394,W
9/25/25 20:30,0.358,W
9/25/25 20:45,0.355,W
9/25/25 21:00,0.404,W
9/25/25 21:15,0.371,W
9/25/25 21:30,0.379,W
9/25/25 21:45,0.396,W
9/25/25 22:00,0.413,W
9/25/25 22:15,0.475,W
9/25/25 22:30,0.51,W
9/25/25 22:45,0.456,W
9/25/25 23:00,0.451,W
9/25/25 23:15,0.414,W
9/25/25 23:30,0.249,W
9/25/25 23:45,0.27,W
9/26/25 0:00,0.183,W
9/26/25 0:15,0.213,W
9/26/25 0:30,0.27,W
9/26/25 0:45,0.262,W
9/26/25 1:00,0.236,W
9/26/25 1:15,0.227,W
9/26/25 1:30,0.272,W
9/26/25 1:45,0.279,W
9/26/25 2:00,0.245,W
9/26/25 2:15,0.248,W
9/26/25 2:30,0.252,W
9/26/25 2:45,0.257,W
9/26/25 3:00,0.255,W
9/26/25 3:15,0.237,W
9/26/25 3:30,0.259,W
9/26/25 3:45,0.278,W
9/26/25 4:00,0.128,W
9/26/25 4:15,0.108,W
9/26/25 4:30,0.12,W
9/26/25 4:45,0.164,W
9/26/25 5:00,0.172,W
9/26/25 5:15,0.16,W
9/26/25 5:30,0.154,W
9/26/25 5:45,0.14,W
9/26/25 6:00,0.141,W
9/26/25 6:15,0.216,W
9/26/25 6:30,0.243,W
9/26/25 6:45,0.252,W
9/26/25 7:00,0.291,W
9/26/25 7:15,0.294,W
9/26/25 7:30,0.282,W
9/26/25 7:45,0.271,W
9/26/25 8:00,0.328,W
9/26/25 8:15,0.271,W
9/26/25 8:30,0.249,W
9/26/25 8:45,0.232,W
9/26/25 9:00,0.595,W
9/26/25 9:15,0.28,W
9/26/25 9:30,0.244,W
9/26/25 9:45,0.258,W
9/26/25 10:00,0.25,W
9/26/25 10:15,0.255,W
9/26/25 10:30,0.224,W
9/26/25 10:45,0.41,W
9/26/25 11:00,0.249,W
9/26/25 11:15,0.265,W
9/26/25 11:30,0.243,W
9/26/25 11:45,0.238,W
9/26/25 12:00,0.49,W
9/26/25 12:15,0.675,W
9/26/25 12:30,0.935,W
9/26/25 12:45,1.1,W
9/26/25 13:00,0.614,W
9/26/25 13:15,0.504,W
9/26/25 13:30,0.5,W
9/26/25 13:45,0.508,W
9/26/25 14:00,0.444,W
9/26/25 14:15,0.316,W
9/26/25 14:30,0.313,W
9/26/25 14:45,0.307,W
9/26/25 15:00,0.269,W
9/26/25 15:15,0.25,W
9/26/25 15:30,0.293,W
9/26/25 15:45,0.261,W
9/26/25 16:00,0.448,W
9/26/25 16:15,0.407,W
9/26/25 16:30,0.441,W
9/26/25 16:45,0.482,W
9/26/25 17:00,0.57,W
9/26/25 17:15,0.542,W
9/26/25 17:30,1.005,W
9/26/25 17:45,0.8,W
9/26/25 18:00,0.397,W
9/26/25 18:15,0.766,W
9/26/25 18:30,0.51,W
9/26/25 18:45,0.53,W
9/26/25 19:00,0.291,W
9/26/25 19:15,0.249,W
9/26/25 19:30,0.282,W
9/26/25 19:45,0.304,W
9/26/25 20:00,0.403,W
9/26/25 20:15,0.479,W
9/26/25 20:30,0.403,W
9/26/25 20:45,0.363,W
9/26/25 21:00,0.404,W
9/26/25 21:15,0.333,W
9/26/25 21:30,0.309,W
9/26/25 21:45,0.36,W
9/26/25 22:00,0.454,W
9/26/25 22:15,0.46,W
9/26/25 22:30,0.397,W
9/26/25 22:45,0.354,W
9/26/25 23:00,0.308,W
9/26/25 23:15,0.341,W
9/26/25 23:30,0.392,W
9/26/25 23:45,0.335,W
9/27/25 0:00,0.314,W
9/27/25 0:15,0.358,W
9/27/25 0:30,0.294,W
9/27/25 0:45,0.259,W
9/27/25 1:00,0.245,W
9/27/25 1:15,0.247,W
9/27/25 1:30,0.262,W
9/27/25 1:45,0.244,W
9/27/25 2:00,0.203,W
9/27/25 2:15,0.241,W
9/27/25 2:30,0.262,W
9/27/25 2:45,0.234,W
9/27/25 3:00,0.207,W
9/27/25 3:15,0.258,W
9/27/25 3:30,0.281,W
9/27/25 3:45,0.261,W
9/27/25 4:00,0.261,W
9/27/25 4:15,0.257,W
9/27/25 4:30,0.256,W
9/27/25 4:45,0.261,W
9/27/25 5:00,0.256,W
9/27/25 5:15,0.27,W
9/27/25 5:30,0.256,W
9/27/25 5:45,0.267,W
9/27/25 6:00,0.27,W
9/27/25 6:15,0.242,W
9/27/25 6:30,0.22,W
9/27/25 6:45,0.253,W
9/27/25 7:00,0.24,W
9/27/25 7:15,0.119,W
9/27/25 7:30,0.123,W
9/27/25 7:45,0.199,W
9/27/25 8:00,0.324,W
9/27/25 8:15,0.247,W
9/27/25 8:30,0.167,W
9/27/25 8:45,0.206,W
9/27/25 9:00,0.202,W
9/27/25 9:15,0.238,W
9/27/25 9:30,0.268,W
9/27/25 9:45,0.25,W
9/27/25 10:00,0.301,W
9/27/25 10:15,0.325,W
9/27/25 10:30,0.283,W
9/27/25 10:45,0.299,W
9/27/25 11:00,0.858,W
9/27/25 11:15,0.843,W
9/27/25 11:30,0.548,W
9/27/25 11:45,0.44,W
9/27/25 12:00,0.47,W
9/27/25 12:15,0.624,W
9/27/25 12:30,0.675,W
9/27/25 12:45,0.588,W
9/27/25 13:00,0.306,W
9/27/25 13:15,0.294,W
9/27/25 13:30,0.288,W
9/27/25 13:45,0.31,W
9/27/25 14:00,0.312,W
9/27/25 14:15,0.319,W
9/27/25 14:30,0.288,W
9/27/25 14:45,0.266,W
9/27/25 15:00,0.306,W
9/27/25 15:15,0.326,W
9/27/25 15:30,0.273,W
9/27/25 15:45,0.384,W
9/27/25 16:00,0.472,W
9/27/25 16:15,0.457,W
9/27/25 16:30,0.391,W
9/27/25 16:45,0.295,W
9/27/25 17:00,0.192,W
9/27/25 17:15,0.194,W
9/27/25 17:30,0.163,W
9/27/25 17:45,0.218,W
9/27/25 18:00,0.237,W
9/27/25 18:15,0.194,W
9/27/25 18:30,0.22,W
9/27/25 18:45,0.31,W
9/27/25 19:00,0.302,W
9/27/25 19:15,0.34,W
9/27/25 19:30,0.474,W
9/27/25 19:45,0.426,W
9/27/25 20:00,0.381,W
9/27/25 20:15,0.363,W
9/27/25 20:30,0.355,W
9/27/25 20:45,0.405,W
9/27/25 21:00,0.389,W
9/27/25 21:15,0.361,W
9/27/25 21:30,0.376,W
9/27/25 21:45,0.39,W
9/27/25 22:00,0.407,W
9/27/25 22:15,0.336,W
9/27/25 22:30,0.222,W
9/27/25 22:45,0.224,W
9/27/25 23:00,0.228,W
9/27/25 23:15,0.214,W
9/27/25 23:30,0.245,W
9/27/25 23:45,0.203,W
9/28/25 0:00,0.196,W
9/28/25 0:15,0.249,W
9/28/25 0:30,0.252,W
9/28/25 0:45,0.27,W
9/28/25 1:00,0.244,W
9/28/25 1:15,0.246,W
9/28/25 1:30,0.306,W
9/28/25 1:45,0.26,W
9/28/25 2:00,0.23,W
9/28/25 2:15,0.238,W
9/28/25 2:30,0.26,W
9/28/25 2:45,0.263,W
9/28/25 3:00,0.28,W
9/28/25 3:15,0.262,W
9/28/25 3:30,0.256,W
9/28/25 3:45,0.275,W
9/28/25 4:00,0.252,W
9/28/25 4:15,0.211,W
9/28/25 4:30,0.127,W
9/28/25 4:45,0.125,W
9/28/25 5:00,0.128,W
9/28/25 5:15,0.171,W
9/28/25 5:30,0.155,W
9/28/25 5:45,0.134,W
9/28/25 6:00,0.161,W
9/28/25 6:15,0.147,W
9/28/25 6:30,0.265,W
9/28/25 6:45,0.235,W
9/28/25 7:00,0.267,W
9/28/25 7:15,0.299,W
9/28/25 7:30,0.304,W
9/28/25 7:45,0.257,W
9/28/25 8:00,0.281,W
9/28/25 8:15,0.296,W
9/28/25 8:30,0.322,W
9/28/25 8:45,0.625,W
9/28/25 9:00,0.307,W
9/28/25 9:15,0.29,W
9/28/25 9:30,0.271,W
9/28/25 9:45,0.254,W
9/28/25 10:00,0.267,W
9/28/25 10:15,0.236,W
9/28/25 10:30,0.243,W
9/28/25 10:45,0.273,W
9/28/25 11:00,0.291,W
9/28/25 11:15,0.292,W
9/28/25 11:30,0.487,W
9/28/25 11:45,0.432,W
9/28/25 12:00,0.277,W
9/28/25 12:15,0.294,W
9/28/25 12:30,0.258,W
9/28/25 12:45,0.272,W
9/28/25 13:00,0.297,W
9/28/25 13:15,0.273,W
9/28/25 13:30,0.274,W
9/28/25 13:45,0.169,W
9/28/25 14:00,0.155,W
9/28/25 14:15,0.14,W
9/28/25 14:30,0.124,W
9/28/25 14:45,0.144,W
9/28/25 15:00,0.143,W
9/28/25 15:15,0.164,W
9/28/25 15:30,0.162,W
9/28/25 15:45,0.168,W
9/28/25 16:00,0.273,W
9/28/25 16:15,0.282,W
9/28/25 16:30,0.307,W
9/28/25 16:45,0.341,W
9/28/25 17:00,0.286,W
9/28/25 17:15,0.411,W
9/28/25 17:30,0.328,W
9/28/25 17:45,0.274,W
9/28/25 18:00,0.663,W
9/28/25 18:15,0.623,W
9/28/25 18:30,0.688,W
9/28/25 18:45,0.482,W
9/28/25 19:00,0.356,W
9/28/25 19:15,0.347,W
9/28/25 19:30,0.331,W
9/28/25 19:45,0.361,W
9/28/25 20:00,0.372,W
9/28/25 20:15,0.248,W
9/28/25 20:30,0.243,W
9/28/25 20:45,0.228,W
9/28/25 21:00,0.25,W
9/28/25 21:15,0.218,W
9/28/25 21:30,0.191,W
9/28/25 21:45,0.199,W
9/28/25 22:00,0.223,W
9/28/25 22:15,0.25,W
9/28/25 22:30,0.305,W
9/28/25 22:45,0.23,W
9/28/25 23:00,0.251,W
9/28/25 23:15,0.402,W
9/28/25 23:30,0.362,W
9/28/25 23:45,0.338,W
9/29/25 0:00,0.334,W
9/29/25 0:15,0.365,W
9/29/25 0:30,0.333,W
9/29/25 0:45,0.279,W
9/29/25 1:00,0.245,W
9/29/25 1:15,0.231,W
9/29/25 1:30,0.27,W
9/29/25 1:45,0.276,W
9/29/25 2:00,0.27,W
9/29/25 2:15,0.204,W
9/29/25 2:30,0.114,W
9/29/25 2:45,0.134,W
9/29/25 3:00,0.115,W
9/29/25 3:15,0.118,W
9/29/25 3:30,0.117,W
9/29/25 3:45,0.116,W
9/29/25 4:00,0.167,W
9/29/25 4:15,0.154,W
9/29/25 4:30,0.109,W
9/29/25 4:45,0.186,W
9/29/25 5:00,0.281,W
9/29/25 5:15,0.29,W
9/29/25 5:30,0.259,W
9/29/25 5:45,0.24,W
9/29/25 6:00,0.266,W
9/29/25 6:15,0.267,W
9/29/25 6:30,0.276,W
9/29/25 6:45,0.24,W
9/29/25 7:00,0.247,W
9/29/25 7:15,0.294,W
9/29/25 7:30,0.261,W
9/29/25 7:45,0.419,W
9/29/25 8:00,0.277,W
9/29/25 8:15,0.228,W
9/29/25 8:30,0.196,W
9/29/25 8:45,0.196,W
9/29/25 9:00,0.206,W
9/29/25 9:15,0.21,W
9/29/25 9:30,0.199,W
9/29/25 9:45,0.244,W
9/29/25 10:00,0.242,W
9/29/25 10:15,0.201,W
9/29/25 10:30,0.299,W
9/29/25 10:45,0.274,W
9/29/25 11:00,0.285,W
9/29/25 11:15,0.275,W
9/29/25 11:30,0.261,W
9/29/25 11:45,0.525,W
9/29/25 12:00,0.544,W
9/29/25 12:15,0.317,W
9/29/25 12:30,0.249,W
9/29/25 12:45,0.256,W
9/29/25 13:00,0.305,W
9/29/25 13:15,0.262,W
9/29/25 13:30,0.264,W
9/29/25 13:45,0.246,W
9/29/25 14:00,0.227,W
9/29/25 14:15,0.255,W
9/29/25 14:30,0.235,W
9/29/25 14:45,0.231,W
9/29/25 15:00,0.608,W
9/29/25 15:15,0.89,W
9/29/25 15:30,0.356,W
9/29/25 15:45,0.758,W
9/29/25 16:00,0.449,W
9/29/25 16:15,0.315,W
9/29/25 16:30,0.332,W
9/29/25 16:45,0.199,W
9/29/25 17:00,0.099,W
9/29/25 17:15,0.107,W
9/29/25 17:30,0.214,W
9/29/25 17:45,0.124,W
9/29/25 18:00,0.125,W
9/29/25 18:15,0.435,W
9/29/25 18:30,0.336,W
9/29/25 18:45,0.387,W
9/29/25 19:00,0.398,W
9/29/25 19:15,0.304,W
9/29/25 19:30,0.337,W
9/29/25 19:45,0.725,W
9/29/25 20:00,0.722,W
9/29/25 20:15,0.397,W
9/29/25 20:30,0.382,W
9/29/25 20:45,0.675,W
9/29/25 21:00,0.966,W
9/29/25 21:15,0.522,W
9/29/25 21:30,0.369,W
9/29/25 21:45,0.297,W
9/29/25 22:00,0.269,W
9/29/25 22:15,0.233,W
9/29/25 22:30,0.315,W
9/29/25 22:45,0.623,W
9/29/25 23:00,0.667,W
9/29/25 23:15,0.526,W
9/29/25 23:30,0.193,W
9/29/25 23:45,0.255,W
9/30/25 0:00,0.234,W
9/30/25 0:15,0.289,W
9/30/25 0:30,0.319,W
9/30/25 0:45,0.264,W
9/30/25 1:00,0.347,W
9/30/25 1:15,0.263,W
9/30/25 1:30,0.268,W
9/30/25 1:45,0.242,W
9/30/25 2:00,0.233,W
9/30/25 2:15,0.249,W
9/30/25 2:30,0.248,W
9/30/25 2:45,0.289,W
9/30/25 3:00,0.268,W
9/30/25 3:15,0.243,W
9/30/25 3:30,0.168,W
9/30/25 3:45,0.134,W
9/30/25 4:00,0.083,W
9/30/25 4:15,0.067,W
9/30/25 4:30,0.123,W
9/30/25 4:45,0.128,W
9/30/25 5:00,0.131,W
9/30/25 5:15,0.156,W
9/30/25 5:30,0.103,W
9/30/25 5:45,0.169,W
9/30/25 6:00,0.25,W
9/30/25 6:15,0.238,W
9/30/25 6:30,0.23,W
9/30/25 6:45,0.336,W
9/30/25 7:00,0.241,W
9/30/25 7:15,0.234,W
9/30/25 7:30,0.295,W
9/30/25 7:45,0.257,W
9/30/25 8:00,0.24,W
9/30/25 8:15,0.311,W
9/30/25 8:30,0.284,W
9/30/25 8:45,0.264,W
9/30/25 9:00,0.271,W
9/30/25 9:15,0.29,W
9/30/25 9:30,0.296,W
9/30/25 9:45,0.2,W
9/30/25 10:00,0.145,W
9/30/25 10:15,0.166,W
9/30/25 10:30,0.198,W
9/30/25 10:45,0.177,W
9/30/25 11:00,0.446,W
9/30/25 11:15,0.47,W
9/30/25 11:30,0.178,W
9/30/25 11:45,0.238,W
9/30/25 12:00,0.349,W
9/30/25 12:15,0.325,W
9/30/25 12:30,0.29,W
9/30/25 12:45,0.291,W
9/30/25 13:00,0.346,W
9/30/25 13:15,0.328,W
9/30/25 13:30,0.294,W
9/30/25 13:45,0.326,W
9/30/25 14:00,0.384,W
9/30/25 14:15,0.459,W
9/30/25 14:30,0.425,W
9/30/25 14:45,0.406,W
9/30/25 15:00,0.45,W
9/30/25 15:15,0.43,W
9/30/25 15:30,0.424,W
9/30/25 15:45,0.363,W
9/30/25 16:00,0.316,W
9/30/25 16:15,0.291,W
9/30/25 16:30,0.285,W
9/30/25 16:45,0.163,W
9/30/25 17:00,0.138,W
9/30/25 17:15,0.191,W
9/30/25 17:30,0.201,W
9/30/25 17:45,0.265,W
9/30/25 18:00,0.31,W
9/30/25 18:15,0.314,W
9/30/25 18:30,0.303,W
9/30/25 18:45,0.34,W
9/30/25 19:00,0.385,W
9/30/25 19:15,0.397,W
9/30/25 19:30,0.362,W
9/30/25 19:45,0.382,W
9/30/25 20:00,0.406,W
9/30/25 20:15,0.39,W
9/30/25 20:30,0.361,W
9/30/25 20:45,0.403,W
9/30/25 21:00,0.387,W
9/30/25 21:15,0.376,W
9/30/25 21:30,0.4,W
9/30/25 21:45,0.409,W
9/30/25 22:00,0.422,W
9/30/25 22:15,0.532,W
9/30/25 22:30,0.442,W
9/30/25 22:45,0.417,W
9/30/25 23:00,0.33,W
9/30/25 23:15,0.222,W
9/30/25 23:30,0.206,W
9/30/25 23:45,0.181,W
10/1/25 0:00,0.182,W
10/1/25 0:15,0.166,W
10/1/25 0:30,0.195,W
10/1/25 0:45,0.165,W
10/1/25 1:00,0.139,W
10/1/25 1:15,0.155,W
10/1/25 1:30,0.263,W
10/1/25 1:45,0.281,W
10/1/25 2:00,0.295,W
10/1/25 2:15,0.284,W
10/1/25 2:30,0.275,W
10/1/25 2:45,0.278,W
10/1/25 3:00,0.278,W
10/1/25 3:15,0.272,W
10/1/25 3:30,0.287,W
10/1/25 3:45,0.281,W
10/1/25 4:00,0.272,W
10/1/25 4:15,0.248,W
10/1/25 4:30,0.166,W
10/1/25 4:45,0.097,W
10/1/25 5:00,0.104,W
10/1/25 5:15,0.138,W
10/1/25 5:30,0.131,W
10/1/25 5:45,0.11,W
10/1/25 6:00,0.133,W
10/1/25 6:15,0.145,W
10/1/25 6:30,0.135,W
10/1/25 6:45,0.184,W
10/1/25 7:00,0.226,W
10/1/25 7:15,0.244,W
10/1/25 7:30,0.25,W
10/1/25 7:45,0.251,W
10/1/25 8:00,0.394,W
10/1/25 8:15,0.247,W
10/1/25 8:30,0.25,W
10/1/25 8:45,0.263,W
10/1/25 9:00,0.251,W
10/1/25 9:15,0.284,W
10/1/25 9:30,0.346,W
10/1/25 9:45,0.498,W
10/1/25 10:00,0.315,W
10/1/25 10:15,0.568,W
10/1/25 10:30,0.59,W
10/1/25 10:45,0.469,W
10/1/25 11:00,0.662,W
10/1/25 11:15,0.3,W
10/1/25 11:30,0.482,W
10/1/25 11:45,0.294,W
10/1/25 12:00,0.34,W
10/1/25 12:15,0.318,W
10/1/25 12:30,0.276,W
10/1/25 12:45,0.3,W
10/1/25 13:00,0.31,W
10/1/25 13:15,0.214,W
10/1/25 13:30,0.173,W
10/1/25 13:45,0.165,W
10/1/25 14:00,0.141,W
10/1/25 14:15,0.217,W
10/1/25 14:30,0.168,W
10/1/25 14:45,0.099,W
10/1/25 15:00,0.137,W
10/1/25 15:15,0.175,W
10/1/25 15:30,0.195,W
10/1/25 15:45,0.228,W
10/1/25 16:00,0.319,W
10/1/25 16:15,0.396,W
10/1/25 16:30,0.42,W
10/1/25 16:45,0.375,W
10/1/25 17:00,0.367,W
10/1/25 17:15,0.353,W
10/1/25 17:30,0.251,W
10/1/25 17:45,0.224,W
10/1/25 18:00,0.238,W
10/1/25 18:15,0.259,W
10/1/25 18:30,0.272,W
10/1/25 18:45,0.368,W
10/1/25 19:00,0.386,W
10/1/25 19:15,0.36,W
10/1/25 19:30,0.344,W
10/1/25 19:45,0.369,W
10/1/25 20:00,0.331,W
10/1/25 20:15,0.26,W
10/1/25 20:30,0.266,W
10/1/25 20:45,0.257,W
10/1/25 21:00,0.262,W
10/1/25 21:15,0.254,W
10/1/25 21:30,0.231,W
10/1/25 21:45,0.219,W
10/1/25 22:00,0.274,W
10/1/25 22:15,0.327,W
10/1/25 22:30,0.31,W
10/1/25 22:45,0.408,W
10/1/25 23:00,0.382,W
10/1/25 23:15,0.371,W
10/1/25 23:30,0.378,W
10/1/25 23:45,0.393,W
10/2/25 0:00,0.36,W
10/2/25 0:15,0.331,W
10/2/25 0:30,0.291,W
10/2/25 0:45,0.303,W
10/2/25 1:00,0.269,W
10/2/25 1:15,0.226,W
10/2/25 1:30,0.246,W
10/2/25 1:45,0.156,W
10/2/25 2:00,0.116,W
10/2/25 2:15,0.103,W
10/2/25 2:30,0.113,W
10/2/25 2:45,0.107,W
10/2/25 3:00,0.105,W
10/2/25 3:15,0.092,W
10/2/25 3:30,0.103,W
10/2/25 3:45,0.148,W
10/2/25 4:00,0.212,W
10/2/25 4:15,0.244,W
10/2/25 4:30,0.236,W
10/2/25 4:45,0.256,W
10/2/25 5:00,0.257,W
10/2/25 5:15,0.226,W
10/2/25 5:30,0.236,W
10/2/25 5:45,0.291,W
10/2/25 6:00,0.267,W
10/2/25 6:15,0.241,W
10/2/25 6:30,0.23,W
10/2/25 6:45,0.114,W
10/2/25 7:00,0.111,W
10/2/25 7:15,0.14,W
10/2/25 7:30,0.298,W
10/2/25 7:45,0.227,W
10/2/25 8:00,0.176,W
10/2/25 8:15,0.191,W
10/2/25 8:30,0.163,W
10/2/25 8:45,0.14,W
10/2/25 9:00,0.124,W
10/2/25 9:15,0.178,W
10/2/25 9:30,0.273,W
10/2/25 9:45,0.249,W
10/2/25 10:00,0.238,W
10/2/25 10:15,0.281,W
10/2/25 10:30,0.297,W
10/2/25 10:45,0.273,W
10/2/25 11:00,0.533,W
10/2/25 11:15,0.907,W
10/2/25 11:30,1.08,W
10/2/25 11:45,0.818,W
10/2/25 12:00,0.422,W
10/2/25 12:15,0.412,W
10/2/25 12:30,0.635,W
10/2/25 12:45,0.713,W
10/2/25 13:00,0.619,W
10/2/25 13:15,0.359,W
10/2/25 13:30,0.31,W
10/2/25 13:45,0.492,W
10/2/25 14:00,0.658,W
10/2/25 14:15,0.361,W
10/2/25 14:30,0.46,W
10/2/25 14:45,0.47,W
10/2/25 15:00,0.604,W
10/2/25 15:15,0.601,W
10/2/25 15:30,0.615,W
10/2/25 15:45,0.649,W
10/2/25 16:00,0.561,W
10/2/25 16:15,0.568,W
10/2/25 16:30,0.538,W
10/2/25 16:45,0.483,W
10/2/25 17:00,0.363,W
10/2/25 17:15,0.177,W
10/2/25 17:30,0.484,W
10/2/25 17:45,0.781,W
10/2/25 18:00,0.342,W
10/2/25 18:15,0.209,W
10/2/25 18:30,0.243,W
10/2/25 18:45,1.109,W
10/2/25 19:00,0.772,W
10/2/25 19:15,0.41,W
10/2/25 19:30,0.839,W
10/2/25 19:45,0.695,W
10/2/25 20:00,0.747,W
10/2/25 20:15,0.714,W
10/2/25 20:30,0.724,W
10/2/25 20:45,0.743,W
10/2/25 21:00,0.687,W
10/2/25 21:15,0.651,W
10/2/25 21:30,0.692,W
10/2/25 21:45,0.803,W
10/2/25 22:00,0.789,W
10/2/25 22:15,0.722,W
10/2/25 22:30,0.717,W
10/2/25 22:45,0.732,W
10/2/25 23:00,0.718,W
10/2/25 23:15,0.708,W
10/2/25 23:30,0.69,W
10/2/25 23:45,0.359,W
10/3/25 0:00,0.215,W
10/3/25 0:15,0.198,W
10/3/25 0:30,0.197,W
10/3/25 0:45,0.134,W
10/3/25 1:00,0.161,W
10/3/25 1:15,0.154,W
10/3/25 1:30,0.159,W
10/3/25 1:45,0.159,W
10/3/25 2:00,0.141,W
10/3/25 2:15,0.281,W
10/3/25 2:30,0.31,W
10/3/25 2:45,0.276,W
10/3/25 3:00,0.259,W
10/3/25 3:15,0.277,W
10/3/25 3:30,0.301,W
10/3/25 3:45,0.286,W
10/3/25 4:00,0.272,W
10/3/25 4:15,0.305,W
10/3/25 4:30,0.287,W
10/3/25 4:45,0.291,W
10/3/25 5:00,0.207,W
10/3/25 5:15,0.148,W
10/3/25 5:30,0.136,W
10/3/25 5:45,0.135,W
10/3/25 6:00,0.128,W
10/3/25 6:15,0.121,W
10/3/25 6:30,0.105,W
10/3/25 6:45,0.122,W
10/3/25 7:00,0.147,W
10/3/25 7:15,0.144,W
10/3/25 7:30,0.165,W
10/3/25 7:45,0.24,W
10/3/25 8:00,0.794,W
10/3/25 8:15,0.462,W
10/3/25 8:30,0.285,W
10/3/25 8:45,0.311,W
10/3/25 9:00,0.325,W
10/3/25 9:15,0.309,W
10/3/25 9:30,0.276,W
10/3/25 9:45,0.273,W
10/3/25 10:00,0.302,W
10/3/25 10:15,0.3,W
10/3/25 10:30,0.269,W
10/3/25 10:45,0.257,W
10/3/25 11:00,0.249,W
10/3/25 11:15,0.255,W
10/3/25 11:30,0.35,W
10/3/25 11:45,0.506,W
10/3/25 12:00,0.342,W
10/3/25 12:15,0.446,W
10/3/25 12:30,0.584,W
10/3/25 12:45,0.651,W
10/3/25 13:00,0.626,W
10/3/25 13:15,0.298,W
10/3/25 13:30,0.307,W
10/3/25 13:45,0.355,W
10/3/25 14:00,0.32,W
10/3/25 14:15,0.366,W
10/3/25 14:30,0.375,W
10/3/25 14:45,0.38,W
10/3/25 15:00,0.225,W
10/3/25 15:15,0.151,W
10/3/25 15:30,0.129,W
10/3/25 15:45,0.143,W
10/3/25 16:00,0.166,W
10/3/25 16:15,0.185,W
10/3/25 16:30,0.238,W
10/3/25 16:45,0.238,W
10/3/25 17:00,0.342,W
10/3/25 17:15,0.696,W
10/3/25 17:30,0.311,W
10/3/25 17:45,0.427,W
10/3/25 18:00,0.73,W
10/3/25 18:15,0.476,W
10/3/25 18:30,0.401,W
10/3/25 18:45,0.377,W
10/3/25 19:00,0.395,W
10/3/25 19:15,0.587,W
10/3/25 19:30,0.623,W
10/3/25 19:45,0.4,W
10/3/25 20:00,0.371,W
10/3/25 20:15,0.381,W
10/3/25 20:30,0.409,W
10/3/25 20:45,0.374,W
10/3/25 21:00,0.346,W
10/3/25 21:15,0.361,W
10/3/25 21:30,0.36,W
10/3/25 21:45,0.402,W
10/3/25 22:00,0.402,W
10/3/25 22:15,0.375,W
10/3/25 22:30,0.351,W
10/3/25 22:45,0.399,W
10/3/25 23:00,0.358,W
10/3/25 23:15,0.218,W
10/3/25 23:30,0.239,W
10/3/25 23:45,0.208,W
10/4/25 0:00,0.24,W
10/4/25 0:15,0.273,W
10/4/25 0:30,0.189,W
10/4/25 0:45,0.162,W
10/4/25 1:00,0.156,W
10/4/25 1:15,0.165,W
10/4/25 1:30,0.185,W
10/4/25 1:45,0.285,W
10/4/25 2:00,0.271,W
10/4/25 2:15,0.277,W
10/4/25 2:30,0.271,W
10/4/25 2:45,0.258,W
10/4/25 3:00,0.254,W
10/4/25 3:15,0.289,W
10/4/25 3:30,0.272,W
10/4/25 3:45,0.307,W
10/4/25 4:00,0.305,W
10/4/25 4:15,0.189,W
10/4/25 4:30,0.135,W
10/4/25 4:45,0.149,W
10/4/25 5:00,0.143,W
10/4/25 5:15,0.137,W
10/4/25 5:30,0.146,W
10/4/25 5:45,0.152,W
10/4/25 6:00,0.132,W
10/4/25 6:15,0.116,W
10/4/25 6:30,0.117,W
10/4/25 6:45,0.132,W
10/4/25 7:00,0.271,W
10/4/25 7:15,0.273,W
10/4/25 7:30,0.278,W
10/4/25 7:45,0.44,W
10/4/25 8:00,0.263,W
10/4/25 8:15,0.264,W
10/4/25 8:30,0.543,W
10/4/25 8:45,0.638,W
10/4/25 9:00,0.309,W
10/4/25 9:15,0.758,W
10/4/25 9:30,0.824,W
10/4/25 9:45,0.624,W
10/4/25 10:00,0.297,W
10/4/25 10:15,0.351,W
10/4/25 10:30,0.424,W
10/4/25 10:45,0.515,W
10/4/25 11:00,0.584,W
10/4/25 11:15,0.61,W
10/4/25 11:30,0.899,W
10/4/25 11:45,0.989,W
10/4/25 12:00,0.621,W
10/4/25 12:15,0.424,W
10/4/25 12:30,0.439,W
10/4/25 12:45,0.459,W
10/4/25 13:00,0.319,W
10/4/25 13:15,0.683,W
10/4/25 13:30,0.727,W
10/4/25 13:45,0.836,W
10/4/25 14:00,0.615,W
10/4/25 14:15,0.502,W
10/4/25 14:30,0.6,W
10/4/25 14:45,0.609,W
10/4/25 15:00,0.656,W
10/4/25 15:15,0.614,W
10/4/25 15:30,0.513,W
10/4/25 15:45,0.381,W
10/4/25 16:00,0.201,W
10/4/25 16:15,0.214,W
10/4/25 16:30,0.198,W
10/4/25 16:45,0.17,W
10/4/25 17:00,0.193,W
10/4/25 17:15,0.201,W
10/4/25 17:30,0.255,W
10/4/25 17:45,0.396,W
10/4/25 18:00,0.298,W
10/4/25 18:15,0.305,W
10/4/25 18:30,0.325,W
10/4/25 18:45,0.359,W
10/4/25 19:00,0.343,W
10/4/25 19:15,0.381,W
10/4/25 19:30,0.394,W
10/4/25 19:45,0.377,W
10/4/25 20:00,0.331,W
10/4/25 20:15,0.363,W
10/4/25 20:30,0.256,W
10/4/25 20:45,0.289,W
10/4/25 21:00,0.256,W
10/4/25 21:15,0.232,W
10/4/25 21:30,0.218,W
10/4/25 21:45,0.235,W
10/4/25 22:00,0.261,W
10/4/25 22:15,0.244,W
10/4/25 22:30,0.369,W
10/4/25 22:45,0.409,W
10/4/25 23:00,0.35,W
10/4/25 23:15,0.357,W
10/4/25 23:30,0.369,W
10/4/25 23:45,0.353,W
10/5/25 0:00,0.377,W
10/5/25 0:15,0.389,W
10/5/25 0:30,0.372,W
10/5/25 0:45,0.365,W
10/5/25 1:00,0.382,W
10/5/25 1:15,0.329,W
10/5/25 1:30,0.119,W
10/5/25 1:45,0.156,W
10/5/25 2:00,0.141,W
10/5/25 2:15,0.155,W
10/5/25 2:30,0.149,W
10/5/25 2:45,0.112,W
10/5/25 3:00,0.104,W
10/5/25 3:15,0.133,W
10/5/25 3:30,0.127,W
10/5/25 3:45,0.185,W
10/5/25 4:00,0.267,W
10/5/25 4:15,0.286,W
10/5/25 4:30,0.25,W
10/5/25 4:45,0.248,W
10/5/25 5:00,0.225,W
10/5/25 5:15,0.265,W
10/5/25 5:30,0.281,W
10/5/25 5:45,0.275,W
10/5/25 6:00,0.306,W
10/5/25 6:15,0.197,W
10/5/25 6:30,0.12,W
10/5/25 6:45,0.146,W
10/5/25 7:00,0.153,W
10/5/25 7:15,0.127,W
10/5/25 7:30,0.124,W
10/5/25 7:45,0.186,W
10/5/25 8:00,0.279,W
10/5/25 8:15,0.241,W
10/5/25 8:30,0.286,W
10/5/25 8:45,0.612,W
10/5/25 9:00,0.258,W
10/5/25 9:15,0.283,W
10/5/25 9:30,0.259,W
10/5/25 9:45,0.279,W
10/5/25 10:00,0.284,W
10/5/25 10:15,0.238,W
10/5/25 10:30,0.438,W
10/5/25 10:45,0.337,W
10/5/25 11:00,0.841,W
10/5/25 11:15,0.884,W
10/5/25 11:30,0.712,W
10/5/25 11:45,0.289,W
10/5/25 12:00,0.299,W
10/5/25 12:15,0.662,W
10/5/25 12:30,0.548,W
10/5/25 12:45,0.589,W
10/5/25 13:00,0.42,W
10/5/25 13:15,0.298,W
10/5/25 13:30,0.323,W
10/5/25 13:45,0.419,W
10/5/25 14:00,0.45,W
10/5/25 14:15,0.425,W
10/5/25 14:30,0.348,W
10/5/25 14:45,0.348,W
10/5/25 15:00,0.363,W
10/5/25 15:15,0.354,W
10/5/25 15:30,0.397,W
10/5/25 15:45,0.357,W
10/5/25 16:00,0.173,W
10/5/25 16:15,0.232,W
10/5/25 16:30,0.341,W
10/5/25 16:45,0.376,W
10/5/25 17:00,0.644,W
10/5/25 17:15,0.621,W
10/5/25 17:30,0.411,W
10/5/25 17:45,0.502,W
10/5/25 18:00,0.372,W
10/5/25 18:15,0.464,W
10/5/25 18:30,0.548,W
10/5/25 18:45,0.811,W
10/5/25 19:00,0.395,W
10/5/25 19:15,0.378,W
10/5/25 19:30,0.358,W
10/5/25 19:45,0.366,W
10/5/25 20:00,0.413,W
10/5/25 20:15,0.516,W
10/5/25 20:30,0.408,W
10/5/25 20:45,0.382,W
10/5/25 21:00,0.403,W
10/5/25 21:15,0.395,W
10/5/25 21:30,0.387,W
10/5/25 21:45,0.409,W
10/5/25 22:00,0.405,W
10/5/25 22:15,0.408,W
10/5/25 22:30,0.435,W
10/5/25 22:45,0.419,W
10/5/25 23:00,0.315,W
10/5/25 23:15,0.177,W
10/5/25 23:30,0.196,W
10/5/25 23:45,0.171,W
10/6/25 0:00,0.165,W
10/6/25 0:15,0.16,W
10/6/25 0:30,0.178,W
10/6/25 0:45,0.162,W
10/6/25 1:00,0.144,W
10/6/25 1:15,0.143,W
10/6/25 1:30,0.273,W
10/6/25 1:45,0.296,W
10/6/25 2:00,0.299,W
10/6/25 2:15,0.28,W
10/6/25 2:30,0.349,W
10/6/25 2:45,0.297,W
10/6/25 3:00,0.302,W
10/6/25 3:15,0.298,W
10/6/25 3:30,0.265,W
10/6/25 3:45,0.281,W
10/6/25 4:00,0.293,W
10/6/25 4:15,0.159,W
10/6/25 4:30,0.126,W
10/6/25 4:45,0.151,W
10/6/25 5:00,0.182,W
10/6/25 5:15,0.171,W
10/6/25 5:30,0.155,W
10/6/25 5:45,0.125,W
10/6/25 6:00,0.141,W
10/6/25 6:15,0.156,W
10/6/25 6:30,0.268,W
10/6/25 6:45,0.31,W
10/6/25 7:00,0.29,W
10/6/25 7:15,0.275,W
10/6/25 7:30,0.262,W
10/6/25 7:45,0.458,W
10/6/25 8:00,0.278,W
10/6/25 8:15,0.32,W
10/6/25 8:30,0.336,W
10/6/25 8:45,0.285,W
10/6/25 9:00,0.247,W
10/6/25 9:15,0.242,W
10/6/25 9:30,0.253,W
10/6/25 9:45,0.244,W
10/6/25 10:00,0.22,W
10/6/25 10:15,0.24,W
10/6/25 10:30,0.313,W
10/6/25 10:45,0.457,W
10/6/25 11:00,0.679,W
10/6/25 11:15,0.396,W
10/6/25 11:30,0.671,W
10/6/25 11:45,0.347,W
10/6/25 12:00,0.293,W
10/6/25 12:15,0.253,W
10/6/25 12:30,0.27,W
10/6/25 12:45,0.223,W
10/6/25 13:00,0.237,W
10/6/25 13:15,0.269,W
10/6/25 13:30,0.552,W
10/6/25 13:45,0.519,W
10/6/25 14:00,0.672,W
10/6/25 14:15,0.263,W
10/6/25 14:30,0.263,W
10/6/25 14:45,0.266,W
10/6/25 15:00,0.272,W
10/6/25 15:15,0.16,W
10/6/25 15:30,0.119,W
10/6/25 15:45,0.114,W
10/6/25 16:00,0.115,W
10/6/25 16:15,0.125,W
10/6/25 16:30,0.15,W
10/6/25 16:45,0.163,W
10/6/25 17:00,0.155,W
10/6/25 17:15,0.608,W
10/6/25 17:30,0.308,W
10/6/25 17:45,0.288,W
10/6/25 18:00,0.279,W
10/6/25 18:15,0.338,W
10/6/25 18:30,0.256,W
10/6/25 18:45,0.303,W
10/6/25 19:00,0.62,W
10/6/25 19:15,0.691,W
10/6/25 19:30,0.602,W
10/6/25 19:45,0.809,W
10/6/25 20:00,0.441,W
10/6/25 20:15,0.4,W
10/6/25 20:30,0.403,W
10/6/25 20:45,0.385,W
10/6/25 21:00,0.239,W
10/6/25 21:15,0.24,W
10/6/25 21:30,0.257,W
10/6/25 21:45,0.241,W
10/6/25 22:00,0.231,W
10/6/25 22:15,0.273,W
10/6/25 22:30,0.258,W
10/6/25 22:45,0.249,W
10/6/25 23:00,0.257,W
10/6/25 23:15,0.231,W
10/6/25 23:30,0.259,W
10/6/25 23:45,0.306,W
10/7/25 0:00,0.26,W
10/7/25 0:15,0.264,W
10/7/25 0:30,0.279,W
10/7/25 0:45,0.263,W
10/7/25 1:00,0.233,W
10/7/25 1:15,0.263,W
10/7/25 1:30,0.294,W
10/7/25 1:45,0.27,W
10/7/25 2:00,0.255,W
10/7/25 2:15,0.249,W
10/7/25 2:30,0.257,W
10/7/25 2:45,0.294,W
10/7/25 3:00,0.123,W
10/7/25 3:15,0.111,W
10/7/25 3:30,0.132,W
10/7/25 3:45,0.13,W
10/7/25 4:00,0.129,W
10/7/25 4:15,0.128,W
10/7/25 4:30,0.121,W
10/7/25 4:45,0.135,W
10/7/25 5:00,0.128,W
10/7/25 5:15,0.187,W
10/7/25 5:30,0.231,W
10/7/25 5:45,0.221,W
10/7/25 6:00,0.294,W
10/7/25 6:15,0.328,W
10/7/25 6:30,0.27,W
10/7/25 6:45,0.182,W
10/7/25 7:00,0.242,W
10/7/25 7:15,0.247,W
10/7/25 7:30,0.231,W
10/7/25 7:45,0.256,W
10/7/25 8:00,0.219,W
10/7/25 8:15,0.307,W
10/7/25 8:30,0.889,W
10/7/25 8:45,0.647,W
10/7/25 9:00,0.345,W
10/7/25 9:15,0.87,W
10/7/25 9:30,0.384,W
10/7/25 9:45,0.285,W
10/7/25 10:00,0.348,W
10/7/25 10:15,0.31,W
10/7/25 10:30,0.372,W
10/7/25 10:45,0.641,W
10/7/25 11:00,0.232,W
10/7/25 11:15,0.256,W
10/7/25 11:30,0.302,W
10/7/25 11:45,0.278,W
10/7/25 12:00,0.12,W
10/7/25 12:15,0.12,W
10/7/25 12:30,0.285,W
10/7/25 12:45,0.287,W
10/7/25 13:00,0.255,W
10/7/25 13:15,0.26,W
10/7/25 13:30,0.253,W
10/7/25 13:45,0.245,W
10/7/25 14:00,0.259,W
10/7/25 14:15,0.261,W
10/7/25 14:30,0.234,W
10/7/25 14:45,0.235,W
10/7/25 15:00,0.247,W
10/7/25 15:15,0.24,W
10/7/25 15:30,0.26,W
10/7/25 15:45,0.23,W
10/7/25 16:00,0.206,W
10/7/25 16:15,0.325,W
10/7/25 16:30,0.335,W
10/7/25 16:45,0.299,W
10/7/25 17:00,0.323,W
10/7/25 17:15,0.313,W
10/7/25 17:30,0.178,W
10/7/25 17:45,0.183,W
10/7/25 18:00,0.297,W
10/7/25 18:15,0.379,W
10/7/25 18:30,0.327,W
10/7/25 18:45,0.331,W
10/7/25 19:00,0.586,W
10/7/25 19:15,0.76,W
10/7/25 19:30,0.891,W
10/7/25 19:45,0.637,W
10/7/25 20:00,0.396,W
10/7/25 20:15,0.372,W
10/7/25 20:30,0.372,W
10/7/25 20:45,0.385,W
10/7/25 21:00,0.396,W
10/7/25 21:15,0.381,W
10/7/25 21:30,0.365,W
10/7/25 21:45,0.381,W
10/7/25 22:00,0.382,W
10/7/25 22:15,0.375,W
10/7/25 22:30,0.377,W
10/7/25 22:45,0.361,W
10/7/25 23:00,0.279,W
10/7/25 23:15,0.229,W
10/7/25 23:30,0.188,W
10/7/25 23:45,0.135,W
10/8/25 0:00,0.131,W
10/8/25 0:15,0.116,W
10/8/25 0:30,0.093,W
10/8/25 0:45,0.113,W
10/8/25 1:00,0.165,W
10/8/25 1:15,0.144,W
10/8/25 1:30,0.239,W
10/8/25 1:45,0.235,W
10/8/25 2:00,0.236,W
10/8/25 2:15,0.276,W
10/8/25 2:30,0.248,W
10/8/25 2:45,0.24,W
10/8/25 3:00,0.249,W
10/8/25 3:15,0.244,W
10/8/25 3:30,0.228,W
10/8/25 3:45,0.229,W
10/8/25 4:00,0.212,W
10/8/25 4:15,0.099,W
10/8/25 4:30,0.144,W
10/8/25 4:45,0.133,W
10/8/25 5:00,0.097,W
10/8/25 5:15,0.116,W
10/8/25 5:30,0.108,W
10/8/25 5:45,0.093,W
10/8/25 6:00,0.105,W
10/8/25 6:15,0.09,W
10/8/25 6:30,0.116,W
10/8/25 6:45,0.202,W
10/8/25 7:00,0.244,W
10/8/25 7:15,0.237,W
10/8/25 7:30,0.297,W
10/8/25 7:45,0.478,W
10/8/25 8:00,0.34,W
10/8/25 8:15,0.288,W
10/8/25 8:30,0.249,W
10/8/25 8:45,0.251,W
10/8/25 9:00,0.393,W
10/8/25 9:15,0.432,W
10/8/25 9:30,0.556,W
10/8/25 9:45,0.746,W
10/8/25 10:00,0.494,W
10/8/25 10:15,0.288,W
10/8/25 10:30,0.268,W
10/8/25 10:45,0.286,W
10/8/25 11:00,0.353,W
10/8/25 11:15,0.769,W
10/8/25 11:30,0.79,W
10/8/25 11:45,0.542,W
10/8/25 12:00,0.669,W
10/8/25 12:15,0.717,W
10/8/25 12:30,0.389,W
10/8/25 12:45,0.25,W
10/8/25 13:00,0.238,W
10/8/25 13:15,0.547,W
10/8/25 13:30,0.316,W
10/8/25 13:45,0.263,W
10/8/25 14:00,0.234,W
10/8/25 14:15,0.246,W
10/8/25 14:30,0.253,W
10/8/25 14:45,0.247,W
10/8/25 15:00,0.234,W
10/8/25 15:15,0.128,W
10/8/25 15:30,0.149,W
10/8/25 15:45,0.15,W
10/8/25 16:00,0.132,W
10/8/25 16:15,0.119,W
10/8/25 16:30,0.11,W
10/8/25 16:45,0.166,W
10/8/25 17:00,0.39,W
10/8/25 17:15,0.685,W
10/8/25 17:30,0.34,W
10/8/25 17:45,0.335,W
10/8/25 18:00,0.45,W
10/8/25 18:15,0.326,W
10/8/25 18:30,0.399,W
10/8/25 18:45,0.523,W
10/8/25 19:00,0.573,W
10/8/25 19:15,0.657,W
10/8/25 19:30,0.933,W
10/8/25 19:45,0.585,W
10/8/25 20:00,0.467,W
10/8/25 20:15,0.765,W
10/8/25 20:30,0.703,W
10/8/25 20:45,0.778,W
10/8/25 21:00,0.553,W
10/8/25 21:15,0.38,W
10/8/25 21:30,0.413,W
10/8/25 21:45,0.43,W
10/8/25 22:00,0.278,W
10/8/25 22:15,0.273,W
10/8/25 22:30,0.293,W
10/8/25 22:45,0.306,W
10/8/25 23:00,0.314,W
10/8/25 23:15,0.249,W
10/8/25 23:30,0.245,W
10/8/25 23:45,0.187,W
10/9/25 0:00,0.152,W
10/9/25 0:15,0.173,W
10/9/25 0:30,0.264,W
10/9/25 0:45,0.286,W
10/9/25 1:00,0.253,W
10/9/25 1:15,0.259,W
10/9/25 1:30,0.274,W
10/9/25 1:45,0.246,W
10/9/25 2:00,0.28,W
10/9/25 2:15,0.274,W
10/9/25 2:30,0.274,W
10/9/25 2:45,0.358,W
10/9/25 3:00,0.242,W
10/9/25 3:15,0.25,W
10/9/25 3:30,0.281,W
10/9/25 3:45,0.171,W
10/9/25 4:00,0.111,W
10/9/25 4:15,0.152,W
10/9/25 4:30,0.15,W
10/9/25 4:45,0.116,W
10/9/25 5:00,0.118,W
10/9/25 5:15,0.155,W
10/9/25 5:30,0.136,W
10/9/25 5:45,0.163,W
10/9/25 6:00,0.212,W
10/9/25 6:15,0.223,W
10/9/25 6:30,0.243,W
10/9/25 6:45,0.223,W
10/9/25 7:00,0.218,W
10/9/25 7:15,0.228,W
10/9/25 7:30,0.238,W
10/9/25 7:45,0.407,W
10/9/25 8:00,0.233,W
10/9/25 8:15,0.238,W
10/9/25 8:30,0.225,W
10/9/25 8:45,0.248,W
10/9/25 9:00,0.226,W
10/9/25 9:15,0.22,W
10/9/25 9:30,0.23,W
10/9/25 9:45,0.234,W
10/9/25 10:00,0.252,W
10/9/25 10:15,0.242,W
10/9/25 10:30,0.222,W
10/9/25 10:45,0.145,W
10/9/25 11:00,0.091,W
10/9/25 11:15,0.199,W
10/9/25 11:30,0.16,W
10/9/25 11:45,0.383,W
10/9/25 12:00,0.327,W
10/9/25 12:15,0.487,W
10/9/25 12:30,0.257,W
10/9/25 12:45,0.29,W
10/9/25 13:00,0.277,W
10/9/25 13:15,0.273,W
10/9/25 13:30,0.284,W
10/9/25 13:45,0.3,W
10/9/25 14:00,0.265,W
10/9/25 14:15,0.299,W
10/9/25 14:30,0.317,W
10/9/25 14:45,0.285,W
10/9/25 15:00,0.268,W
10/9/25 15:15,0.371,W
10/9/25 15:30,0.32,W
10/9/25 15:45,0.3,W
10/9/25 16:00,0.314,W
10/9/25 16:15,0.203,W
10/9/25 16:30,0.233,W
10/9/25 16:45,0.202,W
10/9/25 17:00,0.136,W
10/9/25 17:15,0.119,W
10/9/25 17:30,0.143,W
10/9/25 17:45,0.175,W
10/9/25 18:00,0.33,W
10/9/25 18:15,0.273,W
10/9/25 18:30,0.285,W
10/9/25 18:45,0.281,W
10/9/25 19:00,0.269,W
10/9/25 19:15,0.37,W
10/9/25 19:30,0.365,W
10/9/25 19:45,0.387,W
10/9/25 20:00,0.386,W
10/9/25 20:15,0.34,W
10/9/25 20:30,0.359,W
10/9/25 20:45,0.349,W
10/9/25 21:00,0.393,W
10/9/25 21:15,0.365,W
10/9/25 21:30,0.357,W
10/9/25 21:45,0.347,W
10/9/25 22:00,0.393,W
10/9/25 22:15,0.415,W
10/9/25 22:30,0.354,W
10/9/25 22:45,0.352,W
10/9/25 23:00,0.351,W
10/9/25 23:15,0.325,W
10/9/25 23:30,0.254,W
10/9/25 23:45,0.225,W
10/10/25 0:00,0.294,W
10/10/25 0:15,0.376,W
10/10/25 0:30,0.241,W
10/10/25 0:45,0.223,W
10/10/25 1:00,0.221,W
10/10/25 1:15,0.231,W
10/10/25 1:30,0.188,W
10/10/25 1:45,0.215,W
10/10/25 2:00,0.258,W
10/10/25 2:15,0.251,W
10/10/25 2:30,0.26,W
10/10/25 2:45,0.262,W
10/10/25 3:00,0.261,W
10/10/25 3:15,0.234,W
10/10/25 3:30,0.26,W
10/10/25 3:45,0.283,W
10/10/25 4:00,0.261,W
10/10/25 4:15,0.255,W
10/10/25 4:30,0.261,W
10/10/25 4:45,0.175,W
10/10/25 5:00,0.153,W
10/10/25 5:15,0.157,W
10/10/25 5:30,0.173,W
10/10/25 5:45,0.157,W
10/10/25 6:00,0.166,W
10/10/25 6:15,0.14,W
10/10/25 6:30,0.122,W
10/10/25 6:45,0.144,W
10/10/25 7:00,0.191,W
10/10/25 7:15,0.267,W
10/10/25 7:30,0.242,W
10/10/25 7:45,0.248,W
10/10/25 8:00,0.315,W
10/10/25 8:15,0.239,W
10/10/25 8:30,0.26,W
10/10/25 8:45,0.328,W
10/10/25 9:00,0.33,W
10/10/25 9:15,0.753,W
10/10/25 9:30,0.941,W
10/10/25 9:45,0.581,W
10/10/25 10:00,0.653,W
10/10/25 10:15,0.344,W
10/10/25 10:30,0.617,W
10/10/25 10:45,0.367,W
10/10/25 11:00,0.386,W
10/10/25 11:15,0.748,W
10/10/25 11:30,0.468,W
10/10/25 11:45,0.316,W
10/10/25 12:00,0.655,W
10/10/25 12:15,0.835,W
10/10/25 12:30,0.65,W
10/10/25 12:45,0.339,W
10/10/25 13:00,0.315,W
10/10/25 13:15,0.3,W
10/10/25 13:30,0.334,W
10/10/25 13:45,0.346,W
10/10/25 14:00,0.326,W
10/10/25 14:15,0.255,W
10/10/25 14:30,0.291,W
10/10/25 14:45,0.338,W
10/10/25 15:00,0.35,W
10/10/25 15:15,0.368,W
10/10/25 15:30,0.434,W
10/10/25 15:45,0.432,W
10/10/25 16:00,0.575,W
10/10/25 16:15,1.224,W
10/10/25 16:30,0.465,W
10/10/25 16:45,0.422,W
10/10/25 17:00,0.282,W
10/10/25 17:15,0.279,W
10/10/25 17:30,0.94,W
10/10/25 17:45,0.672,W
10/10/25 18:00,0.322,W
10/10/25 18:15,0.306,W
10/10/25 18:30,0.894,W
10/10/25 18:45,0.866,W
10/10/25 19:00,0.576,W
10/10/25 19:15,1.091,W
10/10/25 19:30,0.5,W
10/10/25 19:45,0.348,W
10/10/25 20:00,0.365,W
10/10/25 20:15,0.372,W
10/10/25 20:30,0.467,W
10/10/25 20:45,0.387,W
10/10/25 21:00,0.345,W
10/10/25 21:15,0.358,W
10/10/25 21:30,0.354,W
10/10/25 21:45,0.356,W
10/10/25 22:00,0.39,W
10/10/25 22:15,0.391,W
10/10/25 22:30,0.417,W
10/10/25 22:45,0.361,W
10/10/25 23:00,0.343,W
10/10/25 23:15,0.234,W
10/10/25 23:30,0.213,W
10/10/25 23:45,0.232,W
10/11/25 0:00,0.188,W
10/11/25 0:15,0.218,W
10/11/25 0:30,0.251,W
10/11/25 0:45,0.213,W
10/11/25 1:00,0.201,W
10/11/25 1:15,0.168,W
10/11/25 1:30,0.208,W
10/11/25 1:45,0.313,W
10/11/25 2:00,0.315,W
10/11/25 2:15,0.307,W
10/11/25 2:30,0.284,W
10/11/25 2:45,0.351,W
10/11/25 3:00,0.305,W
10/11/25 3:15,0.268,W
10/11/25 3:30,0.319,W
10/11/25 3:45,0.277,W
10/11/25 4:00,0.282,W
10/11/25 4:15,0.283,W
10/11/25 4:30,0.12,W
10/11/25 4:45,0.103,W
10/11/25 5:00,0.124,W
10/11/25 5:15,0.134,W
10/11/25 5:30,0.12,W
10/11/25 5:45,0.142,W
10/11/25 6:00,0.15,W
10/11/25 6:15,0.146,W
10/11/25 6:30,0.115,W
10/11/25 6:45,0.226,W
10/11/25 7:00,0.257,W
10/11/25 7:15,0.244,W
10/11/25 7:30,0.236,W
10/11/25 7:45,0.357,W
10/11/25 8:00,0.288,W
10/11/25 8:15,0.296,W
10/11/25 8:30,0.435,W
10/11/25 8:45,0.619,W
10/11/25 9:00,0.624,W
10/11/25 9:15,0.596,W
10/11/25 9:30,0.611,W
10/11/25 9:45,0.262,W
10/11/25 10:00,0.412,W
10/11/25 10:15,0.386,W
10/11/25 10:30,0.482,W
10/11/25 10:45,0.382,W
10/11/25 11:00,0.442,W
10/11/25 11:15,0.572,W
10/11/25 11:30,0.439,W
10/11/25 11:45,0.709,W
10/11/25 12:00,0.516,W
10/11/25 12:15,0.386,W
10/11/25 12:30,0.246,W
10/11/25 12:45,0.288,W
10/11/25 13:00,0.266,W
10/11/25 13:15,0.267,W
10/11/25 13:30,0.301,W
10/11/25 13:45,0.289,W
10/11/25 14:00,0.261,W
10/11/25 14:15,0.26,W
10/11/25 14:30,0.28,W
10/11/25 14:45,0.262,W
10/11/25 15:00,0.245,W
10/11/25 15:15,0.282,W
10/11/25 15:30,0.288,W
10/11/25 15:45,0.287,W
10/11/25 16:00,0.301,W
10/11/25 16:15,0.439,W
10/11/25 16:30,0.322,W
10/11/25 16:45,0.268,W
10/11/25 17:00,0.227,W
10/11/25 17:15,0.239,W
10/11/25 17:30,0.249,W
10/11/25 17:45,0.283,W
10/11/25 18:00,0.288,W
10/11/25 18:15,0.341,W
10/11/25 18:30,0.51,W
10/11/25 18:45,0.361,W
10/11/25 19:00,0.361,W
10/11/25 19:15,0.461,W
10/11/25 19:30,0.752,W
10/11/25 19:45,0.773,W
10/11/25 20:00,0.816,W
10/11/25 20:15,0.808,W
10/11/25 20:30,0.777,W
10/11/25 20:45,0.734,W
10/11/25 21:00,0.755,W
10/11/25 21:15,0.725,W
10/11/25 21:30,0.71,W
10/11/25 21:45,0.759,W
10/11/25 22:00,0.863,W
10/11/25 22:15,0.847,W
10/11/25 22:30,0.772,W
10/11/25 22:45,0.76,W
10/11/25 23:00,0.652,W
10/11/25 23:15,0.357,E
10/11/25 23:30,0.369,E
10/11/25 23:45,0.353,E
10/12/25 0:00,0.377,E
10/12/25 0:15,0.389,E
10/12/25 0:30,0.372,E
10/12/25 0:45,0.365,E
10/12/25 1:00,0.382,E
10/12/25 1:15,0.329,E
10/12/25 1:30,0.119,E
10/12/25 1:45,0.156,E
10/12/25 2:00,0.141,E
10/12/25 2:15,0.155,E
10/12/25 2:30,0.149,E
10/12/25 2:45,0.112,E
10/12/25 3:00,0.104,E
10/12/25 3:15,0.133,E
10/12/25 3:30,0.127,E
10/12/25 3:45,0.185,E
10/12/25 4:00,0.267,E
10/12/25 4:15,0.286,E
10/12/25 4:30,0.25,E
10/12/25 4:45,0.248,E
10/12/25 5:00,0.225,E
10/12/25 5:15,0.265,E
10/12/25 5:30,0.281,E
10/12/25 5:45,0.275,E
10/12/25 6:00,0.306,E
10/12/25 6:15,0.197,E
10/12/25 6:30,0.12,E
10/12/25 6:45,0.146,E
10/12/25 7:00,0.153,E
10/12/25 7:15,0.127,E
10/12/25 7:30,0.124,E
10/12/25 7:45,0.186,E
10/12/25 8:00,0.279,E
10/12/25 8:15,0.241,E
10/12/25 8:30,0.286,E
10/12/25 8:45,0.612,E
10/12/25 9:00,0.258,E
10/12/25 9:15,0.283,E
10/12/25 9:30,0.259,E
10/12/25 9:45,0.279,E
10/12/25 10:00,0.284,E
10/12/25 10:15,0.238,E
10/12/25 10:30,0.438,E
10/12/25 10:45,0.337,E
10/12/25 11:00,0.841,E
10/12/25 11:15,0.884,E
10/12/25 11:30,0.712,E
10/12/25 11:45,0.289,E
10/12/25 12:00,0.299,E
10/12/25 12:15,0.662,E
10/12/25 12:30,0.548,E
10/12/25 12:45,0.589,E
10/12/25 13:00,0.42,E
10/12/25 13:15,0.298,E
10/12/25 13:30,0.323,E
10/12/25 13:45,0.419,E
10/12/25 14:00,0.45,E
10/12/25 14:15,0.425,E
10/12/25 14:30,0.348,E
10/12/25 14:45,0.348,E
10/12/25 15:00,0.363,E
10/12/25 15:15,0.354,E
10/12/25 15:30,0.397,E
10/12/25 15:45,0.357,E
10/12/25 16:00,0.173,E
10/12/25 16:15,0.232,E
10/12/25 16:30,0.341,E
10/12/25 16:45,0.376,E
10/12/25 17:00,0.644,E
10/12/25 17:15,0.621,E
10/12/25 17:30,0.411,E
10/12/25 17:45,0.502,E
10/12/25 18:00,0.372,E
10/12/25 18:15,0.464,E
10/12/25 18:30,0.548,E
10/12/25 18:45,0.811,E
10/12/25 19:00,0.395,E
10/12/25 19:15,0.378,E
10/12/25 19:30,0.358,E
10/12/25 19:45,0.366,E
10/12/25 20:00,0.413,E
10/12/25 20:15,0.516,E
10/12/25 20:30,0.408,E
10/12/25 20:45,0.382,E
10/12/25 21:00,0.403,E
10/12/25 21:15,0.395,E
10/12/25 21:30,0.387,E
10/12/25 21:45,0.409,E
10/12/25 22:00,0.405,E
10/12/25 22:15,0.408,E
10/12/25 22:30,0.435,E
10/12/25 22:45,0.419,E
10/12/25 23:00,0.315,E
10/12/25 23:15,0.177,E
10/12/25 23:30,0.196,E
10/12/25 23:45,0.171,E
10/13/25 0:00,0.165,E
10/13/25 0:15,0.16,E
10/13/25 0:30,0.178,E
10/13/25 0:45,0.162,E
10/13/25 1:00,0.144,E
10/13/25 1:15,0.143,E
10/13/25 1:30,0.273,E
10/13/25 1:45,0.296,E
10/13/25 2:00,0.299,E
10/13/25 2:15,0.28,E
10/13/25 2:30,0.349,E
10/13/25 2:45,0.297,E
10/13/25 3:00,0.302,E
10/13/25 3:15,0.298,E
10/13/25 3:30,0.265,E
10/13/25 3:45,0.281,E
10/13/25 4:00,0.293,E
10/13/25 4:15,0.159,E
10/13/25 4:30,0.126,E
10/13/25 4:45,0.151,E
10/13/25 5:00,0.182,E
10/13/25 5:15,0.171,E
10/13/25 5:30,0.155,E
10/13/25 5:45,0.125,E
10/13/25 6:00,0.141,E
10/13/25 6:15,0.156,E
10/13/25 6:30,0.268,E
10/13/25 6:45,0.31,E
10/13/25 7:00,0.29,E
10/13/25 7:15,0.275,E
10/13/25 7:30,0.262,E
10/13/25 7:45,0.458,E
10/13/25 8:00,0.278,E
10/13/25 8:15,0.32,E
10/13/25 8:30,0.336,E
10/13/25 8:45,0.285,E
10/13/25 9:00,0.247,E
10/13/25 9:15,0.242,E
10/13/25 9:30,0.253,E
10/13/25 9:45,0.244,E
10/13/25 10:00,0.22,E
10/13/25 10:15,0.24,E
10/13/25 10:30,0.313,E
10/13/25 10:45,0.457,E
10/13/25 11:00,0.679,E
10/13/25 11:15,0.396,E
10/13/25 11:30,0.671,E
10/13/25 11:45,0.347,E
10/13/25 12:00,0.293,E
10/13/25 12:15,0.253,E
10/13/25 12:30,0.27,E
10/13/25 12:45,0.223,E
10/13/25 13:00,0.237,E
10/13/25 13:15,0.269,E
10/13/25 13:30,0.552,E
10/13/25 13:45,0.519,E
10/13/25 14:00,0.672,E
10/13/25 14:15,0.263,E
10/13/25 14:30,0.263,E
10/13/25 14:45,0.266,E
10/13/25 15:00,0.272,E
10/13/25 15:15,0.16,E
10/13/25 15:30,0.119,E
10/13/25 15:45,0.114,E
10/13/25 16:00,0.115,E
10/13/25 16:15,0.125,E
10/13/25 16:30,0.15,E
10/13/25 16:45,0.163,E
10/13/25 17:00,0.155,E
10/13/25 17:15,0.608,E
10/13/25 17:30,0.308,E
10/13/25 17:45,0.288,E
10/13/25 18:00,0.279,E
10/13/25 18:15,0.338,E
10/13/25 18:30,0.256,E
10/13/25 18:45,0.303,E
10/13/25 19:00,0.62,E
10/13/25 19:15,0.691,E
10/13/25 19:30,0.602,E
10/13/25 19:45,0.809,E
10/13/25 20:00,0.441,E
10/13/25 20:15,0.4,E
10/13/25 20:30,0.403,E
10/13/25 20:45,0.385,E
10/13/25 21:00,0.239,E
10/13/25 21:15,0.24,E
10/13/25 21:30,0.257,E
10/13/25 21:45,0.241,E
10/13/25 22:00,0.231,E
10/13/25 22:15,0.273,E
10/13/25 22:30,0.258,E
10/13/25 22:45,0.249,E
10/13/25 23:00,0.257,E
10/13/25 23:15,0.399,W
10/13/25 23:30,0.386,W
10/13/25 23:45,0.366,W
10/14/25 0:00,0.341,W
10/14/25 0:15,0.251,W
10/14/25 0:30,0.167,W
10/14/25 0:45,0.178,W
10/14/25 1:00,0.162,W
10/14/25 1:15,0.158,W
10/14/25 1:30,0.149,W
10/14/25 1:45,0.151,W
10/14/25 2:00,0.136,W
10/14/25 2:15,0.143,W
10/14/25 2:30,0.252,W
10/14/25 2:45,0.278,W
10/14/25 3:00,0.268,W
10/14/25 3:15,0.256,W
10/14/25 3:30,0.269,W
10/14/25 3:45,0.246,W
10/14/25 4:00,0.256,W
10/14/25 4:15,0.24,W
10/14/25 4:30,0.249,W
10/14/25 4:45,0.289,W
10/14/25 5:00,0.432,W
10/14/25 5:15,0.281,W
10/14/25 5:30,0.2,W
10/14/25 5:45,0.126,W
10/14/25 6:00,0.126,W
10/14/25 6:15,0.103,W
10/14/25 6:30,0.146,W
10/14/25 6:45,0.134,W
10/14/25 7:00,0.135,W
10/14/25 7:15,0.19,W
10/14/25 7:30,0.339,W
10/14/25 7:45,0.292,W
10/14/25 8:00,0.257,W
10/14/25 8:15,0.27,W
10/14/25 8:30,0.251,W
10/14/25 8:45,0.332,W
10/14/25 9:00,0.35,W
10/14/25 9:15,0.318,W
10/14/25 9:30,0.444,W
10/14/25 9:45,0.472,W
10/14/25 10:00,0.504,W
10/14/25 10:15,0.534,W
10/14/25 10:30,0.548,W
10/14/25 10:45,1.24,W
10/14/25 11:00,0.671,W
10/14/25 11:15,0.918,W
10/14/25 11:30,1.135,W
10/14/25 11:45,0.325,W
10/14/25 12:00,0.368,W
10/14/25 12:15,0.317,W
10/14/25 12:30,0.7,W
10/14/25 12:45,0.598,W
10/14/25 13:00,0.639,W
10/14/25 13:15,0.364,W
10/14/25 13:30,0.3,W
10/14/25 13:45,0.259,W
10/14/25 14:00,0.322,W
10/14/25 14:15,0.413,W
10/14/25 14:30,0.324,W
10/14/25 14:45,0.312,W
10/14/25 15:00,0.309,W
10/14/25 15:15,0.222,W
10/14/25 15:30,0.163,W
10/14/25 15:45,0.194,W
10/14/25 16:00,0.189,W
10/14/25 16:15,0.204,W
10/14/25 16:30,0.193,W
10/14/25 16:45,0.175,W
10/14/25 17:00,0.162,W
10/14/25 17:15,0.174,W
10/14/25 17:30,0.242,W
10/14/25 17:45,0.262,W
10/14/25 18:00,0.316,W
10/14/25 18:15,0.353,W
10/14/25 18:30,0.348,W
10/14/25 18:45,0.254,W
10/14/25 19:00,0.272,W
10/14/25 19:15,0.351,W
10/14/25 19:30,0.414,W
10/14/25 19:45,0.416,W
10/14/25 20:00,0.368,W
10/14/25 20:15,0.391,W
10/14/25 20:30,0.387,W
10/14/25 20:45,0.376,W
10/14/25 21:00,0.352,W
10/14/25 21:15,0.348,W
10/14/25 21:30,0.332,W
10/14/25 21:45,0.373,W
10/14/25 22:00,0.409,W
10/14/25 22:15,0.393,W
10/14/25 22:30,0.365,W
10/14/25 22:45,0.391,W
10/14/25 23:00,0.367,W
10/14/25 23:15,0.33,W
10/14/25 23:30,0.322,W
10/14/25 23:45,0.329,W
10/15/25 0:00,0.358,W
10/15/25 0:15,0.22,W
10/15/25 0:30,0.19,W
10/15/25 0:45,0.204,W
10/15/25 1:00,0.22,W
10/15/25 1:15,0.214,W
10/15/25 1:30,0.197,W
10/15/25 1:45,0.187,W
10/15/25 2:00,0.133,W
10/15/25 2:15,0.122,W
10/15/25 2:30,0.174,W
10/15/25 2:45,0.24,W
10/15/25 3:00,0.222,W
10/15/25 3:15,0.243,W
10/15/25 3:30,0.25,W
10/15/25 3:45,0.252,W
10/15/25 4:00,0.224,W
10/15/25 4:15,0.222,W
10/15/25 4:30,0.219,W
10/15/25 4:45,0.241,W
10/15/25 5:00,0.252,W
10/15/25 5:15,0.22,W
10/15/25 5:30,0.236,W
10/15/25 5:45,0.278,W
10/15/25 6:00,0.127,W
10/15/25 6:15,0.098,W
10/15/25 6:30,0.096,W
10/15/25 6:45,0.104,W
10/15/25 7:00,0.13,W
10/15/25 7:15,0.133,W
10/15/25 7:30,0.123,W
10/15/25 7:45,0.277,W
10/15/25 8:00,0.22,W
10/15/25 8:15,0.242,W
10/15/25 8:30,0.259,W
10/15/25 8:45,0.28,W
10/15/25 9:00,0.265,W
10/15/25 9:15,0.288,W
10/15/25 9:30,0.348,W
10/15/25 9:45,0.314,W
10/15/25 10:00,0.305,W
10/15/25 10:15,0.303,W
10/15/25 10:30,0.286,W
10/15/25 10:45,0.254,W
10/15/25 11:00,0.626,W
10/15/25 11:15,0.629,W
10/15/25 11:30,0.419,W
10/15/25 11:45,0.583,W
10/15/25 12:00,0.568,W
10/15/25 12:15,0.409,W
10/15/25 12:30,0.348,W
10/15/25 12:45,0.299,W
10/15/25 13:00,0.272,W
10/15/25 13:15,0.261,W
10/15/25 13:30,0.309,W
10/15/25 13:45,0.263,W
10/15/25 14:00,0.26,W
10/15/25 14:15,0.283,W
10/15/25 14:30,0.249,W
10/15/25 14:45,0.274,W
10/15/25 15:00,0.306,W
10/15/25 15:15,0.313,W
10/15/25 15:30,0.415,W
10/15/25 15:45,0.726,W
10/15/25 16:00,0.889,W
10/15/25 16:15,0.982,W
10/15/25 16:30,1,W
10/15/25 16:45,0.716,W
10/15/25 17:00,0.449,W
10/15/25 17:15,0.423,W
10/15/25 17:30,0.158,W
10/15/25 17:45,0.23,W
10/15/25 18:00,0.199,W
10/15/25 18:15,0.205,W
10/15/25 18:30,0.226,W
10/15/25 18:45,0.214,W
10/15/25 19:00,0.209,W
10/15/25 19:15,0.231,W
10/15/25 19:30,0.241,W
10/15/25 19:45,0.37,W
10/15/25 20:00,0.358,W
10/15/25 20:15,0.361,W
10/15/25 20:30,0.348,W
10/15/25 20:45,0.39,W
10/15/25 21:00,0.387,W
10/15/25 21:15,0.333,W
10/15/25 21:30,0.346,W
10/15/25 21:45,0.377,W
10/15/25 22:00,0.391,W
10/15/25 22:15,0.363,W
10/15/25 22:30,0.37,W
10/15/25 22:45,0.396,W
10/15/25 23:00,0.397,W
10/15/25 23:15,0.355,W
10/15/25 23:30,0.34,W
10/15/25 23:45,0.286,W
10/16/25 0:00,0.257,W
10/16/25 0:15,0.26,W
10/16/25 0:30,0.27,W
10/16/25 0:45,0.245,W
10/16/25 1:00,0.244,W
10/16/25 1:15,0.273,W
10/16/25 1:30,0.174,W
10/16/25 1:45,0.119,W
10/16/25 2:00,0.118,W
10/16/25 2:15,0.116,W
10/16/25 2:30,0.152,W
10/16/25 2:45,0.153,W
10/16/25 3:00,0.127,W
10/16/25 3:15,0.116,W
10/16/25 3:30,0.184,W
10/16/25 3:45,0.257,W
10/16/25 4:00,0.242,W
10/16/25 4:15,0.247,W
10/16/25 4:30,0.288,W
10/16/25 4:45,0.27,W
10/16/25 5:00,0.274,W
10/16/25 5:15,0.317,W
10/16/25 5:30,0.264,W
10/16/25 5:45,0.267,W
10/16/25 6:00,0.252,W
10/16/25 6:15,0.242,W
10/16/25 6:30,0.253,W
10/16/25 6:45,0.112,W
10/16/25 7:00,0.152,W
10/16/25 7:15,0.194,W
10/16/25 7:30,0.195,W
10/16/25 7:45,0.205,W
10/16/25 8:00,0.218,W
10/16/25 8:15,0.208,W
10/16/25 8:30,0.159,W
10/16/25 8:45,0.161,W
10/16/25 9:00,0.128,W
10/16/25 9:15,0.2,W
10/16/25 9:30,0.282,W
10/16/25 9:45,0.258,W
10/16/25 10:00,0.348,W
10/16/25 10:15,0.319,W
10/16/25 10:30,0.316,W
10/16/25 10:45,0.283,W
10/16/25 11:00,0.274,W
10/16/25 11:15,0.26,W
10/16/25 11:30,0.283,W
10/16/25 11:45,0.261,W
10/16/25 12:00,0.586,W
10/16/25 12:15,0.432,W
10/16/25 12:30,0.309,W
10/16/25 12:45,0.387,W
10/16/25 13:00,0.257,W
10/16/25 13:15,0.521,W
10/16/25 13:30,0.579,W
10/16/25 13:45,0.616,W
10/16/25 14:00,0.522,W
10/16/25 14:15,0.293,W
10/16/25 14:30,0.347,W
10/16/25 14:45,0.377,W
10/16/25 15:00,0.288,W
10/16/25 15:15,0.265,W
10/16/25 15:30,0.23,W
10/16/25 15:45,0.233,W
10/16/25 16:00,0.252,W
10/16/25 16:15,0.273,W
10/16/25 16:30,0.257,W
10/16/25 16:45,0.233,W
10/16/25 17:00,0.221,W
10/16/25 17:15,0.307,W
10/16/25 17:30,0.251,W
10/16/25 17:45,0.306,W
10/16/25 18:00,0.27,W
10/16/25 18:15,0.353,W
10/16/25 18:30,0.356,W
10/16/25 18:45,0.338,W
10/16/25 19:00,0.36,W
10/16/25 19:15,0.26,W
10/16/25 19:30,0.274,W
10/16/25 19:45,0.247,W
10/16/25 20:00,0.256,W
10/16/25 20:15,0.225,W
10/16/25 20:30,0.201,W
10/16/25 20:45,0.246,W
10/16/25 21:00,0.253,W
10/16/25 21:15,0.252,W
10/16/25 21:30,0.325,W
10/16/25 21:45,0.375,W
10/16/25 22:00,0.406,W
10/16/25 22:15,0.359,W
10/16/25 22:30,0.326,W
10/16/25 22:45,0.3,W
10/16/25 23:00,0.379,W
10/16/25 23:15,0.321,W
10/16/25 23:30,0.297,W
10/16/25 23:45,0.322,W
10/17/25 0:00,0.326,W
10/17/25 0:15,0.322,W
10/17/25 0:30,0.309,W
10/17/25 0:45,0.281,W
10/17/25 1:00,0.263,W
10/17/25 1:15,0.276,W
10/17/25 1:30,0.211,W
10/17/25 1:45,0.151,W
10/17/25 2:00,0.121,W
10/17/25 2:15,0.123,W
10/17/25 2:30,0.156,W
10/17/25 2:45,0.147,W
10/17/25 3:00,0.118,W
10/17/25 3:15,0.148,W
10/17/25 3:30,0.151,W
10/17/25 3:45,0.257,W
10/17/25 4:00,0.279,W
10/17/25 4:15,0.26,W
10/17/25 4:30,0.257,W
10/17/25 4:45,0.261,W
10/17/25 5:00,0.248,W
10/17/25 5:15,0.249,W
10/17/25 5:30,0.271,W
10/17/25 5:45,0.297,W
10/17/25 6:00,0.288,W
10/17/25 6:15,0.274,W
10/17/25 6:30,0.26,W
10/17/25 6:45,0.134,W
10/17/25 7:00,0.131,W
10/17/25 7:15,0.15,W
10/17/25 7:30,0.103,W
10/17/25 7:45,0.131,W
10/17/25 8:00,0.209,W
10/17/25 8:15,0.132,W
10/17/25 8:30,0.601,W
10/17/25 8:45,0.373,W
10/17/25 9:00,0.193,W
10/17/25 9:15,0.18,W
10/17/25 9:30,0.26,W
10/17/25 9:45,0.319,W
10/17/25 10:00,0.258,W
10/17/25 10:15,0.233,W
10/17/25 10:30,0.348,W
10/17/25 10:45,0.315,W
10/17/25 11:00,0.321,W
10/17/25 11:15,0.564,W
10/17/25 11:30,0.369,W
10/17/25 11:45,0.515,W
10/17/25 12:00,0.605,W
10/17/25 12:15,0.911,W
10/17/25 12:30,0.674,W
10/17/25 12:45,0.315,W
10/17/25 13:00,0.285,W
10/17/25 13:15,0.318,W
10/17/25 13:30,0.345,W
10/17/25 13:45,0.27,W
10/17/25 14:00,0.218,W
10/17/25 14:15,0.258,W
10/17/25 14:30,0.28,W
10/17/25 14:45,0.479,W
10/17/25 15:00,0.634,W
10/17/25 15:15,0.426,W
10/17/25 15:30,0.471,W
10/17/25 15:45,0.532,W
10/17/25 16:00,0.419,W
10/17/25 16:15,0.402,W
10/17/25 16:30,0.268,W
10/17/25 16:45,0.267,W
10/17/25 17:00,0.253,W
10/17/25 17:15,0.348,W
10/17/25 17:30,0.291,W
10/17/25 17:45,0.269,W
10/17/25 18:00,0.563,W
10/17/25 18:15,0.92,W
10/17/25 18:30,0.464,W
10/17/25 18:45,0.361,W
10/17/25 19:00,0.534,W
10/17/25 19:15,0.923,E
10/17/25 19:30,0.676,E
10/17/25 19:45,0.505,E
10/17/25 20:00,0.385,W
10/17/25 20:15,0.383,W
10/17/25 20:30,0.361,W
10/17/25 20:45,0.342,W
10/17/25 21:00,0.357,W
10/17/25 21:15,0.388,W
10/17/25 21:30,0.373,W
10/17/25 21:45,0.394,W
10/17/25 22:00,0.369,W
10/17/25 22:15,0.4,W
10/17/25 22:30,0.381,W
10/17/25 22:45,0.349,W
10/17/25 23:00,0.345,W
10/17/25 23:15,0.362,W
10/17/25 23:30,0.343,W
10/17/25 23:45,0.226,W
10/18/25 0:00,0.237,W
10/18/25 0:15,0.185,W
10/18/25 0:30,0.206,W
10/18/25 0:45,0.24,W
10/18/25 1:00,0.227,W
10/18/25 1:15,0.199,W
10/18/25 1:30,0.183,W
10/18/25 1:45,0.193,W
10/18/25 2:00,0.28,W
10/18/25 2:15,0.271,W
10/18/25 2:30,0.269,W
10/18/25 2:45,0.257,W
10/18/25 3:00,0.279,W
10/18/25 3:15,0.3,W
10/18/25 3:30,0.243,W
10/18/25 3:45,0.259,W
10/18/25 4:00,0.393,W
10/18/25 4:15,0.273,W
10/18/25 4:30,0.25,W
10/18/25 4:45,0.276,W
10/18/25 5:00,0.25,W
10/18/25 5:15,0.169,W
10/18/25 5:30,0.148,W
10/18/25 5:45,0.1,W
10/18/25 6:00,0.138,W
10/18/25 6:15,0.139,W
10/18/25 6:30,0.115,W
10/18/25 6:45,0.108,W
10/18/25 7:00,0.143,W
10/18/25 7:15,0.26,W
10/18/25 7:30,0.249,W
10/18/25 7:45,0.438,W
10/18/25 8:00,0.302,W
10/18/25 8:15,0.253,W
10/18/25 8:30,0.255,W
10/18/25 8:45,0.273,W
10/18/25 9:00,0.294,W
10/18/25 9:15,0.351,W
10/18/25 9:30,0.382,W
10/18/25 9:45,1.039,W
10/18/25 10:00,0.329,W
10/18/25 10:15,0.594,W
10/18/25 10:30,0.566,W
10/18/25 10:45,0.309,W
10/18/25 11:00,0.404,W
10/18/25 11:15,0.764,W
10/18/25 11:30,0.542,W
10/18/25 11:45,1.083,W
10/18/25 12:00,0.801,W
10/18/25 12:15,0.24,W
10/18/25 12:30,0.244,W
10/18/25 12:45,0.332,W
10/18/25 13:00,0.569,W
10/18/25 13:15,0.657,W
10/18/25 13:30,0.582,W
10/18/25 13:45,0.249,W
10/18/25 14:00,0.257,W
10/18/25 14:15,0.257,W
10/18/25 14:30,0.261,W
10/18/25 14:45,0.276,W
10/18/25 15:00,0.27,W
10/18/25 15:15,0.278,W
10/18/25 15:30,0.279,W
10/18/25 15:45,0.241,W
10/18/25 16:00,0.237,W
10/18/25 16:15,0.279,W
10/18/25 16:30,0.277,W
10/18/25 16:45,0.294,W
10/18/25 17:00,0.281,W
10/18/25 17:15,0.278,W
10/18/25 17:30,0.351,W
10/18/25 17:45,0.274,W
10/18/25 18:00,0.365,W
10/18/25 18:15,0.362,W
10/18/25 18:30,0.372,W
10/18/25 18:45,0.4,W
10/18/25 19:00,0.374,W
10/18/25 19:15,0.382,W
10/18/25 19:30,0.435,W
10/18/25 19:45,0.353,W
10/18/25 20:00,0.379,W
10/18/25 20:15,0.374,W
10/18/25 20:30,0.365,W
10/18/25 20:45,0.351,W
10/18/25 21:00,0.395,W
10/18/25 21:15,0.356,W
10/18/25 21:30,0.373,W
10/18/25 21:45,0.416,W
10/18/25 22:00,0.369,W
10/18/25 22:15,0.416,W
10/18/25 22:30,0.43,W
10/18/25 22:45,0.352,W
10/18/25 23:00,0.346,W
10/18/25 23:15,0.383,W
10/18/25 23:30,0.343,W
10/18/25 23:45,0.177,W
10/19/25 0:00,0.124,W
10/19/25 0:15,0.116,W
10/19/25 0:30,0.145,W
10/19/25 0:45,0.155,W
10/19/25 1:00,0.146,W
10/19/25 1:15,0.114,W
10/19/25 1:30,0.123,W
10/19/25 1:45,0.145,W
10/19/25 2:00,0.239,W
10/19/25 2:15,0.257,W
10/19/25 2:30,0.259,W
10/19/25 2:45,0.242,W
10/19/25 3:00,0.263,W
10/19/25 3:15,0.274,W
10/19/25 3:30,0.247,W
10/19/25 3:45,0.239,W
10/19/25 4:00,0.275,W
10/19/25 4:15,0.276,W
10/19/25 4:30,0.253,W
10/19/25 4:45,0.233,W
10/19/25 5:00,0.186,W
10/19/25 5:15,0.168,W
10/19/25 5:30,0.153,W
10/19/25 5:45,0.122,W
10/19/25 6:00,0.114,W
10/19/25 6:15,0.176,W
10/19/25 6:30,0.166,W
10/19/25 6:45,0.116,W
10/19/25 7:00,0.216,W
10/19/25 7:15,0.278,W
10/19/25 7:30,0.233,W
10/19/25 7:45,0.278,W
10/19/25 8:00,0.286,W
10/19/25 8:15,0.329,W
10/19/25 8:30,0.344,W
10/19/25 8:45,0.301,W
10/19/25 9:00,0.475,W
10/19/25 9:15,0.446,W
10/19/25 9:30,0.272,W
10/19/25 9:45,0.286,W
10/19/25 10:00,0.301,W
10/19/25 10:15,0.289,W
10/19/25 10:30,0.284,W
10/19/25 10:45,0.302,W
10/19/25 11:00,0.321,W
10/19/25 11:15,0.294,W
10/19/25 11:30,0.345,W
10/19/25 11:45,0.345,W
10/19/25 12:00,0.307,W
10/19/25 12:15,0.318,W
10/19/25 12:30,0.28,W
10/19/25 12:45,0.28,W
10/19/25 13:00,0.316,W
10/19/25 13:15,0.303,W
10/19/25 13:30,0.306,W
10/19/25 13:45,0.292,W
10/19/25 14:00,0.271,W
10/19/25 14:15,0.323,W
10/19/25 14:30,0.282,W
10/19/25 14:45,0.12,W
10/19/25 15:00,0.122,W
10/19/25 15:15,0.144,W
10/19/25 15:30,0.186,W
10/19/25 15:45,0.167,W
10/19/25 16:00,0.15,W
10/19/25 16:15,0.173,W
10/19/25 16:30,0.17,W
10/19/25 16:45,0.237,W
10/19/25 17:00,0.437,W
10/19/25 17:15,0.234,W
10/19/25 17:30,0.254,W
10/19/25 17:45,0.264,W
10/19/25 18:00,0.354,W
10/19/25 18:15,0.374,W
10/19/25 18:30,0.342,W
10/19/25 18:45,0.315,W
10/19/25 19:00,0.332,W
10/19/25 19:15,0.339,W
10/19/25 19:30,0.348,W
10/19/25 19:45,0.404,W
10/19/25 20:00,0.397,W
10/19/25 20:15,0.378,W
10/19/25 20:30,0.4,W
10/19/25 20:45,0.36,W
10/19/25 21:00,0.358,W
10/19/25 21:15,0.362,W
10/19/25 21:30,0.375,W
10/19/25 21:45,0.357,W
10/19/25 22:00,0.386,W
10/19/25 22:15,0.393,W
10/19/25 22:30,0.371,W
10/19/25 22:45,0.447,W
10/19/25 23:00,0.359,W
10/19/25 23:15,0.346,W
10/19/25 23:30,0.332,W
10/19/25 23:45,0.328,W
10/20/25 0:00,0.277,W
10/20/25 0:15,0.138,W
10/20/25 0:30,0.099,W
10/20/25 0:45,0.123,W
10/20/25 1:00,0.095,W
10/20/25 1:15,0.093,W
10/20/25 1:30,0.086,W
10/20/25 1:45,0.086,W
10/20/25 2:00,0.122,W
10/20/25 2:15,0.197,W
10/20/25 2:30,0.218,W
10/20/25 2:45,0.2,W
10/20/25 3:00,0.253,W
10/20/25 3:15,0.237,W
10/20/25 3:30,0.212,W
10/20/25 3:45,0.224,W
10/20/25 4:00,0.264,W
10/20/25 4:15,0.243,W
10/20/25 4:30,0.247,W
10/20/25 4:45,0.258,W
10/20/25 5:00,0.253,W
10/20/25 5:15,0.193,W
10/20/25 5:30,0.14,W
10/20/25 5:45,0.123,W
10/20/25 6:00,0.126,W
10/20/25 6:15,0.109,W
10/20/25 6:30,0.104,W
10/20/25 6:45,0.095,W
10/20/25 7:00,0.104,W
10/20/25 7:15,0.141,W
10/20/25 7:30,0.126,W
10/20/25 7:45,0.242,W
10/20/25 8:00,0.384,W
10/20/25 8:15,0.273,W
10/20/25 8:30,0.263,W
10/20/25 8:45,0.724,W
10/20/25 9:00,0.572,W
10/20/25 9:15,0.64,W
10/20/25 9:30,0.33,W
10/20/25 9:45,0.263,W
10/20/25 10:00,0.288,W
10/20/25 10:15,0.267,W
10/20/25 10:30,0.264,W
10/20/25 10:45,0.255,W
10/20/25 11:00,0.288,W
10/20/25 11:15,0.278,W
10/20/25 11:30,0.295,W
10/20/25 11:45,0.369,W
10/20/25 12:00,0.384,W
10/20/25 12:15,0.285,W
10/20/25 12:30,0.396,W
10/20/25 12:45,0.301,W
10/20/25 13:00,0.258,W
10/20/25 13:15,0.315,W
10/20/25 13:30,0.289,W
10/20/25 13:45,0.269,W
10/20/25 14:00,0.275,W
10/20/25 14:15,0.273,W
10/20/25 14:30,0.267,W
10/20/25 14:45,0.269,W
10/20/25 15:00,0.29,W
10/20/25 15:15,0.168,W
10/20/25 15:30,0.171,W
10/20/25 15:45,0.192,W
10/20/25 16:00,0.147,W
10/20/25 16:15,0.186,W
10/20/25 16:30,0.182,W
10/20/25 16:45,0.174,W
10/20/25 17:00,0.134,W
10/20/25 17:15,0.18,W
10/20/25 17:30,0.386,W
10/20/25 17:45,0.311,W
10/20/25 18:00,0.301,W
10/20/25 18:15,0.305,W
10/20/25 18:30,0.277,W
10/20/25 18:45,0.308,W
10/20/25 19:00,0.38,W
10/20/25 19:15,0.479,W
10/20/25 19:30,0.343,W
10/20/25 19:45,0.39,W
10/20/25 20:00,0.416,W
10/20/25 20:15,0.377,W
10/20/25 20:30,0.387,W
10/20/25 20:45,0.376,W
10/20/25 21:00,0.375,W
10/20/25 21:15,0.383,W
10/20/25 21:30,0.409,W
10/20/25 21:45,0.39,W
10/20/25 22:00,0.38,W
10/20/25 22:15,0.407,W
10/20/25 22:30,0.385,W
10/20/25 22:45,0.363,W
10/20/25 23:00,0.377,W
10/20/25 23:15,0.381,W
10/20/25 23:30,0.398,W
10/20/25 23:45,0.401,W
10/21/25 0:00,0.337,W
10/21/25 0:15,0.21,W
10/21/25 0:30,0.239,W
10/21/25 0:45,0.198,W
10/21/25 1:00,0.135,W
10/21/25 1:15,0.134,W
10/21/25 1:30,0.132,W
10/21/25 1:45,0.149,W
10/21/25 2:00,0.155,W
10/21/25 2:15,0.11,W
10/21/25 2:30,0.21,W
10/21/25 2:45,0.291,W
10/21/25 3:00,0.268,W
10/21/25 3:15,0.245,W
10/21/25 3:30,0.245,W
10/21/25 3:45,0.244,W
10/21/25 4:00,0.228,W
10/21/25 4:15,0.239,W
10/21/25 4:30,0.224,W
10/21/25 4:45,0.196,W
10/21/25 5:00,0.24,W
10/21/25 5:15,0.277,W
10/21/25 5:30,0.152,W
10/21/25 5:45,0.095,W
10/21/25 6:00,0.091,W
10/21/25 6:15,0.109,W
10/21/25 6:30,0.108,W
10/21/25 6:45,0.099,W
10/21/25 7:00,0.121,W
10/21/25 7:15,0.145,W
10/21/25 7:30,0.132,W
10/21/25 7:45,0.365,W
10/21/25 8:00,0.241,W
10/21/25 8:15,0.259,W
10/21/25 8:30,0.331,W
10/21/25 8:45,0.299,W
10/21/25 9:00,0.302,W
10/21/25 9:15,0.315,W
10/21/25 9:30,0.278,W
10/21/25 9:45,0.278,W
10/21/25 10:00,0.271,W
10/21/25 10:15,0.237,W
10/21/25 10:30,0.256,W
10/21/25 10:45,0.309,W
10/21/25 11:00,0.441,W
10/21/25 11:15,0.473,W
10/21/25 11:30,0.384,W
10/21/25 11:45,0.287,W
10/21/25 12:00,0.242,W
10/21/25 12:15,0.646,W
10/21/25 12:30,0.521,W
10/21/25 12:45,0.594,W
10/21/25 13:00,0.316,W
10/21/25 13:15,0.246,W
10/21/25 13:30,0.218,W
10/21/25 13:45,0.222,W
10/21/25 14:00,0.228,W
10/21/25 14:15,0.261,W
10/21/25 14:30,0.266,W
10/21/25 14:45,0.252,W
10/21/25 15:00,0.259,W
10/21/25 15:15,0.266,W
10/21/25 15:30,0.267,W
10/21/25 15:45,0.191,W
10/21/25 16:00,0.088,W
10/21/25 16:15,0.122,W
10/21/25 16:30,0.15,W
10/21/25 16:45,0.116,W
10/21/25 17:00,0.139,W
10/21/25 17:15,0.111,W
10/21/25 17:30,0.117,W
10/21/25 17:45,0.133,W
10/21/25 18:00,0.313,W
10/21/25 18:15,0.333,W
10/21/25 18:30,0.303,W
10/21/25 18:45,0.373,W
10/21/25 19:00,0.344,W
10/21/25 19:15,0.377,W
10/21/25 19:30,0.371,W
10/21/25 19:45,0.368,W
10/21/25 20:00,0.403,W
10/21/25 20:15,0.402,W
10/21/25 20:30,0.38,W
10/21/25 20:45,0.379,W
10/21/25 21:00,0.392,W
10/21/25 21:15,0.369,W
10/21/25 21:30,0.371,W
10/21/25 21:45,0.284,W
10/21/25 22:00,0.261,W
10/21/25 22:15,0.252,W
10/21/25 22:30,0.255,W
10/21/25 22:45,0.255,W
10/21/25 23:00,0.22,W
10/21/25 23:15,0.242,W
10/21/25 23:30,0.247,W
10/21/25 23:45,0.192,W
10/22/25 0:00,0.151,W
10/22/25 0:15,0.233,W
10/22/25 0:30,0.241,W
10/22/25 0:45,0.266,W
10/22/25 1:00,0.277,W
10/22/25 1:15,0.245,W
10/22/25 1:30,0.231,W
10/22/25 1:45,0.252,W
10/22/25 2:00,0.272,W
10/22/25 2:15,0.262,W
10/22/25 2:30,0.245,W
10/22/25 2:45,0.254,W
10/22/25 3:00,0.281,W
10/22/25 3:15,0.197,W
10/22/25 3:30,0.12,W
10/22/25 3:45,0.121,W
10/22/25 4:00,0.122,W
10/22/25 4:15,0.129,W
10/22/25 4:30,0.124,W
10/22/25 4:45,0.136,W
10/22/25 5:00,0.139,W
10/22/25 5:15,0.168,W
10/22/25 5:30,0.161,W
10/22/25 5:45,0.206,W
10/22/25 6:00,0.23,W
10/22/25 6:15,0.234,W
10/22/25 6:30,0.216,W
10/22/25 6:45,0.263,W
10/22/25 7:00,0.242,W
10/22/25 7:15,0.229,W
10/22/25 7:30,0.214,W
10/22/25 7:45,0.239,W
10/22/25 8:00,0.265,W
10/22/25 8:15,0.324,W
10/22/25 8:30,0.287,W
10/22/25 8:45,0.333,W
10/22/25 9:00,0.302,W
10/22/25 9:15,0.259,W
10/22/25 9:30,0.262,W
10/22/25 9:45,0.273,W
10/22/25 10:00,0.264,W
10/22/25 10:15,0.274,W
10/22/25 10:30,0.275,W
10/22/25 10:45,0.333,W
10/22/25 11:00,0.284,W
10/22/25 11:15,0.246,W
10/22/25 11:30,0.327,W
10/22/25 11:45,0.313,W
10/22/25 12:00,0.32,W
10/22/25 12:15,0.594,W
10/22/25 12:30,0.642,W
10/22/25 12:45,0.585,W
10/22/25 13:00,0.245,W
10/22/25 13:15,0.254,W
10/22/25 13:30,0.262,W
10/22/25 13:45,0.487,W
10/22/25 14:00,0.177,W
10/22/25 14:15,0.641,W
10/22/25 14:30,0.648,W
10/22/25 14:45,0.214,W
10/22/25 15:00,0.112,W
10/22/25 15:15,0.108,W
10/22/25 15:30,0.119,W
10/22/25 15:45,0.236,W
10/22/25 16:00,0.212,W
10/22/25 16:15,0.24,W
10/22/25 16:30,0.329,W
10/22/25 16:45,0.333,W
10/22/25 17:00,0.389,W
10/22/25 17:15,0.403,W
10/22/25 17:30,0.44,W
10/22/25 17:45,0.548,W
10/22/25 18:00,0.515,W
10/22/25 18:15,0.543,W
10/22/25 18:30,0.411,W
10/22/25 18:45,0.308,W
10/22/25 19:00,0.311,W
10/22/25 19:15,0.283,W
10/22/25 19:30,0.244,W
10/22/25 19:45,0.188,W
10/22/25 20:00,0.183,W
10/22/25 20:15,0.257,W
10/22/25 20:30,0.256,W
10/22/25 20:45,0.283,W
10/22/25 21:00,0.236,W
10/22/25 21:15,0.222,W
10/22/25 21:30,0.234,W
10/22/25 21:45,0.218,W
10/22/25 22:00,0.336,W
10/22/25 22:15,0.46,W
10/22/25 22:30,0.383,W
10/22/25 22:45,0.375,W
10/22/25 23:00,0.304,W
10/22/25 23:15,0.271,W
10/22/25 23:30,0.266,W
10/22/25 23:45,0.239,W
10/23/25 0:00,0.258,W
10/23/25 0:15,0.265,W
10/23/25 0:30,0.288,W
10/23/25 0:45,0.259,W
10/23/25 1:00,0.34,W
10/23/25 1:15,0.268,W
10/23/25 1:30,0.165,W
10/23/25 1:45,0.128,W
10/23/25 2:00,0.131,W
10/23/25 2:15,0.12,W
10/23/25 2:30,0.141,W
10/23/25 2:45,0.142,W
10/23/25 3:00,0.124,W
10/23/25 3:15,0.106,W
10/23/25 3:30,0.132,W
10/23/25 3:45,0.274,W
10/23/25 4:00,0.269,W
10/23/25 4:15,0.245,W
10/23/25 4:30,0.267,W
10/23/25 4:45,0.263,W
10/23/25 5:00,0.248,W
10/23/25 5:15,0.272,W
10/23/25 5:30,0.252,W
10/23/25 5:45,0.276,W
10/23/25 6:00,0.29,W
10/23/25 6:15,0.251,W
10/23/25 6:30,0.247,W
10/23/25 6:45,0.369,W
10/23/25 7:00,0.885,W
10/23/25 7:15,0.214,W
10/23/25 7:30,0.465,W
10/23/25 7:45,0.371,W
10/23/25 8:00,0.405,W
10/23/25 8:15,0.642,W
10/23/25 8:30,0.201,W
10/23/25 8:45,0.177,W
10/23/25 9:00,0.243,W
10/23/25 9:15,0.275,W
10/23/25 9:30,0.561,W
10/23/25 9:45,0.552,W
10/23/25 10:00,0.283,W
10/23/25 10:15,0.285,W
10/23/25 10:30,0.666,W
10/23/25 10:45,0.53,W
10/23/25 11:00,0.522,W
10/23/25 11:15,0.375,W
10/23/25 11:30,0.491,W
10/23/25 11:45,0.307,W
10/23/25 12:00,0.251,W
10/23/25 12:15,0.253,W
10/23/25 12:30,0.259,W
10/23/25 12:45,0.263,W
10/23/25 13:00,0.252,W
10/23/25 13:15,0.29,W
10/23/25 13:30,0.273,W
10/23/25 13:45,0.234,W
10/23/25 14:00,0.226,W
10/23/25 14:15,0.234,W
10/23/25 14:30,0.276,W
10/23/25 14:45,0.251,W
10/23/25 15:00,0.282,W
10/23/25 15:15,0.401,W
10/23/25 15:30,0.495,W
10/23/25 15:45,0.298,W
10/23/25 16:00,0.325,W
10/23/25 16:15,0.228,W
10/23/25 16:30,0.333,W
10/23/25 16:45,0.292,W
10/23/25 17:00,0.135,W
10/23/25 17:15,0.106,W
10/23/25 17:30,0.317,W
10/23/25 17:45,0.19,W
10/23/25 18:00,0.235,W
10/23/25 18:15,0.63,W
10/23/25 18:30,0.675,W
10/23/25 18:45,0.798,W
10/23/25 19:00,0.647,W
10/23/25 19:15,0.358,W
10/23/25 19:30,0.355,W
10/23/25 19:45,0.367,W
10/23/25 20:00,0.378,W
10/23/25 20:15,0.355,W
10/23/25 20:30,0.371,W
10/23/25 20:45,0.367,W
10/23/25 21:00,0.35,W
10/23/25 21:15,0.376,W
10/23/25 21:30,0.392,W
10/23/25 21:45,0.382,W
10/23/25 22:00,0.368,W
10/23/25 22:15,0.418,W
10/23/25 22:30,0.398,W
10/23/25 22:45,0.351,W
10/23/25 23:00,0.329,W
10/23/25 23:15,0.236,W
10/23/25 23:30,0.166,W
10/23/25 23:45,0.095,W
10/24/25 0:00,0.106,W
10/24/25 0:15,0.119,W
10/24/25 0:30,0.118,W
10/24/25 0:45,0.146,W
10/24/25 1:00,0.108,W
10/24/25 1:15,0.102,W
10/24/25 1:30,0.18,W
10/24/25 1:45,0.236,W
10/24/25 2:00,0.245,W
10/24/25 2:15,0.253,W
10/24/25 2:30,0.22,W
10/24/25 2:45,0.213,W
10/24/25 3:00,0.227,W
10/24/25 3:15,0.236,W
10/24/25 3:30,0.221,W
10/24/25 3:45,0.273,W
10/24/25 4:00,0.286,W
10/24/25 4:15,0.239,W
10/24/25 4:30,0.202,W
10/24/25 4:45,0.119,W
10/24/25 5:00,0.127,W
10/24/25 5:15,0.122,W
10/24/25 5:30,0.097,W
10/24/25 5:45,0.156,W
10/24/25 6:00,0.141,W
10/24/25 6:15,0.123,W
10/24/25 6:30,0.124,W
10/24/25 6:45,0.129,W
10/24/25 7:00,0.136,W
10/24/25 7:15,0.225,W
10/24/25 7:30,0.259,W
10/24/25 7:45,0.324,W
10/24/25 8:00,0.257,W
10/24/25 8:15,0.253,W
10/24/25 8:30,0.209,W
10/24/25 8:45,0.218,W
10/24/25 9:00,0.3,W
10/24/25 9:15,0.351,W
10/24/25 9:30,0.337,W
10/24/25 9:45,0.45,W
10/24/25 10:00,0.379,W
10/24/25 10:15,0.389,E
10/24/25 10:30,0.55,E
10/24/25 10:45,0.417,E
10/24/25 11:00,0.409,W
10/24/25 11:15,0.339,W
10/24/25 11:30,0.262,W
10/24/25 11:45,0.174,W
10/24/25 12:00,0.292,W
10/24/25 12:15,0.26,W
10/24/25 12:30,0.249,W
10/24/25 12:45,0.281,W
10/24/25 13:00,0.282,W
10/24/25 13:15,0.267,W
10/24/25 13:30,0.291,W
10/24/25 13:45,0.229,W
10/24/25 14:00,0.256,W
10/24/25 14:15,0.324,W
10/24/25 14:30,0.218,W
10/24/25 14:45,0.234,W
10/24/25 15:00,0.26,W
10/24/25 15:15,0.324,W
10/24/25 15:30,0.276,W
10/24/25 15:45,0.239,W
10/24/25 16:00,0.191,W
10/24/25 16:15,0.224,W
10/24/25 16:30,0.223,W
10/24/25 16:45,0.239,W
10/24/25 17:00,0.262,W
10/24/25 17:15,0.247,W
10/24/25 17:30,0.281,W
10/24/25 17:45,0.907,W
10/24/25 18:00,0.881,W
10/24/25 18:15,0.262,W
10/24/25 18:30,0.321,W
10/24/25 18:45,0.363,W
10/24/25 19:00,0.386,W
10/24/25 19:15,0.357,W
10/24/25 19:30,0.342,W
10/24/25 19:45,0.372,W
10/24/25 20:00,0.371,W
10/24/25 20:15,0.394,W
10/24/25 20:30,0.38,W
10/24/25 20:45,0.368,W
10/24/25 21:00,0.394,W
10/24/25 21:15,0.38,W
10/24/25 21:30,0.362,W
10/24/25 21:45,0.349,W
10/24/25 22:00,0.368,W
10/24/25 22:15,0.401,W
10/24/25 22:30,0.366,W
10/24/25 22:45,0.414,W
10/24/25 23:00,0.355,W
10/24/25 23:15,0.332,W
10/24/25 23:30,0.374,W
10/24/25 23:45,0.369,W
10/25/25 0:00,0.376,W
10/25/25 0:15,0.291,W
10/25/25 0:30,0.177,W
10/25/25 0:45,0.15,W
10/25/25 1:00,0.144,W
10/25/25 1:15,0.138,W
10/25/25 1:30,0.099,W
10/25/25 1:45,0.108,W
10/25/25 2:00,0.139,W
10/25/25 2:15,0.125,W
10/25/25 2:30,0.134,W
10/25/25 2:45,0.274,W
10/25/25 3:00,0.262,W
10/25/25 3:15,0.253,W
10/25/25 3:30,0.26,W
10/25/25 3:45,0.259,W
10/25/25 4:00,0.226,W
10/25/25 4:15,0.243,W
10/25/25 4:30,0.297,W
10/25/25 4:45,0.293,W
10/25/25 5:00,0.242,W
10/25/25 5:15,0.288,W
10/25/25 5:30,0.269,W
10/25/25 5:45,0.177,W
10/25/25 6:00,0.121,W
10/25/25 6:15,0.11,W
10/25/25 6:30,0.145,W
10/25/25 6:45,0.131,W
10/25/25 7:00,0.151,W
10/25/25 7:15,0.147,W
10/25/25 7:30,0.144,W
10/25/25 7:45,0.349,W
10/25/25 8:00,0.261,W
10/25/25 8:15,0.354,W
10/25/25 8:30,0.709,W
10/25/25 8:45,0.688,W
10/25/25 9:00,0.601,W
10/25/25 9:15,0.283,W
10/25/25 9:30,0.305,W
10/25/25 9:45,0.298,W
10/25/25 10:00,0.306,W
10/25/25 10:15,0.311,W
10/25/25 10:30,0.305,W
10/25/25 10:45,0.282,W
10/25/25 11:00,0.362,W
10/25/25 11:15,0.402,W
10/25/25 11:30,0.337,W
10/25/25 11:45,0.931,W
10/25/25 12:00,0.524,W
10/25/25 12:15,0.561,W
10/25/25 12:30,0.276,W
10/25/25 12:45,0.311,W
10/25/25 13:00,0.255,W
10/25/25 13:15,0.243,W
10/25/25 13:30,0.25,W
10/25/25 13:45,0.278,W
10/25/25 14:00,0.288,W
10/25/25 14:15,0.303,W
10/25/25 14:30,0.282,W
10/25/25 14:45,0.293,W
10/25/25 15:00,0.282,W
10/25/25 15:15,0.264,W
10/25/25 15:30,0.263,W
10/25/25 15:45,0.261,W
10/25/25 16:00,0.45,W
10/25/25 16:15,0.433,W
10/25/25 16:30,0.448,W
10/25/25 16:45,0.157,W
10/25/25 17:00,0.133,W
10/25/25 17:15,0.183,W
10/25/25 17:30,0.147,W
10/25/25 17:45,0.125,W
10/25/25 18:00,0.195,W
10/25/25 18:15,0.206,W
10/25/25 18:30,0.412,W
10/25/25 18:45,0.406,W
10/25/25 19:00,0.363,W
10/25/25 19:15,0.344,W
10/25/25 19:30,0.358,W
10/25/25 19:45,0.4,W
10/25/25 20:00,0.413,W
10/25/25 20:15,0.358,W
10/25/25 20:30,0.371,W
10/25/25 20:45,0.388,W
10/25/25 21:00,0.374,W
10/25/25 21:15,0.399,W
10/25/25 21:30,0.353,W
10/25/25 21:45,0.402,W
10/25/25 22:00,0.435,W
10/25/25 22:15,0.39,W
10/25/25 22:30,0.383,W
10/25/25 22:45,0.383,W
10/25/25 23:00,0.354,W
10/25/25 23:15,0.292,W
10/25/25 23:30,0.239,W
10/25/25 23:45,0.172,W
10/26/25 0:00,0.122,W
10/26/25 0:15,0.136,W
10/26/25 0:30,0.154,W
10/26/25 0:45,0.149,W
10/26/25 1:00,0.138,W
10/26/25 1:15,0.154,W
10/26/25 1:30,0.147,W
10/26/25 1:45,0.195,W
10/26/25 2:00,0.299,W
10/26/25 2:15,0.254,W
10/26/25 2:30,0.238,W
10/26/25 2:45,0.27,W
10/26/25 3:00,0.283,W
10/26/25 3:15,0.315,W
10/26/25 3:30,0.304,W
10/26/25 3:45,0.28,W
10/26/25 4:00,0.273,W
10/26/25 4:15,0.276,W
10/26/25 4:30,0.275,W
10/26/25 4:45,0.267,W
10/26/25 5:00,0.248,W
10/26/25 5:15,0.169,W
10/26/25 5:30,0.189,W
10/26/25 5:45,0.182,W
10/26/25 6:00,0.138,W
10/26/25 6:15,0.113,W
10/26/25 6:30,0.142,W
10/26/25 6:45,0.15,W
10/26/25 7:00,0.164,W
10/26/25 7:15,0.133,W
10/26/25 7:30,0.21,W
10/26/25 7:45,0.379,W
10/26/25 8:00,0.324,W
10/26/25 8:15,0.321,W
10/26/25 8:30,0.294,W
10/26/25 8:45,0.601,W
10/26/25 9:00,1.004,W
10/26/25 9:15,0.734,W
10/26/25 9:30,0.423,W
10/26/25 9:45,0.273,W
10/26/25 10:00,0.37,W
10/26/25 10:15,0.312,W
10/26/25 10:30,0.282,W
10/26/25 10:45,0.359,W
10/26/25 11:00,0.503,W
10/26/25 11:15,0.596,W
10/26/25 11:30,0.875,W
10/26/25 11:45,0.732,W
10/26/25 12:00,1,W
10/26/25 12:15,0.42,W
10/26/25 12:30,0.437,W
10/26/25 12:45,0.762,W
10/26/25 13:00,0.273,W
10/26/25 13:15,0.313,W
10/26/25 13:30,0.255,W
10/26/25 13:45,0.256,W
10/26/25 14:00,0.274,W
10/26/25 14:15,0.414,W
10/26/25 14:30,0.315,W
10/26/25 14:45,0.254,W
10/26/25 15:00,0.284,W
10/26/25 15:15,0.271,W
10/26/25 15:30,0.249,W
10/26/25 15:45,0.237,W
10/26/25 16:00,0.243,W
10/26/25 16:15,0.287,W
10/26/25 16:30,0.276,W
10/26/25 16:45,0.412,W
10/26/25 17:00,0.272,W
10/26/25 17:15,0.347,W
10/26/25 17:30,0.424,W
10/26/25 17:45,0.516,W
10/26/25 18:00,0.575,W
10/26/25 18:15,0.476,W
10/26/25 18:30,0.565,W
10/26/25 18:45,0.565,W
10/26/25 19:00,0.547,W
10/26/25 19:15,0.384,W
10/26/25 19:30,0.325,W
10/26/25 19:45,0.347,W
10/26/25 20:00,0.399,W
10/26/25 20:15,0.349,W
10/26/25 20:30,0.328,W
10/26/25 20:45,0.361,W
10/26/25 21:00,0.414,W
10/26/25 21:15,0.355,W
10/26/25 21:30,0.348,W
10/26/25 21:45,0.352,W
10/26/25 22:00,0.319,W
10/26/25 22:15,0.357,W
10/26/25 22:30,0.349,W
10/26/25 22:45,0.344,W
10/26/25 23:00,0.346,W
10/26/25 23:15,0.227,W
10/26/25 23:30,0.211,W
10/26/25 23:45,0.188,W
10/27/25 0:00,0.207,W
10/27/25 0:15,0.212,W
10/27/25 0:30,0.198,W
10/27/25 0:45,0.225,W
10/27/25 1:00,0.184,W
10/27/25 1:15,0.093,W
10/27/25 1:30,0.161,W
10/27/25 1:45,0.269,W
10/27/25 2:00,0.254,W
10/27/25 2:15,0.241,W
10/27/25 2:30,0.243,W
10/27/25 2:45,0.245,W
10/27/25 3:00,0.251,W
10/27/25 3:15,0.27,W
10/27/25 3:30,0.274,W
10/27/25 3:45,0.251,W
10/27/25 4:00,0.277,W
10/27/25 4:15,0.306,W
10/27/25 4:30,0.269,W
10/27/25 4:45,0.273,W
10/27/25 5:00,0.225,W
10/27/25 5:15,0.132,W
10/27/25 5:30,0.144,W
10/27/25 5:45,0.151,W
10/27/25 6:00,0.132,W
10/27/25 6:15,0.125,W
10/27/25 6:30,0.144,W
10/27/25 6:45,0.156,W
10/27/25 7:00,0.141,W
10/27/25 7:15,0.153,W
10/27/25 7:30,0.33,W
10/27/25 7:45,0.293,W
10/27/25 8:00,0.262,W
10/27/25 8:15,0.269,W
10/27/25 8:30,0.29,W
10/27/25 8:45,0.333,W
10/27/25 9:00,0.296,W
10/27/25 9:15,0.29,W
10/27/25 9:30,0.343,W
10/27/25 9:45,0.27,W
10/27/25 10:00,0.269,W
10/27/25 10:15,0.328,W
10/27/25 10:30,0.529,W
10/27/25 10:45,0.533,W
10/27/25 11:00,0.491,W
10/27/25 11:15,0.355,W
10/27/25 11:30,0.521,W
10/27/25 11:45,0.766,W
10/27/25 12:00,0.776,W
10/27/25 12:15,0.851,W
10/27/25 12:30,0.671,W
10/27/25 12:45,0.298,W
10/27/25 13:00,0.665,W
10/27/25 13:15,0.592,W
10/27/25 13:30,0.628,W
10/27/25 13:45,0.29,W
10/27/25 14:00,0.3,W
10/27/25 14:15,0.268,W
10/27/25 14:30,0.283,W
10/27/25 14:45,0.309,W
10/27/25 15:00,0.26,W
10/27/25 15:15,0.236,W
10/27/25 15:30,0.325,W
10/27/25 15:45,0.233,W
10/27/25 16:00,0.244,W
10/27/25 16:15,0.238,W
10/27/25 16:30,0.227,W
10/27/25 16:45,0.207,W
10/27/25 17:00,0.218,W
10/27/25 17:15,0.225,W
10/27/25 17:30,0.341,W
10/27/25 17:45,0.441,W
10/27/25 18:00,0.297,W
10/27/25 18:15,0.257,W
10/27/25 18:30,0.252,W
10/27/25 18:45,0.263,W
10/27/25 19:00,0.288,W
10/27/25 19:15,0.38,W
10/27/25 19:30,0.399,W
10/27/25 19:45,0.411,W
10/27/25 20:00,0.386,W
10/27/25 20:15,0.37,W
10/27/25 20:30,0.249,W
10/27/25 20:45,0.258,W
10/27/25 21:00,0.261,W
10/27/25 21:15,0.218,W
10/27/25 21:30,0.231,W
10/27/25 21:45,0.224,W
10/27/25 22:00,0.222,W
10/27/25 22:15,0.252,W
10/27/25 22:30,0.339,W
10/27/25 22:45,0.381,W
10/27/25 23:00,0.338,W
10/27/25 23:15,0.357,W
10/27/25 23:30,0.398,W
10/27/25 23:45,0.375,W
10/28/25 0:00,0.371,W
10/28/25 0:15,0.377,W
10/28/25 0:30,0.339,W
10/28/25 0:45,0.314,W
10/28/25 1:00,0.284,W
10/28/25 1:15,0.259,W
10/28/25 1:30,0.304,W
10/28/25 1:45,0.167,W
10/28/25 2:00,0.142,W
10/28/25 2:15,0.147,W
10/28/25 2:30,0.168,W
10/28/25 2:45,0.117,W
10/28/25 3:00,0.133,W
10/28/25 3:15,0.19,W
10/28/25 3:30,0.197,W
10/28/25 3:45,0.17,W
10/28/25 4:00,0.266,W
10/28/25 4:15,0.34,W
10/28/25 4:30,0.308,W
10/28/25 4:45,0.264,W
10/28/25 5:00,0.268,W
10/28/25 5:15,0.296,W
10/28/25 5:30,0.29,W
10/28/25 5:45,0.316,W
10/28/25 6:00,0.272,W
10/28/25 6:15,0.257,W
10/28/25 6:30,0.288,W
10/28/25 6:45,0.291,W
10/28/25 7:00,0.323,W
10/28/25 7:15,0.209,W
10/28/25 7:30,0.217,W
10/28/25 7:45,0.168,W
10/28/25 8:00,0.179,W
10/28/25 8:15,0.163,W
10/28/25 8:30,0.196,W
10/28/25 8:45,0.195,W
10/28/25 9:00,0.314,W
10/28/25 9:15,0.325,W
10/28/25 9:30,0.287,W
10/28/25 9:45,0.278,W
10/28/25 10:00,0.288,W
10/28/25 10:15,0.312,W
10/28/25 10:30,0.308,W
10/28/25 10:45,0.29,W
10/28/25 11:00,0.302,W
10/28/25 11:15,0.302,W
10/28/25 11:30,0.329,W
10/28/25 11:45,0.336,W
10/28/25 12:00,0.31,W
10/28/25 12:15,0.43,W
10/28/25 12:30,0.377,W
10/28/25 12:45,0.332,W
10/28/25 13:00,0.655,W
10/28/25 13:15,0.599,W
10/28/25 13:30,0.582,W
10/28/25 13:45,0.33,W
10/28/25 14:00,0.259,W
10/28/25 14:15,0.26,W
10/28/25 14:30,0.233,W
10/28/25 14:45,0.238,W
10/28/25 15:00,0.239,W
10/28/25 15:15,0.245,W
10/28/25 15:30,0.239,W
10/28/25 15:45,0.231,W
10/28/25 16:00,0.244,W
10/28/25 16:15,0.349,W
10/28/25 16:30,0.275,W
10/28/25 16:45,0.242,W
10/28/25 17:00,0.221,W
10/28/25 17:15,0.242,W
10/28/25 17:30,0.25,W
10/28/25 17:45,0.254,W
10/28/25 18:00,0.317,W
10/28/25 18:15,0.28,W
10/28/25 18:30,0.345,W
10/28/25 18:45,0.373,W
10/28/25 19:00,0.355,W
10/28/25 19:15,0.294,W
10/28/25 19:30,0.207,W
10/28/25 19:45,0.243,W
10/28/25 20:00,0.261,W
10/28/25 20:15,0.239,W
10/28/25 20:30,0.229,W
10/28/25 20:45,0.21,W
10/28/25 21:00,0.221,W
10/28/25 21:15,0.224,W
10/28/25 21:30,0.228,W
10/28/25 21:45,0.262,W
10/28/25 22:00,0.324,W
10/28/25 22:15,0.359,W
10/28/25 22:30,0.37,W
10/28/25 22:45,0.358,W
10/28/25 23:00,0.325,W
10/28/25 23:15,0.331,W
10/28/25 23:30,0.341,W
10/28/25 23:45,0.339,W
10/29/25 0:00,0.284,W
10/29/25 0:15,0.245,W
10/29/25 0:30,0.221,W
10/29/25 0:45,0.25,W
10/29/25 1:00,0.184,W
10/29/25 1:15,0.139,W
10/29/25 1:30,0.175,W
10/29/25 1:45,0.119,W
10/29/25 2:00,0.126,W
10/29/25 2:15,0.133,W
10/29/25 2:30,0.121,W
10/29/25 2:45,0.105,W
10/29/25 3:00,0.113,W
10/29/25 3:15,0.166,W
10/29/25 3:30,0.239,W
10/29/25 3:45,0.242,W
10/29/25 4:00,0.245,W
10/29/25 4:15,0.232,W
10/29/25 4:30,0.248,W
10/29/25 4:45,0.267,W
10/29/25 5:00,0.265,W
10/29/25 5:15,0.303,W
10/29/25 5:30,0.257,W
10/29/25 5:45,0.258,W
10/29/25 6:00,0.258,W
10/29/25 6:15,0.207,W
10/29/25 6:30,0.086,W
10/29/25 6:45,0.089,W
10/29/25 7:00,0.162,W
10/29/25 7:15,0.17,W
10/29/25 7:30,0.132,W
10/29/25 7:45,0.269,W
10/29/25 8:00,0.179,W
10/29/25 8:15,0.242,W
10/29/25 8:30,0.324,W
10/29/25 8:45,0.283,W
10/29/25 9:00,0.274,W
10/29/25 9:15,0.287,W
10/29/25 9:30,0.334,W
10/29/25 9:45,0.3,W
10/29/25 10:00,0.562,W
10/29/25 10:15,0.364,W
10/29/25 10:30,0.834,W
10/29/25 10:45,0.817,W
10/29/25 11:00,0.545,W
10/29/25 11:15,0.243,W
10/29/25 11:30,0.247,W
10/29/25 11:45,0.286,W
10/29/25 12:00,0.295,W
10/29/25 12:15,0.291,W
10/29/25 12:30,0.457,W
10/29/25 12:45,0.443,W
10/29/25 13:00,0.266,W
10/29/25 13:15,0.259,W
10/29/25 13:30,0.248,W
10/29/25 13:45,0.241,W
10/29/25 14:00,0.242,W
10/29/25 14:15,0.278,W
10/29/25 14:30,0.456,W
10/29/25 14:45,0.727,W
10/29/25 15:00,0.409,W
10/29/25 15:15,0.45,W
10/29/25 15:30,0.471,W
10/29/25 15:45,0.448,W
10/29/25 16:00,0.43,W
10/29/25 16:15,0.402,W
10/29/25 16:30,0.289,W
10/29/25 16:45,0.283,W
10/29/25 17:00,0.323,W
10/29/25 17:15,0.305,W
10/29/25 17:30,0.253,W
10/29/25 17:45,0.3,W
10/29/25 18:00,0.398,W
10/29/25 18:15,0.451,W
10/29/25 18:30,0.391,W
10/29/25 18:45,0.388,W
10/29/25 19:00,0.398,W
10/29/25 19:15,0.408,W
10/29/25 19:30,0.392,W
10/29/25 19:45,0.398,W
10/29/25 20:00,0.314,W
10/29/25 20:15,0.257,W
10/29/25 20:30,0.259,W
10/29/25 20:45,0.294,W
10/29/25 21:00,0.247,W
10/29/25 21:15,0.23,W
10/29/25 21:30,0.283,W
10/29/25 21:45,0.296,W
10/29/25 22:00,0.339,W
10/29/25 22:15,0.377,W
10/29/25 22:30,0.375,W
10/29/25 22:45,0.372,W
10/29/25 23:00,0.359,W
10/29/25 23:15,0.373,W
10/29/25 23:30,0.352,W
10/29/25 23:45,0.294,W
10/30/25 0:00,0.283,W
10/30/25 0:15,0.254,W
10/30/25 0:30,0.26,W
10/30/25 0:45,0.283,W
10/30/25 1:00,0.27,W
10/30/25 1:15,0.186,W
10/30/25 1:30,0.157,W
10/30/25 1:45,0.134,W
10/30/25 2:00,0.119,W
10/30/25 2:15,0.116,W
10/30/25 2:30,0.13,W
10/30/25 2:45,0.138,W
10/30/25 3:00,0.133,W
10/30/25 3:15,0.128,W
10/30/25 3:30,0.25,W
10/30/25 3:45,0.288,W
10/30/25 4:00,0.331,W
10/30/25 4:15,0.302,W
10/30/25 4:30,0.247,W
10/30/25 4:45,0.249,W
10/30/25 5:00,0.283,W
10/30/25 5:15,0.288,W
10/30/25 5:30,0.254,W
10/30/25 5:45,0.257,W
10/30/25 6:00,0.27,W
10/30/25 6:15,0.179,W
10/30/25 6:30,0.124,W
10/30/25 6:45,0.156,W
10/30/25 7:00,0.126,W
10/30/25 7:15,0.114,W
10/30/25 7:30,0.146,W
10/30/25 7:45,0.22,W
10/30/25 8:00,0.16,W
10/30/25 8:15,0.134,W
10/30/25 8:30,0.407,W
10/30/25 8:45,0.58,W
10/30/25 9:00,0.466,W
10/30/25 9:15,0.602,W
10/30/25 9:30,0.244,W
10/30/25 9:45,0.606,W
10/30/25 10:00,0.251,W
10/30/25 10:15,0.333,W
10/30/25 10:30,0.402,W
10/30/25 10:45,0.528,W
10/30/25 11:00,0.647,W
10/30/25 11:15,0.428,W
10/30/25 11:30,0.384,W
10/30/25 11:45,0.519,W
10/30/25 12:00,0.746,W
10/30/25 12:15,0.317,W
10/30/25 12:30,0.248,W
10/30/25 12:45,0.241,W
10/30/25 13:00,0.242,W
10/30/25 13:15,0.226,W
10/30/25 13:30,0.251,W
10/30/25 13:45,0.275,W
10/30/25 14:00,0.285,W
10/30/25 14:15,0.225,W
10/30/25 14:30,0.243,W
10/30/25 14:45,0.266,W
10/30/25 15:00,0.268,W
10/30/25 15:15,0.332,W
10/30/25 15:30,0.429,W
10/30/25 15:45,0.512,W
10/30/25 16:00,0.415,W
10/30/25 16:15,0.336,W
10/30/25 16:30,0.314,W
10/30/25 16:45,0.177,W
10/30/25 17:00,0.173,W
10/30/25 17:15,0.155,W
10/30/25 17:30,0.14,W
10/30/25 17:45,0.346,W
10/30/25 18:00,0.135,W
10/30/25 18:15,0.154,W
10/30/25 18:30,0.242,W
10/30/25 18:45,0.252,W
10/30/25 19:00,0.241,W
10/30/25 19:15,0.423,W
10/30/25 19:30,0.389,W
10/30/25 19:45,0.358,W
10/30/25 20:00,0.368,W
10/30/25 20:15,0.33,W
10/30/25 20:30,0.319,W
10/30/25 20:45,0.346,W
10/30/25 21:00,0.349,W
10/30/25 21:15,0.347,W
10/30/25 21:30,0.354,W
10/30/25 21:45,0.346,W
10/30/25 22:00,0.304,W
10/30/25 22:15,0.244,W
10/30/25 22:30,0.245,W
10/30/25 22:45,0.229,W
10/30/25 23:00,0.211,W
10/30/25 23:15,0.235,W
10/30/25 23:30,0.216,W
10/30/25 23:45,0.208,W
10/31/25 0:00,0.204,W
10/31/25 0:15,0.179,W
10/31/25 0:30,0.185,W
10/31/25 0:45,0.264,W
10/31/25 1:00,0.251,W
10/31/25 1:15,0.212,W
10/31/25 1:30,0.233,W
10/31/25 1:45,0.25,W
10/31/25 2:00,0.23,W
10/31/25 2:15,0.208,W
10/31/25 2:30,0.219,W
10/31/25 2:45,0.275,W
10/31/25 3:00,0.294,W
10/31/25 3:15,0.264,W
10/31/25 3:30,0.242,W
10/31/25 3:45,0.123,W
10/31/25 4:00,0.16,W
10/31/25 4:15,0.143,W
10/31/25 4:30,0.125,W
10/31/25 4:45,0.157,W
10/31/25 5:00,0.157,W
10/31/25 5:15,0.175,W
10/31/25 5:30,0.162,W
10/31/25 5:45,0.146,W
10/31/25 6:00,0.179,W
10/31/25 6:15,0.252,W
10/31/25 6:30,0.28,W
10/31/25 6:45,0.297,W
10/31/25 7:00,0.274,W
10/31/25 7:15,0.291,W
10/31/25 7:30,0.278,W
10/31/25 7:45,0.335,W
10/31/25 8:00,0.268,W
10/31/25 8:15,0.332,W
10/31/25 8:30,0.393,W
10/31/25 8:45,0.364,W
10/31/25 9:00,0.358,W
10/31/25 9:15,0.811,W
10/31/25 9:30,0.642,W
10/31/25 9:45,0.44,W
10/31/25 10:00,1.303,W
10/31/25 10:15,0.51,W
10/31/25 10:30,0.358,W
10/31/25 10:45,0.302,W
10/31/25 11:00,0.295,W
10/31/25 11:15,0.312,W
10/31/25 11:30,0.346,W
10/31/25 11:45,0.468,W
10/31/25 12:00,1.029,W
10/31/25 12:15,0.85,W
10/31/25 12:30,0.579,W
10/31/25 12:45,0.718,W
10/31/25 13:00,0.806,W
10/31/25 13:15,0.936,W
10/31/25 13:30,0.807,W
10/31/25 13:45,1.001,W
10/31/25 14:00,0.58,W
10/31/25 14:15,0.963,W
10/31/25 14:30,1.017,W
10/31/25 14:45,0.496,W
10/31/25 15:00,0.576,W
10/31/25 15:15,0.452,W
10/31/25 15:30,0.269,W
10/31/25 15:45,0.295,W
10/31/25 16:00,0.313,W
10/31/25 16:15,0.337,W
10/31/25 16:30,0.508,W
10/31/25 16:45,0.338,W
10/31/25 17:00,0.291,W
10/31/25 17:15,0.609,W
10/31/25 17:30,0.665,W
10/31/25 17:45,1.603,W
10/31/25 18:00,0.906,W
10/31/25 18:15,0.394,W
10/31/25 18:30,0.39,W
10/31/25 18:45,0.393,W
10/31/25 19:00,0.414,W
10/31/25 19:15,0.368,W
10/31/25 19:30,0.453,W
10/31/25 19:45,0.546,W
10/31/25 20:00,0.553,W
10/31/25 20:15,0.556,W
10/31/25 20:30,0.538,W
10/31/25 20:45,0.575,W
10/31/25 21:00,0.477,W
10/31/25 21:15,0.36,W
10/31/25 21:30,0.327,W
10/31/25 21:45,0.327,W
10/31/25 22:00,0.361,W
10/31/25 22:15,0.393,W
10/31/25 22:30,0.381,W
10/31/25 22:45,0.337,W
10/31/25 23:00,0.33,W
10/31/25 23:15,0.322,W
10/31/25 23:30,0.319,W
10/31/25 23:45,0.323,W
11/1/25 0:00,0.299,W
11/1/25 0:15,0.311,W
11/1/25 0:30,0.36,W
11/1/25 0:45,0.328,W
11/1/25 1:00,0.325,W
11/1/25 1:15,0.203,W
11/1/25 1:30,0.163,W
11/1/25 1:45,0.191,W
11/1/25 2:00,0.218,W
11/1/25 2:15,0.221,W
11/1/25 2:30,0.164,W
11/1/25 2:45,0.212,W
11/1/25 3:00,0.206,W
11/1/25 3:15,0.196,W
11/1/25 3:30,0.224,W
11/1/25 3:45,0.35,W
11/1/25 4:00,0.355,W
11/1/25 4:15,0.357,W
11/1/25 4:30,0.371,W
11/1/25 4:45,0.387,W
11/1/25 5:00,0.362,W
11/1/25 5:15,0.353,W
11/1/25 5:30,0.335,W
11/1/25 5:45,0.356,W
11/1/25 6:00,0.294,W
11/1/25 6:15,0.248,W
11/1/25 6:30,0.214,W
11/1/25 6:45,0.17,W
11/1/25 7:00,0.154,W
11/1/25 7:15,0.13,W
11/1/25 7:30,0.154,W
11/1/25 7:45,0.356,W
11/1/25 8:00,0.178,W
11/1/25 8:15,0.141,W
11/1/25 8:30,0.118,W
11/1/25 8:45,0.135,W
11/1/25 9:00,0.189,W
11/1/25 9:15,0.277,W
11/1/25 9:30,0.275,W
11/1/25 9:45,0.282,W
11/1/25 10:00,0.299,W
11/1/25 10:15,0.308,W
11/1/25 10:30,0.3,W
11/1/25 10:45,0.281,W
11/1/25 11:00,0.288,W
11/1/25 11:15,0.327,W
11/1/25 11:30,0.351,W
11/1/25 11:45,0.891,W
11/1/25 12:00,0.817,W
11/1/25 12:15,0.717,W
11/1/25 12:30,0.446,W
11/1/25 12:45,0.45,W
11/1/25 13:00,0.828,W
11/1/25 13:15,0.723,W
11/1/25 13:30,0.766,W
11/1/25 13:45,0.444,W
11/1/25 14:00,0.401,W
11/1/25 14:15,0.43,W
11/1/25 14:30,0.417,W
11/1/25 14:45,0.426,W
11/1/25 15:00,0.445,W
11/1/25 15:15,0.422,W
11/1/25 15:30,0.319,W
11/1/25 15:45,0.267,W
11/1/25 16:00,0.277,W
11/1/25 16:15,0.265,W
11/1/25 16:30,0.271,W
11/1/25 16:45,0.28,W
11/1/25 17:00,0.312,W
11/1/25 17:15,0.307,W
11/1/25 17:30,0.327,W
11/1/25 17:45,0.426,W
11/1/25 18:00,0.373,W
11/1/25 18:15,0.37,W
11/1/25 18:30,0.4,W
11/1/25 18:45,0.392,W
11/1/25 19:00,0.377,W
11/1/25 19:15,0.393,W
11/1/25 19:30,0.411,W
11/1/25 19:45,0.267,W
11/1/25 20:00,0.247,W
11/1/25 20:15,0.248,W
11/1/25 20:30,0.231,W
11/1/25 20:45,0.282,W
11/1/25 21:00,0.357,W
11/1/25 21:15,0.255,W
11/1/25 21:30,0.229,W
11/1/25 21:45,0.281,W
11/1/25 22:00,0.247,W
11/1/25 22:15,0.256,W
11/1/25 22:30,0.366,W
11/1/25 22:45,0.379,W
11/1/25 23:00,0.265,W
11/1/25 23:15,0.265,W
11/1/25 23:30,0.231,W
11/1/25 23:45,0.211,W
11/2/25 0:00,0.235,W
11/2/25 0:15,0.243,W
11/2/25 0:30,0.236,W
11/2/25 0:45,0.222,W
11/2/25 1:00,0.242,W
11/2/25 1:15,0.293,W
11/2/25 1:30,0.275,W
11/2/25 1:45,0.175,W
11/2/25 2:00,0.084,W
11/2/25 2:15,0.114,W
11/2/25 2:30,0.129,W
11/2/25 2:45,0.107,W
11/2/25 3:00,0.08,W
11/2/25 3:15,0.09,W
11/2/25 3:30,0.141,W
11/2/25 3:45,0.112,W
11/2/25 4:00,0.195,W
11/2/25 4:15,0.278,W
11/2/25 4:30,0.297,W
11/2/25 4:45,0.285,W
11/2/25 5:00,0.245,W
11/2/25 5:15,0.273,W
11/2/25 5:30,0.248,W
11/2/25 5:45,0.256,W
11/2/25 6:00,0.283,W
11/2/25 6:15,0.24,W
11/2/25 6:30,0.225,W
11/2/25 6:45,0.271,W
11/2/25 7:00,0.292,W
11/2/25 7:15,0.303,W
11/2/25 7:30,0.26,W
11/2/25 7:45,0.317,W
11/2/25 8:00,0.384,W
11/2/25 8:15,0.25,W
11/2/25 8:30,0.257,W
11/2/25 8:45,0.641,W
11/2/25 9:00,0.316,W
11/2/25 9:15,0.303,W
11/2/25 9:30,0.235,W
11/2/25 9:45,0.165,W
11/2/25 10:00,0.159,W
11/2/25 10:15,0.161,W
11/2/25 10:30,0.288,W
11/2/25 10:45,0.417,W
11/2/25 11:00,0.61,W
11/2/25 11:15,1.064,W
11/2/25 11:30,0.763,W
11/2/25 11:45,0.322,W
11/2/25 12:00,0.293,W
11/2/25 12:15,0.311,W
11/2/25 12:30,0.302,W
11/2/25 12:45,0.268,W
11/2/25 13:00,0.233,W
11/2/25 13:15,0.261,W
11/2/25 13:30,0.278,W
11/2/25 13:45,0.292,W
11/2/25 14:00,0.214,W
11/2/25 14:15,0.209,W
11/2/25 14:30,0.237,W
11/2/25 14:45,0.24,W
11/2/25 15:00,0.246,W
11/2/25 15:15,0.258,W
11/2/25 15:30,0.261,W
11/2/25 15:45,0.246,W
11/2/25 16:00,0.242,W
11/2/25 16:15,0.251,W
11/2/25 16:30,0.269,W
11/2/25 16:45,0.72,W
11/2/25 17:00,0.797,W
11/2/25 17:15,0.463,W
11/2/25 17:30,0.445,W
11/2/25 17:45,0.488,W
11/2/25 18:00,0.66,W
11/2/25 18:15,0.582,W
11/2/25 18:30,0.557,W
11/2/25 18:45,0.404,W
11/2/25 19:00,0.466,W
11/2/25 19:15,0.379,W
11/2/25 19:30,0.248,W
11/2/25 19:45,0.236,W
11/2/25 20:00,0.253,W
11/2/25 20:15,0.272,W
11/2/25 20:30,0.273,W
11/2/25 20:45,0.263,W
11/2/25 21:00,0.272,W
11/2/25 21:15,0.265,W
11/2/25 21:30,0.341,W
11/2/25 21:45,0.345,W
11/2/25 22:00,0.338,W
11/2/25 22:15,0.395,W
11/2/25 22:30,0.41,W
11/2/25 22:45,0.378,W
11/2/25 23:00,0.339,W
11/2/25 23:15,0.344,W
11/2/25 23:30,0.356,W
11/2/25 23:45,0.37,W
11/3/25 0:00,0.385,W
11/3/25 0:15,0.346,W
11/3/25 0:30,0.3,W
11/3/25 0:45,0.265,W
11/3/25 1:00,0.113,W
11/3/25 1:15,0.082,W
11/3/25 1:30,0.082,W
11/3/25 1:45,0.121,W
11/3/25 2:00,0.123,W
11/3/25 2:15,0.098,W
11/3/25 2:30,0.107,W
11/3/25 2:45,0.117,W
11/3/25 3:00,0.1,W
11/3/25 3:15,0.209,W
11/3/25 3:30,0.234,W
11/3/25 3:45,0.239,W
11/3/25 4:00,0.207,W
11/3/25 4:15,0.231,W
11/3/25 4:30,0.225,W
11/3/25 4:45,0.248,W
11/3/25 5:00,0.225,W
11/3/25 5:15,0.26,W
11/3/25 5:30,0.277,W
11/3/25 5:45,0.234,W
11/3/25 6:00,0.166,W
11/3/25 6:15,0.099,W
11/3/25 6:30,0.141,W
11/3/25 6:45,0.098,W
11/3/25 7:00,0.101,W
11/3/25 7:15,0.162,W
11/3/25 7:30,0.306,W
11/3/25 7:45,0.18,W
11/3/25 8:00,0.271,W
11/3/25 8:15,0.289,W
11/3/25 8:30,0.51,W
11/3/25 8:45,0.646,W
11/3/25 9:00,0.631,W
11/3/25 9:15,0.502,W
11/3/25 9:30,0.289,W
11/3/25 9:45,0.289,W
11/3/25 10:00,0.272,W
11/3/25 10:15,0.555,W
11/3/25 10:30,0.523,W
11/3/25 10:45,0.386,W
11/3/25 11:00,0.344,W
11/3/25 11:15,0.244,W
11/3/25 11:30,0.234,W
11/3/25 11:45,0.252,W
11/3/25 12:00,0.268,W
11/3/25 12:15,0.251,W
11/3/25 12:30,0.236,W
11/3/25 12:45,0.247,W
11/3/25 13:00,0.239,W
11/3/25 13:15,0.26,W
11/3/25 13:30,0.244,W
11/3/25 13:45,0.239,W
11/3/25 14:00,0.242,W
11/3/25 14:15,0.251,W
11/3/25 14:30,0.252,W
11/3/25 14:45,0.251,W
11/3/25 15:00,0.226,W
11/3/25 15:15,0.24,W
11/3/25 15:30,0.272,W
11/3/25 15:45,0.252,W
11/3/25 16:00,0.233,W
11/3/25 16:15,0.276,W
11/3/25 16:30,0.286,W
11/3/25 16:45,0.259,W
11/3/25 17:00,0.242,W
11/3/25 17:15,0.157,W
11/3/25 17:30,0.144,W
11/3/25 17:45,0.152,W
11/3/25 18:00,0.196,W
11/3/25 18:15,0.14,W
11/3/25 18:30,0.233,W
11/3/25 18:45,0.176,W
11/3/25 19:00,0.212,W
11/3/25 19:15,0.207,W
11/3/25 19:30,0.25,W
11/3/25 19:45,0.381,W
11/3/25 20:00,0.364,W
11/3/25 20:15,0.348,W
11/3/25 20:30,0.363,W
11/3/25 20:45,0.361,W
11/3/25 21:00,0.359,W
11/3/25 21:15,0.492,W
11/3/25 21:30,0.614,W
11/3/25 21:45,0.626,W
11/3/25 22:00,0.683,W
11/3/25 22:15,0.467,W
11/3/25 22:30,0.379,W
11/3/25 22:45,0.352,W
11/3/25 23:00,0.336,W
11/3/25 23:15,0.35,W
11/3/25 23:30,0.365,W
11/3/25 23:45,0.306,W
11/4/25 0:00,0.31,W
11/4/25 0:15,0.341,W
11/4/25 0:30,0.317,W
11/4/25 0:45,0.178,W
11/4/25 1:00,0.159,W
11/4/25 1:15,0.116,W
11/4/25 1:30,0.112,W
11/4/25 1:45,0.134,W
11/4/25 2:00,0.108,W
11/4/25 2:15,0.095,W
11/4/25 2:30,0.121,W
11/4/25 2:45,0.119,W
11/4/25 3:00,0.222,W
11/4/25 3:15,0.238,W
11/4/25 3:30,0.209,W
11/4/25 3:45,0.253,W
11/4/25 4:00,0.257,W
11/4/25 4:15,0.236,W
11/4/25 4:30,0.247,W
11/4/25 4:45,0.273,W
11/4/25 5:00,0.272,W
11/4/25 5:15,0.262,W
11/4/25 5:30,0.247,W
11/4/25 5:45,0.229,W
11/4/25 6:00,0.104,W
11/4/25 6:15,0.111,W
11/4/25 6:30,0.129,W
11/4/25 6:45,0.17,W
11/4/25 7:00,0.186,W
11/4/25 7:15,0.192,W
11/4/25 7:30,0.196,W
11/4/25 7:45,0.149,W
11/4/25 8:00,0.206,W
11/4/25 8:15,0.223,W
11/4/25 8:30,0.256,W
11/4/25 8:45,0.25,W
11/4/25 9:00,0.33,W
11/4/25 9:15,0.271,W
11/4/25 9:30,0.461,W
11/4/25 9:45,0.588,W
11/4/25 10:00,0.617,W
11/4/25 10:15,0.579,W
11/4/25 10:30,0.305,W
11/4/25 10:45,0.325,W
11/4/25 11:00,0.274,W
11/4/25 11:15,0.237,W
11/4/25 11:30,0.361,W
11/4/25 11:45,0.565,W
11/4/25 12:00,0.681,W
11/4/25 12:15,0.368,W
11/4/25 12:30,0.278,W
11/4/25 12:45,0.277,W
11/4/25 13:00,0.284,W
11/4/25 13:15,0.246,W
11/4/25 13:30,0.424,W
11/4/25 13:45,0.494,W
11/4/25 14:00,0.8,W
11/4/25 14:15,0.619,W
11/4/25 14:30,0.37,W
11/4/25 14:45,0.367,W
11/4/25 15:00,0.303,W
11/4/25 15:15,0.25,W
11/4/25 15:30,0.11,W
11/4/25 15:45,0.131,W
11/4/25 16:00,0.249,W
11/4/25 16:15,0.129,W
11/4/25 16:30,0.197,W
11/4/25 16:45,0.145,W
11/4/25 17:00,0.14,W
11/4/25 17:15,0.751,W
11/4/25 17:30,0.891,W
11/4/25 17:45,0.453,W
11/4/25 18:00,0.347,W
11/4/25 18:15,0.378,W
11/4/25 18:30,0.473,W
11/4/25 18:45,1.203,W
11/4/25 19:00,0.423,W
11/4/25 19:15,0.719,W
11/4/25 19:30,0.768,W
11/4/25 19:45,0.395,W
11/4/25 20:00,0.399,W
11/4/25 20:15,0.437,W
11/4/25 20:30,0.411,W
11/4/25 20:45,0.366,W
11/4/25 21:00,0.416,W
11/4/25 21:15,0.391,W
11/4/25 21:30,0.357,W
11/4/25 21:45,0.35,W
11/4/25 22:00,0.433,W
11/4/25 22:15,0.749,W
11/4/25 22:30,0.671,W
11/4/25 22:45,0.322,W
11/4/25 23:00,0.321,W
11/4/25 23:15,0.339,W
11/4/25 23:30,0.254,W
11/4/25 23:45,0.237,W
11/5/25 0:00,0.239,W
11/5/25 0:15,0.256,W
11/5/25 0:30,0.279,W
11/5/25 0:45,0.271,W
11/5/25 1:00,0.25,W
11/5/25 1:15,0.237,W
11/5/25 1:30,0.275,W
11/5/25 1:45,0.252,W
11/5/25 2:00,0.214,W
11/5/25 2:15,0.236,W
11/5/25 2:30,0.24,W
11/5/25 2:45,0.182,W
11/5/25 3:00,0.203,W
11/5/25 3:15,0.247,W
11/5/25 3:30,0.243,W
11/5/25 3:45,0.244,W
11/5/25 4:00,0.236,W
11/5/25 4:15,0.23,W
11/5/25 4:30,0.218,W
11/5/25 4:45,0.285,W
11/5/25 5:00,0.26,W
11/5/25 5:15,0.258,W
11/5/25 5:30,0.237,W
11/5/25 5:45,0.264,W
11/5/25 6:00,0.268,W
11/5/25 6:15,0.258,W
11/5/25 6:30,0.25,W
11/5/25 6:45,0.243,W
11/5/25 7:00,0.286,W
11/5/25 7:15,0.284,W
11/5/25 7:30,0.254,W
11/5/25 7:45,0.303,W
11/5/25 8:00,0.359,W
11/5/25 8:15,0.298,W
11/5/25 8:30,0.292,W
11/5/25 8:45,0.277,W
11/5/25 9:00,0.279,W
11/5/25 9:15,0.284,W
11/5/25 9:30,0.263,W
11/5/25 9:45,0.235,W
11/5/25 10:00,0.255,W
11/5/25 10:15,0.3,W
11/5/25 10:30,0.268,W
11/5/25 10:45,0.276,W
11/5/25 11:00,0.227,W
11/5/25 11:15,0.239,W
11/5/25 11:30,0.302,W
11/5/25 11:45,0.421,W
11/5/25 12:00,0.525,W
11/5/25 12:15,0.748,W
11/5/25 12:30,0.677,W
11/5/25 12:45,0.588,W
11/5/25 13:00,0.461,W
11/5/25 13:15,0.642,W
11/5/25 13:30,0.277,W
11/5/25 13:45,0.276,W
11/5/25 14:00,0.296,W
11/5/25 14:15,0.259,W
11/5/25 14:30,0.257,W
11/5/25 14:45,0.313,W
11/5/25 15:00,0.277,W
11/5/25 15:15,0.248,W
11/5/25 15:30,0.257,W
11/5/25 15:45,0.345,W
11/5/25 16:00,0.452,W
11/5/25 16:15,0.352,W
11/5/25 16:30,0.188,W
11/5/25 16:45,0.148,W
11/5/25 17:00,0.178,W
11/5/25 17:15,0.172,W
11/5/25 17:30,0.169,W
11/5/25 17:45,0.461,W
11/5/25 18:00,0.212,W
11/5/25 18:15,0.257,W
11/5/25 18:30,0.393,W
11/5/25 18:45,0.345,W
11/5/25 19:00,0.365,W
11/5/25 19:15,0.402,W
11/5/25 19:30,0.421,W
11/5/25 19:45,0.39,W
11/5/25 20:00,0.39,W
11/5/25 20:15,0.411,W
11/5/25 20:30,0.395,W
11/5/25 20:45,0.363,W
11/5/25 21:00,0.37,W
11/5/25 21:15,0.387,W
11/5/25 21:30,0.405,W
11/5/25 21:45,0.385,W
11/5/25 22:00,0.39,W
11/5/25 22:15,0.496,W
11/5/25 22:30,0.524,W
11/5/25 22:45,0.384,W
11/5/25 23:00,0.376,W
11/5/25 23:15,0.414,W
11/5/25 23:30,0.409,W
11/5/25 23:45,0.341,W
11/6/25 0:00,0.338,W
11/6/25 0:15,0.289,W
11/6/25 0:30,0.166,W
11/6/25 0:45,0.158,W
11/6/25 1:00,0.166,W
11/6/25 1:15,0.153,W
11/6/25 1:30,0.14,W
11/6/25 1:45,0.15,W
11/6/25 2:00,0.152,W
11/6/25 2:15,0.161,W
11/6/25 2:30,0.197,W
11/6/25 2:45,0.263,W
11/6/25 3:00,0.28,W
11/6/25 3:15,0.275,W
11/6/25 3:30,0.206,E
11/6/25 3:45,0.224,E
11/6/25 4:00,0.237,E
11/6/25 4:15,0.234,E
11/6/25 4:30,0.232,E
11/6/25 4:45,0.232,E
11/6/25 5:00,0.229,E
11/6/25 5:15,0.241,E
11/6/25 5:30,0.226,E
11/6/25 5:45,0.247,E
11/6/25 6:00,0.252,E
11/6/25 6:15,0.226,E
11/6/25 6:30,0.216,E
11/6/25 6:45,0.221,E
11/6/25 7:00,0.328,E
11/6/25 7:15,0.191,E
11/6/25 7:30,0.3,E
11/6/25 7:45,0.307,E
11/6/25 8:00,0.262,E
11/6/25 8:15,0.302,E
11/6/25 8:30,0.256,E
11/6/25 8:45,0.296,E
11/6/25 9:00,0.272,E
11/6/25 9:15,0.33,E
11/6/25 9:30,0.324,E
11/6/25 9:45,0.367,E
11/6/25 10:00,0.238,E
11/6/25 10:15,0.261,E
11/6/25 10:30,0.352,E
11/6/25 10:45,0.331,E
11/6/25 11:00,0.397,E
11/6/25 11:15,0.462,E
11/6/25 11:30,0.546,E
11/6/25 11:45,0.503,E
11/6/25 12:00,0.404,E
11/6/25 12:15,0.364,E
11/6/25 12:30,0.348,E
11/6/25 12:45,0.369,E
11/6/25 13:00,0.337,E
11/6/25 13:15,0.285,E
11/6/25 13:30,0.283,E
11/6/25 13:45,0.324,E
11/6/25 14:00,0.351,E
11/6/25 14:15,0.288,E
11/6/25 14:30,0.327,E
11/6/25 14:45,0.321,E
11/6/25 15:00,0.348,E
11/6/25 15:15,0.408,E
11/6/25 15:30,0.437,E
11/6/25 15:45,0.443,E
11/6/25 16:00,0.457,E
11/6/25 16:15,0.333,E
11/6/25 16:30,0.33,E
11/6/25 16:45,0.266,E
11/6/25 17:00,0.202,E
11/6/25 17:15,0.147,E
11/6/25 17:30,0.258,E
11/6/25 17:45,0.431,E
11/6/25 18:00,0.323,E
11/6/25 18:15,0.315,E
11/6/25 18:30,0.537,E
11/6/25 18:45,0.702,E
11/6/25 19:00,0.53,E
11/6/25 19:15,0.617,E
11/6/25 19:30,0.477,E
11/6/25 19:45,0.529,E
11/6/25 20:00,0.548,E
11/6/25 20:15,0.431,E
11/6/25 20:30,0.43,E
11/6/25 20:45,0.436,E
11/6/25 21:00,0.441,E
11/6/25 21:15,0.426,E
11/6/25 21:30,0.439,E
11/6/25 21:45,0.459,E
11/6/25 22:00,0.458,E
11/6/25 22:15,0.459,E
11/6/25 22:30,0.449,E
11/6/25 22:45,0.428,E
11/6/25 23:00,0.416,E
11/6/25 23:15,0.266,E
11/6/25 23:30,0.228,E
11/6/25 23:45,0.209,E
11/7/25 0:00,0.213,E
11/7/25 0:15,0.208,E
11/7/25 0:30,0.205,E
11/7/25 0:45,0.232,E
11/7/25 1:00,0.208,E
11/7/25 1:15,0.198,E
11/7/25 1:30,0.21,E
11/7/25 1:45,0.215,E
11/7/25 2:00,0.201,E
11/7/25 2:15,0.197,E
11/7/25 2:30,0.2,E
11/7/25 2:45,0.214,E
11/7/25 3:00,0.215,E
11/7/25 3:15,0.218,E
11/7/25 3:30,0.207,E
11/7/25 3:45,0.22,E
11/7/25 4:00,0.244,E
11/7/25 4:15,0.216,E
11/7/25 4:30,0.197,E
11/7/25 4:45,0.18,E
11/7/25 5:00,0.179,E
11/7/25 5:15,0.183,E
11/7/25 5:30,0.178,E
11/7/25 5:45,0.201,E
11/7/25 6:00,0.204,E
11/7/25 6:15,0.218,E
11/7/25 6:30,0.223,E
11/7/25 6:45,0.188,E
11/7/25 7:00,0.182,E
11/7/25 7:15,0.224,E
11/7/25 7:30,0.216,E
11/7/25 7:45,0.267,E
11/7/25 8:00,0.247,E
11/7/25 8:15,0.241,E
11/7/25 8:30,0.403,E
11/7/25 8:45,0.161,W
11/7/25 9:00,0.122,W
11/7/25 9:15,0.22,W
11/7/25 9:30,0.274,W
11/7/25 9:45,0.263,W
11/7/25 10:00,0.284,W
11/7/25 10:15,0.272,W
11/7/25 10:30,0.267,W
11/7/25 10:45,0.29,W
11/7/25 11:00,0.337,W
11/7/25 11:15,0.255,W
11/7/25 11:30,0.883,W
11/7/25 11:45,0.464,W
11/7/25 12:00,0.313,W
11/7/25 12:15,0.315,W
11/7/25 12:30,0.303,W
11/7/25 12:45,0.263,W
11/7/25 13:00,0.272,W
11/7/25 13:15,0.321,W
11/7/25 13:30,0.318,W
11/7/25 13:45,0.317,W
11/7/25 14:00,0.303,W
11/7/25 14:15,0.311,W
11/7/25 14:30,0.29,W
11/7/25 14:45,0.317,W
11/7/25 15:00,0.389,W
11/7/25 15:15,0.398,W
11/7/25 15:30,0.404,W
11/7/25 15:45,0.386,W
11/7/25 16:00,0.287,W
11/7/25 16:15,0.323,W
11/7/25 16:30,0.242,W
11/7/25 16:45,0.249,W
11/7/25 17:00,0.257,W
11/7/25 17:15,0.24,W
11/7/25 17:30,0.224,W
11/7/25 17:45,0.292,W
11/7/25 18:00,0.341,W
11/7/25 18:15,0.607,W
11/7/25 18:30,0.437,W
11/7/25 18:45,0.344,W
11/7/25 19:00,0.393,W
11/7/25 19:15,0.716,W
11/7/25 19:30,0.682,W
11/7/25 19:45,0.73,W
11/7/25 20:00,0.37,W
11/7/25 20:15,0.373,W
11/7/25 20:30,0.402,W
11/7/25 20:45,0.371,W
11/7/25 21:00,0.352,W
11/7/25 21:15,0.342,W
11/7/25 21:30,0.336,W
11/7/25 21:45,0.37,W
11/7/25 22:00,0.36,W
11/7/25 22:15,0.387,W
11/7/25 22:30,0.358,W
11/7/25 22:45,0.329,W
11/7/25 23:00,0.357,W
11/7/25 23:15,0.357,W
11/7/25 23:30,0.365,W
11/7/25 23:45,0.334,W
11/8/25 0:00,0.399,W
11/8/25 0:15,0.42,W
11/8/25 0:30,0.363,W
11/8/25 0:45,0.355,W
11/8/25 1:00,0.356,W
11/8/25 1:15,0.361,W
11/8/25 1:30,0.282,W
11/8/25 1:45,0.232,W
11/8/25 2:00,0.231,W
11/8/25 2:15,0.273,W
11/8/25 2:30,0.25,W
11/8/25 2:45,0.241,W
11/8/25 3:00,0.255,W
11/8/25 3:15,0.151,W
11/8/25 3:30,0.113,W
11/8/25 3:45,0.13,W
11/8/25 4:00,0.131,W
11/8/25 4:15,0.115,W
11/8/25 4:30,0.119,W
11/8/25 4:45,0.112,W
11/8/25 5:00,0.113,W
11/8/25 5:15,0.124,W
11/8/25 5:30,0.151,W
11/8/25 5:45,0.258,W
11/8/25 6:00,0.266,W
11/8/25 6:15,0.243,W
11/8/25 6:30,0.248,W
11/8/25 6:45,0.269,W
11/8/25 7:00,0.276,W
11/8/25 7:15,0.263,W
11/8/25 7:30,0.245,W
11/8/25 7:45,0.27,W
11/8/25 8:00,0.325,W
11/8/25 8:15,0.418,W
11/8/25 8:30,0.272,W
11/8/25 8:45,0.239,W
11/8/25 9:00,0.274,W
11/8/25 9:15,0.368,W
11/8/25 9:30,0.276,W
11/8/25 9:45,0.23,W
11/8/25 10:00,0.229,W
11/8/25 10:15,0.182,W
11/8/25 10:30,0.315,W
11/8/25 10:45,0.527,W
11/8/25 11:00,0.19,W
11/8/25 11:15,0.166,W
11/8/25 11:30,0.205,W
11/8/25 11:45,0.261,W
11/8/25 12:00,0.318,W
11/8/25 12:15,0.389,W
11/8/25 12:30,1.093,W
11/8/25 12:45,0.818,W
11/8/25 13:00,0.313,W
11/8/25 13:15,0.333,W
11/8/25 13:30,0.336,W
11/8/25 13:45,0.281,W
11/8/25 14:00,0.296,W
11/8/25 14:15,0.315,W
11/8/25 14:30,0.298,W
11/8/25 14:45,0.526,W
11/8/25 15:00,0.317,W
11/8/25 15:15,0.355,W
11/8/25 15:30,0.357,W
11/8/25 15:45,0.326,W
11/8/25 16:00,0.307,W
11/8/25 16:15,0.408,W
11/8/25 16:30,1.054,W
11/8/25 16:45,0.328,W
11/8/25 17:00,0.592,W
11/8/25 17:15,0.692,W
11/8/25 17:30,0.388,W
11/8/25 17:45,0.396,W
11/8/25 18:00,0.389,W
11/8/25 18:15,0.368,W
11/8/25 18:30,0.388,W
11/8/25 18:45,0.383,W
11/8/25 19:00,0.41,W
11/8/25 19:15,0.279,W
11/8/25 19:30,0.276,W
11/8/25 19:45,0.272,W
11/8/25 20:00,0.301,W
11/8/25 20:15,0.311,W
11/8/25 20:30,0.224,W
11/8/25 20:45,0.257,W
11/8/25 21:00,0.321,W
11/8/25 21:15,0.257,W
11/8/25 21:30,0.252,W
11/8/25 21:45,0.415,W
11/8/25 22:00,0.394,W
11/8/25 22:15,0.397,W
11/8/25 22:30,0.381,W
11/8/25 22:45,0.382,W
11/8/25 23:00,0.442,W
11/8/25 23:15,0.431,W
11/8/25 23:30,0.372,W
11/8/25 23:45,0.377,W
11/9/25 0:00,0.37,W
11/9/25 0:15,0.385,W
11/9/25 0:30,0.396,W
11/9/25 0:45,0.347,W
11/9/25 1:00,0.266,W
11/9/25 1:15,0.164,W
11/9/25 1:30,0.13,W
11/9/25 1:45,0.123,W
11/9/25 2:00,0.139,W
11/9/25 2:15,0.126,W
11/9/25 2:30,0.131,W
11/9/25 2:45,0.148,W
11/9/25 3:00,0.132,W
11/9/25 3:15,0.26,W
11/9/25 3:30,0.29,W
11/9/25 3:45,0.236,W
11/9/25 4:00,0.231,W
11/9/25 4:15,0.255,W
11/9/25 4:30,0.237,W
11/9/25 4:45,0.272,W
11/9/25 5:00,0.259,W
11/9/25 5:15,0.224,W
11/9/25 5:30,0.263,W
11/9/25 5:45,0.275,W
11/9/25 6:00,0.221,W
11/9/25 6:15,0.13,W
11/9/25 6:30,0.13,W
11/9/25 6:45,0.158,W
11/9/25 7:00,0.123,W
11/9/25 7:15,0.096,W
11/9/25 7:30,0.112,W
11/9/25 7:45,0.132,W
11/9/25 8:00,0.162,W
11/9/25 8:15,0.139,W
11/9/25 8:30,0.186,W
11/9/25 8:45,0.243,W
11/9/25 9:00,0.322,W
11/9/25 9:15,0.325,W
11/9/25 9:30,0.638,W
11/9/25 9:45,0.624,W
11/9/25 10:00,0.656,W
11/9/25 10:15,0.519,W
11/9/25 10:30,0.618,W
11/9/25 10:45,0.624,W
11/9/25 11:00,0.939,W
11/9/25 11:15,0.659,W
11/9/25 11:30,0.312,W
11/9/25 11:45,0.303,W
11/9/25 12:00,0.322,W
11/9/25 12:15,0.635,W
11/9/25 12:30,0.716,W
11/9/25 12:45,1.023,W
11/9/25 13:00,0.516,W
11/9/25 13:15,0.51,W
11/9/25 13:30,0.482,W
11/9/25 13:45,0.5,W
11/9/25 14:00,0.45,W
11/9/25 14:15,0.49,W
11/9/25 14:30,0.343,W
11/9/25 14:45,0.347,W
11/9/25 15:00,0.412,W
11/9/25 15:15,0.343,W
11/9/25 15:30,0.269,W
11/9/25 15:45,0.284,W
11/9/25 16:00,0.233,W
11/9/25 16:15,0.273,W
11/9/25 16:30,0.258,W
11/9/25 16:45,0.255,W
11/9/25 17:00,0.237,W
11/9/25 17:15,0.25,W
11/9/25 17:30,0.297,W
11/9/25 17:45,0.339,W
11/9/25 18:00,0.378,W
11/9/25 18:15,0.363,W
11/9/25 18:30,0.284,W
11/9/25 18:45,0.336,W
11/9/25 19:00,0.394,W
11/9/25 19:15,0.407,W
11/9/25 19:30,0.499,W
11/9/25 19:45,0.376,W
11/9/25 20:00,0.472,W
11/9/25 20:15,0.507,W
11/9/25 20:30,0.248,W
11/9/25 20:45,0.269,W
11/9/25 21:00,0.34,W
11/9/25 21:15,0.741,W
11/9/25 21:30,0.343,W
11/9/25 21:45,0.408,W
11/9/25 22:00,0.439,W
11/9/25 22:15,0.411,W
11/9/25 22:30,0.392,W
11/9/25 22:45,0.386,W
11/9/25 23:00,0.415,W
11/9/25 23:15,0.418,W
11/9/25 23:30,0.388,W
11/9/25 23:45,0.394,W
11/10/25 0:00,0.366,W
11/10/25 0:15,0.384,W
11/10/25 0:30,0.385,W
11/10/25 0:45,0.35,W
11/10/25 1:00,0.243,W
11/10/25 1:15,0.262,W
11/10/25 1:30,0.252,W
11/10/25 1:45,0.111,W
11/10/25 2:00,0.104,W
11/10/25 2:15,0.107,W
11/10/25 2:30,0.122,W
11/10/25 2:45,0.123,W
11/10/25 3:00,0.106,W
11/10/25 3:15,0.095,W
11/10/25 3:30,0.127,W
11/10/25 3:45,0.161,W
11/10/25 4:00,0.224,W
11/10/25 4:15,0.218,W
11/10/25 4:30,0.223,W
11/10/25 4:45,0.234,W
11/10/25 5:00,0.257,W
11/10/25 5:15,0.249,W
11/10/25 5:30,0.236,W
11/10/25 5:45,0.258,W
11/10/25 6:00,0.262,W
11/10/25 6:15,0.238,W
11/10/25 6:30,0.225,W
11/10/25 6:45,0.183,W
11/10/25 7:00,0.131,W
11/10/25 7:15,0.131,W
11/10/25 7:30,0.115,W
11/10/25 7:45,0.117,W
11/10/25 8:00,0.128,W
11/10/25 8:15,0.119,W
11/10/25 8:30,0.113,W
11/10/25 8:45,0.328,W
11/10/25 9:00,0.22,W
11/10/25 9:15,0.176,W
11/10/25 9:30,0.139,W
11/10/25 9:45,0.28,W
11/10/25 10:00,0.301,W
11/10/25 10:15,0.267,W
11/10/25 10:30,0.278,W
11/10/25 10:45,0.287,W
11/10/25 11:00,0.289,W
11/10/25 11:15,0.31,W
11/10/25 11:30,0.282,W
11/10/25 11:45,0.268,W
11/10/25 12:00,0.517,W
11/10/25 12:15,0.315,W
11/10/25 12:30,0.528,W
11/10/25 12:45,0.422,W
11/10/25 13:00,0.486,W
11/10/25 13:15,0.44,W
11/10/25 13:30,0.468,W
11/10/25 13:45,0.43,W
11/10/25 14:00,0.289,W
11/10/25 14:15,0.422,W
11/10/25 14:30,0.527,W
11/10/25 14:45,0.359,W
11/10/25 15:00,0.378,W
11/10/25 15:15,0.371,W
11/10/25 15:30,0.279,W
11/10/25 15:45,0.273,W
11/10/25 16:00,0.244,W
11/10/25 16:15,0.265,W
11/10/25 16:30,0.306,W
11/10/25 16:45,0.304,W
11/10/25 17:00,0.27,W
11/10/25 17:15,0.274,W
11/10/25 17:30,0.337,W
11/10/25 17:45,0.643,W
11/10/25 18:00,0.335,W
11/10/25 18:15,0.348,W
11/10/25 18:30,0.402,W
11/10/25 18:45,0.339,W
11/10/25 19:00,0.398,W
11/10/25 19:15,0.4,W
11/10/25 19:30,0.35,W
11/10/25 19:45,0.318,W
11/10/25 20:00,0.259,W
11/10/25 20:15,0.235,W
11/10/25 20:30,0.266,W
11/10/25 20:45,0.29,W
11/10/25 21:00,0.275,W
11/10/25 21:15,0.264,W
11/10/25 21:30,0.284,W
11/10/25 21:45,0.291,W
11/10/25 22:00,0.366,W
11/10/25 22:15,0.419,W
11/10/25 22:30,0.404,W
11/10/25 22:45,0.376,W
11/10/25 23:00,0.408,W
11/10/25 23:15,0.413,W
11/10/25 23:30,0.37,W
11/10/25 23:45,0.371,W
11/11/25 0:00,0.373,W
11/11/25 0:15,0.339,W
11/11/25 0:30,0.279,W
11/11/25 0:45,0.268,W
11/11/25 1:00,0.259,W
11/11/25 1:15,0.185,W
11/11/25 1:30,0.153,W
11/11/25 1:45,0.115,W
11/11/25 2:00,0.126,W
11/11/25 2:15,0.183,W
11/11/25 2:30,0.136,W
11/11/25 2:45,0.112,W
11/11/25 3:00,0.126,W
11/11/25 3:15,0.126,W
11/11/25 3:30,0.217,W
11/11/25 3:45,0.255,W
11/11/25 4:00,0.234,W
11/11/25 4:15,0.255,W
11/11/25 4:30,0.264,W
11/11/25 4:45,0.241,W
11/11/25 5:00,0.248,W
11/11/25 5:15,0.252,W
11/11/25 5:30,0.249,W
11/11/25 5:45,0.271,W
11/11/25 6:00,0.282,W
11/11/25 6:15,0.255,W
11/11/25 6:30,0.124,W
11/11/25 6:45,0.13,W
11/11/25 7:00,0.115,W
11/11/25 7:15,0.103,W
11/11/25 7:30,0.112,W
11/11/25 7:45,0.121,W
11/11/25 8:00,0.185,W
11/11/25 8:15,0.194,W
11/11/25 8:30,0.179,W
11/11/25 8:45,0.164,W
11/11/25 9:00,0.198,W
11/11/25 9:15,0.214,W
11/11/25 9:30,0.258,W
11/11/25 9:45,0.287,W
11/11/25 10:00,0.325,W
11/11/25 10:15,0.279,W
11/11/25 10:30,0.27,W
11/11/25 10:45,0.53,W
11/11/25 11:00,0.719,W
11/11/25 11:15,0.298,W
11/11/25 11:30,0.291,W
11/11/25 11:45,0.303,W
11/11/25 12:00,0.34,W
11/11/25 12:15,0.353,W
11/11/25 12:30,0.419,W
11/11/25 12:45,0.441,W
11/11/25 13:00,0.49,W
11/11/25 13:15,0.483,W
11/11/25 13:30,0.685,W
11/11/25 13:45,0.454,W
11/11/25 14:00,0.412,W
11/11/25 14:15,0.298,W
11/11/25 14:30,0.593,W
11/11/25 14:45,0.415,W
11/11/25 15:00,0.349,W
11/11/25 15:15,0.31,W
11/11/25 15:30,0.308,W
11/11/25 15:45,0.255,W
11/11/25 16:00,0.249,W
11/11/25 16:15,0.242,W
11/11/25 16:30,0.268,W
11/11/25 16:45,0.285,W
11/11/25 17:00,0.259,W
11/11/25 17:15,0.727,W
11/11/25 17:30,0.621,W
11/11/25 17:45,0.267,W
11/11/25 18:00,0.333,W
11/11/25 18:15,0.43,W
11/11/25 18:30,0.869,W
11/11/25 18:45,0.774,W
11/11/25 19:00,0.708,W
11/11/25 19:15,0.55,W
11/11/25 19:30,0.37,W
11/11/25 19:45,0.364,W
11/11/25 20:00,0.367,W
11/11/25 20:15,0.336,W
11/11/25 20:30,0.379,W
11/11/25 20:45,0.487,W
11/11/25 21:00,0.468,W
11/11/25 21:15,0.381,W
11/11/25 21:30,0.392,W
11/11/25 21:45,0.519,W
11/11/25 22:00,0.385,W
11/11/25 22:15,0.364,W
11/11/25 22:30,0.376,W
11/11/25 22:45,0.409,W
11/11/25 23:00,0.435,W
11/11/25 23:15,0.42,W
11/11/25 23:30,0.367,W
11/11/25 23:45,0.374,W
11/12/25 0:00,0.402,W
11/12/25 0:15,0.383,W
11/12/25 0:30,0.296,W
11/12/25 0:45,0.297,W
11/12/25 1:00,0.289,W
11/12/25 1:15,0.273,W
11/12/25 1:30,0.256,W
11/12/25 1:45,0.255,W
11/12/25 2:00,0.268,W
11/12/25 2:15,0.294,W
11/12/25 2:30,0.277,W
11/12/25 2:45,0.245,W
11/12/25 3:00,0.251,W
11/12/25 3:15,0.28,W
11/12/25 3:30,0.281,W
11/12/25 3:45,0.311,W
11/12/25 4:00,0.29,W
11/12/25 4:15,0.332,W
11/12/25 4:30,0.263,W
11/12/25 4:45,0.248,W
11/12/25 5:00,0.26,W
11/12/25 5:15,0.259,W
11/12/25 5:30,0.264,W
11/12/25 5:45,0.255,W
11/12/25 6:00,0.259,W
11/12/25 6:15,0.271,W
11/12/25 6:30,0.295,W
11/12/25 6:45,0.267,W
11/12/25 7:00,0.288,W
11/12/25 7:15,0.273,W
11/12/25 7:30,0.292,W
11/12/25 7:45,0.28,W
11/12/25 8:00,0.243,W
11/12/25 8:15,0.257,W
11/12/25 8:30,0.326,W
11/12/25 8:45,0.304,W
11/12/25 9:00,0.276,W
11/12/25 9:15,0.692,W
11/12/25 9:30,0.627,W
11/12/25 9:45,0.301,W
11/12/25 10:00,0.68,W
11/12/25 10:15,0.116,W
11/12/25 10:30,0.115,W
11/12/25 10:45,0.128,W
11/12/25 11:00,0.14,W
11/12/25 11:15,0.115,W
11/12/25 11:30,0.138,W
11/12/25 11:45,0.182,W
11/12/25 12:00,0.287,W
11/12/25 12:15,0.251,W
11/12/25 12:30,0.334,W
11/12/25 12:45,0.298,W
11/12/25 13:00,0.333,W
11/12/25 13:15,0.317,W
11/12/25 13:30,0.281,W
11/12/25 13:45,0.275,W
11/12/25 14:00,0.276,W
11/12/25 14:15,0.269,W
11/12/25 14:30,0.24,W
11/12/25 14:45,0.245,W
11/12/25 15:00,0.267,W
11/12/25 15:15,0.229,W
11/12/25 15:30,0.248,W
11/12/25 15:45,0.267,W
11/12/25 16:00,0.275,W
11/12/25 16:15,0.38,W
11/12/25 16:30,0.384,W
11/12/25 16:45,0.274,W
11/12/25 17:00,0.213,W
11/12/25 17:15,0.26,W
11/12/25 17:30,0.232,W
11/12/25 17:45,0.238,W
11/12/25 18:00,0.236,W
11/12/25 18:15,0.252,W
11/12/25 18:30,0.642,W
11/12/25 18:45,0.318,W
11/12/25 19:00,0.344,W
11/12/25 19:15,0.327,W
11/12/25 19:30,0.404,W
11/12/25 19:45,0.398,W
11/12/25 20:00,0.375,W
11/12/25 20:15,0.403,W
11/12/25 20:30,0.413,W
11/12/25 20:45,0.383,W
11/12/25 21:00,0.388,W
11/12/25 21:15,0.393,W
11/12/25 21:30,0.418,W
11/12/25 21:45,0.367,W
11/12/25 22:00,0.37,W
11/12/25 22:15,0.364,W
11/12/25 22:30,0.379,W
11/12/25 22:45,0.368,W
11/12/25 23:00,0.342,W
11/12/25 23:15,0.339,W
11/12/25 23:30,0.362,W
11/12/25 23:45,0.399,W
11/13/25 0:00,0.382,W